window_mb	window_bp	error_start	error_center	abs_err_start	abs_err_center
2.0	2000000	-3.4000000000000004	-2.4000000000000004	3.4000000000000004	2.4000000000000004
1.0	1000000	-2.4000000000000004	-1.9000000000000004	2.4000000000000004	1.9000000000000004
0.5	500000	-1.9000000000000004	-1.6500000000000004	1.9000000000000004	1.6500000000000004
0.1	100000	1.379999999999999	1.4299999999999997	1.379999999999999	1.4299999999999997
0.01	10000	0.9760000000000009	0.9809999999999999	0.9760000000000009	0.9809999999999999
2.0	2000000	1.1000000000000014	2.1000000000000014	1.1000000000000014	2.1000000000000014
1.0	1000000	0.9499999999999993	1.4499999999999993	0.9499999999999993	1.4499999999999993
0.5	500000	0.07499999999999929	0.3249999999999993	0.07499999999999929	0.3249999999999993
0.1	100000	-0.9350000000000005	-0.8849999999999998	0.9350000000000005	0.8849999999999998
0.01	10000	0.08500000000000085	0.08999999999999986	0.08500000000000085	0.08999999999999986
2.0	2000000	1.3999999999999986	2.3999999999999986	1.3999999999999986	2.3999999999999986
1.0	1000000	1.3999999999999986	1.8999999999999986	1.3999999999999986	1.8999999999999986
0.5	500000	1.4250000000000007	1.6750000000000007	1.4250000000000007	1.6750000000000007
0.1	100000	0.7050000000000001	0.7550000000000008	0.7050000000000001	0.7550000000000008
0.01	10000	0.5060000000000002	0.5109999999999992	0.5060000000000002	0.5109999999999992
2.0	2000000	-3.4000000000000004	-2.4000000000000004	3.4000000000000004	2.4000000000000004
1.0	1000000	-2.4000000000000004	-1.9000000000000004	2.4000000000000004	1.9000000000000004
0.5	500000	-0.9749999999999996	-0.7249999999999996	0.9749999999999996	0.7249999999999996
0.1	100000	0.5150000000000006	0.5649999999999995	0.5150000000000006	0.5649999999999995
0.01	10000	0.5139999999999993	0.5190000000000001	0.5139999999999993	0.5190000000000001
2.0	2000000	1.3000000000000007	2.3000000000000007	1.3000000000000007	2.3000000000000007
1.0	1000000	1.3500000000000014	1.8500000000000014	1.3500000000000014	1.8500000000000014
0.5	500000	1.3500000000000014	1.6000000000000014	1.3500000000000014	1.6000000000000014
0.1	100000	-1.3699999999999992	-1.3200000000000003	1.3699999999999992	1.3200000000000003
0.01	10000	0.5800000000000001	0.5850000000000009	0.5800000000000001	0.5850000000000009
2.0	2000000	-1.0	0.0	1.0	0.0
1.0	1000000	0.0	0.5	0.0	0.5
0.5	500000	0.375	0.625	0.375	0.625
0.1	100000	0.8499999999999996	0.9000000000000004	0.8499999999999996	0.9000000000000004
0.01	10000	0.7219999999999995	0.7270000000000003	0.7219999999999995	0.7270000000000003
2.0	2000000	-3.4000000000000004	-2.4000000000000004	3.4000000000000004	2.4000000000000004
1.0	1000000	-2.4000000000000004	-1.9000000000000004	2.4000000000000004	1.9000000000000004
0.5	500000	-1.9000000000000004	-1.6500000000000004	1.9000000000000004	1.6500000000000004
0.1	100000	-0.8000000000000007	-0.75	0.8000000000000007	0.75
0.01	10000	0.6989999999999998	0.7040000000000006	0.6989999999999998	0.7040000000000006
2.0	2000000	-0.1999999999999993	0.8000000000000007	0.1999999999999993	0.8000000000000007
1.0	1000000	-0.1999999999999993	0.3000000000000007	0.1999999999999993	0.3000000000000007
0.5	500000	-0.22499999999999964	0.025000000000000355	0.22499999999999964	0.025000000000000355
0.1	100000	0.9949999999999992	1.0450000000000017	0.9949999999999992	1.0450000000000017
0.01	10000	-0.5350000000000001	-0.5299999999999994	0.5350000000000001	0.5299999999999994
2.0	2000000	-1.4000000000000004	-0.40000000000000036	1.4000000000000004	0.40000000000000036
1.0	1000000	-0.5	0.0	0.5	0.0
0.5	500000	-0.05000000000000071	0.1999999999999993	0.05000000000000071	0.1999999999999993
0.1	100000	-0.1999999999999993	-0.15000000000000036	0.1999999999999993	0.15000000000000036
0.01	10000	-0.2010000000000005	-0.19599999999999973	0.2010000000000005	0.19599999999999973
2.0	2000000	-2.9000000000000004	-1.9000000000000004	2.9000000000000004	1.9000000000000004
1.0	1000000	-1.9000000000000004	-1.4000000000000004	1.9000000000000004	1.4000000000000004
0.5	500000	-1.4250000000000007	-1.1750000000000007	1.4250000000000007	1.1750000000000007
0.1	100000	-1.1600000000000001	-1.1099999999999994	1.1600000000000001	1.1099999999999994
0.01	10000	0.7070000000000007	0.7119999999999997	0.7070000000000007	0.7119999999999997
2.0	2000000	1.3999999999999986	2.3999999999999986	1.3999999999999986	2.3999999999999986
1.0	1000000	1.3999999999999986	1.8999999999999986	1.3999999999999986	1.8999999999999986
0.5	500000	1.3999999999999986	1.6499999999999986	1.3999999999999986	1.6499999999999986
0.1	100000	0.22000000000000064	0.2699999999999996	0.22000000000000064	0.2699999999999996
0.01	10000	0.36100000000000065	0.36599999999999966	0.36100000000000065	0.36599999999999966
2.0	2000000	1.3999999999999986	2.3999999999999986	1.3999999999999986	2.3999999999999986
1.0	1000000	1.3999999999999986	1.8999999999999986	1.3999999999999986	1.8999999999999986
0.5	500000	1.375	1.625	1.375	1.625
0.1	100000	1.379999999999999	1.4299999999999997	1.379999999999999	1.4299999999999997
0.01	10000	-0.18200000000000038	-0.1769999999999996	0.18200000000000038	0.1769999999999996
2.0	2000000	-3.1999999999999993	-2.1999999999999993	3.1999999999999993	2.1999999999999993
1.0	1000000	-2.1999999999999993	-1.6999999999999993	2.1999999999999993	1.6999999999999993
0.5	500000	0.6500000000000004	0.9000000000000004	0.6500000000000004	0.9000000000000004
0.1	100000	0.9849999999999994	1.0350000000000001	0.9849999999999994	1.0350000000000001
0.01	10000	0.38700000000000045	0.39199999999999946	0.38700000000000045	0.39199999999999946
2.0	2000000	1.3999999999999986	2.3999999999999986	1.3999999999999986	2.3999999999999986
1.0	1000000	1.4499999999999993	1.9499999999999993	1.4499999999999993	1.9499999999999993
0.5	500000	1.4499999999999993	1.6999999999999993	1.4499999999999993	1.6999999999999993
0.1	100000	0.33000000000000007	0.3800000000000008	0.33000000000000007	0.3800000000000008
0.01	10000	0.36400000000000077	0.3689999999999998	0.36400000000000077	0.3689999999999998
2.0	2000000	1.3999999999999986	2.3999999999999986	1.3999999999999986	2.3999999999999986
1.0	1000000	1.3999999999999986	1.8999999999999986	1.3999999999999986	1.8999999999999986
0.5	500000	1.3999999999999986	1.6499999999999986	1.3999999999999986	1.6499999999999986
0.1	100000	0.0600000000000005	0.10999999999999943	0.0600000000000005	0.10999999999999943
0.01	10000	1.0420000000000016	1.0470000000000006	1.0420000000000016	1.0470000000000006
2.0	2000000	-3.3000000000000007	-2.3000000000000007	3.3000000000000007	2.3000000000000007
1.0	1000000	-2.3499999999999996	-1.8499999999999996	2.3499999999999996	1.8499999999999996
0.5	500000	-1.8499999999999996	-1.5999999999999996	1.8499999999999996	1.5999999999999996
0.1	100000	-1.3849999999999998	-1.3350000000000009	1.3849999999999998	1.3350000000000009
0.01	10000	-0.3279999999999994	-0.3230000000000004	0.3279999999999994	0.3230000000000004
2.0	2000000	-3.3000000000000007	-2.3000000000000007	3.3000000000000007	2.3000000000000007
1.0	1000000	-2.3000000000000007	-1.8000000000000007	2.3000000000000007	1.8000000000000007
0.5	500000	-0.5250000000000004	-0.27500000000000036	0.5250000000000004	0.27500000000000036
0.1	100000	-0.2400000000000002	-0.1899999999999995	0.2400000000000002	0.1899999999999995
0.01	10000	-1.1880000000000006	-1.1829999999999998	1.1880000000000006	1.1829999999999998
2.0	2000000	-3.3000000000000007	-2.3000000000000007	3.3000000000000007	2.3000000000000007
1.0	1000000	-2.3499999999999996	-1.8499999999999996	2.3499999999999996	1.8499999999999996
0.5	500000	1.4250000000000007	1.6750000000000007	1.4250000000000007	1.6750000000000007
0.1	100000	-1.2650000000000006	-1.2149999999999999	1.2650000000000006	1.2149999999999999
0.01	10000	1.4229999999999983	1.4280000000000008	1.4229999999999983	1.4280000000000008
2.0	2000000	1.1999999999999993	2.1999999999999993	1.1999999999999993	2.1999999999999993
1.0	1000000	1.1999999999999993	1.6999999999999993	1.1999999999999993	1.6999999999999993
0.5	500000	1.2250000000000014	1.4750000000000014	1.2250000000000014	1.4750000000000014
0.1	100000	1.2049999999999983	1.254999999999999	1.2049999999999983	1.254999999999999
0.01	10000	-0.5199999999999996	-0.5150000000000006	0.5199999999999996	0.5150000000000006
2.0	2000000	1.3000000000000007	2.3000000000000007	1.3000000000000007	2.3000000000000007
1.0	1000000	1.3000000000000007	1.8000000000000007	1.3000000000000007	1.8000000000000007
0.5	500000	1.3000000000000007	1.5500000000000007	1.3000000000000007	1.5500000000000007
0.1	100000	0.9949999999999992	1.0450000000000017	0.9949999999999992	1.0450000000000017
0.01	10000	1.0420000000000016	1.0470000000000006	1.0420000000000016	1.0470000000000006
2.0	2000000	1.3000000000000007	2.3000000000000007	1.3000000000000007	2.3000000000000007
1.0	1000000	1.3000000000000007	1.8000000000000007	1.3000000000000007	1.8000000000000007
0.5	500000	1.3000000000000007	1.5500000000000007	1.3000000000000007	1.5500000000000007
0.1	100000	-1.0	-0.9499999999999993	1.0	0.9499999999999993
0.01	10000	-1.3170000000000002	-1.3119999999999994	1.3170000000000002	1.3119999999999994
2.0	2000000	-3.3000000000000007	-2.3000000000000007	3.3000000000000007	2.3000000000000007
1.0	1000000	1.3999999999999986	1.8999999999999986	1.3999999999999986	1.8999999999999986
0.5	500000	1.4250000000000007	1.6750000000000007	1.4250000000000007	1.6750000000000007
0.1	100000	0.41000000000000014	0.46000000000000085	0.41000000000000014	0.46000000000000085
0.01	10000	-0.1739999999999995	-0.16900000000000048	0.1739999999999995	0.16900000000000048
2.0	2000000	-3.1999999999999993	-2.1999999999999993	3.1999999999999993	2.1999999999999993
1.0	1000000	-2.4499999999999993	-1.9499999999999993	2.4499999999999993	1.9499999999999993
0.5	500000	-1.9749999999999996	-1.7249999999999996	1.9749999999999996	1.7249999999999996
0.1	100000	-0.5050000000000008	-0.45500000000000007	0.5050000000000008	0.45500000000000007
0.01	10000	-0.19299999999999962	-0.1880000000000006	0.19299999999999962	0.1880000000000006
2.0	2000000	-3.4000000000000004	-2.4000000000000004	3.4000000000000004	2.4000000000000004
1.0	1000000	-2.4499999999999993	-1.9499999999999993	2.4499999999999993	1.9499999999999993
0.5	500000	-1.9499999999999993	-1.6999999999999993	1.9499999999999993	1.6999999999999993
0.1	100000	0.5649999999999995	0.6150000000000002	0.5649999999999995	0.6150000000000002
0.01	10000	0.6379999999999999	0.6430000000000007	0.6379999999999999	0.6430000000000007
2.0	2000000	1.1000000000000014	2.1000000000000014	1.1000000000000014	2.1000000000000014
1.0	1000000	1.1000000000000014	1.6000000000000014	1.1000000000000014	1.6000000000000014
0.5	500000	1.1000000000000014	1.3500000000000014	1.1000000000000014	1.3500000000000014
0.1	100000	0.7750000000000004	0.8249999999999993	0.7750000000000004	0.8249999999999993
0.01	10000	1.1039999999999992	1.1090000000000018	1.1039999999999992	1.1090000000000018
2.0	2000000	-3.4000000000000004	-2.4000000000000004	3.4000000000000004	2.4000000000000004
1.0	1000000	-2.4000000000000004	-1.9000000000000004	2.4000000000000004	1.9000000000000004
0.5	500000	-1.9000000000000004	-1.6500000000000004	1.9000000000000004	1.6500000000000004
0.1	100000	-1.4849999999999994	-1.4350000000000005	1.4849999999999994	1.4350000000000005
0.01	10000	-1.4280000000000008	-1.423	1.4280000000000008	1.423
2.0	2000000	1.3999999999999986	2.3999999999999986	1.3999999999999986	2.3999999999999986
1.0	1000000	1.3500000000000014	1.8500000000000014	1.3500000000000014	1.8500000000000014
0.5	500000	1.3249999999999993	1.5749999999999993	1.3249999999999993	1.5749999999999993
0.1	100000	-0.27500000000000036	-0.22499999999999964	0.27500000000000036	0.22499999999999964
0.01	10000	-1.1219999999999999	-1.1170000000000009	1.1219999999999999	1.1170000000000009
2.0	2000000	-3.4000000000000004	-2.4000000000000004	3.4000000000000004	2.4000000000000004
1.0	1000000	-2.3499999999999996	-1.8499999999999996	2.3499999999999996	1.8499999999999996
0.5	500000	-1.9749999999999996	-1.7249999999999996	1.9749999999999996	1.7249999999999996
0.1	100000	0.5500000000000007	0.5999999999999996	0.5500000000000007	0.5999999999999996
0.01	10000	-1.3740000000000006	-1.3689999999999998	1.3740000000000006	1.3689999999999998
2.0	2000000	1.1000000000000014	2.1000000000000014	1.1000000000000014	2.1000000000000014
1.0	1000000	1.1499999999999986	1.6499999999999986	1.1499999999999986	1.6499999999999986
0.5	500000	-0.6750000000000007	-0.4250000000000007	0.6750000000000007	0.4250000000000007
0.1	100000	-0.9800000000000004	-0.9299999999999997	0.9800000000000004	0.9299999999999997
0.01	10000	-1.0899999999999999	-1.0850000000000009	1.0899999999999999	1.0850000000000009
2.0	2000000	-3.4000000000000004	-2.4000000000000004	3.4000000000000004	2.4000000000000004
1.0	1000000	-2.4000000000000004	-1.9000000000000004	2.4000000000000004	1.9000000000000004
0.5	500000	-1.9000000000000004	-1.6500000000000004	1.9000000000000004	1.6500000000000004
0.1	100000	0.3650000000000002	0.41499999999999915	0.3650000000000002	0.41499999999999915
0.01	10000	-1.0649999999999995	-1.0600000000000005	1.0649999999999995	1.0600000000000005
2.0	2000000	1.3999999999999986	2.3999999999999986	1.3999999999999986	2.3999999999999986
1.0	1000000	1.3999999999999986	1.8999999999999986	1.3999999999999986	1.8999999999999986
0.5	500000	1.2749999999999986	1.5249999999999986	1.2749999999999986	1.5249999999999986
0.1	100000	-0.4250000000000007	-0.375	0.4250000000000007	0.375
0.01	10000	0.5540000000000003	0.5589999999999993	0.5540000000000003	0.5589999999999993
2.0	2000000	-1.0	0.0	1.0	0.0
1.0	1000000	-1.0500000000000007	-0.5500000000000007	1.0500000000000007	0.5500000000000007
0.5	500000	-1.0500000000000007	-0.8000000000000007	1.0500000000000007	0.8000000000000007
0.1	100000	-0.9149999999999991	-0.8650000000000002	0.9149999999999991	0.8650000000000002
0.01	10000	0.48900000000000077	0.4939999999999998	0.48900000000000077	0.4939999999999998
2.0	2000000	-3.1999999999999993	-2.1999999999999993	3.1999999999999993	2.1999999999999993
1.0	1000000	-2.1500000000000004	-1.6500000000000004	2.1500000000000004	1.6500000000000004
0.5	500000	-1.3499999999999996	-1.0999999999999996	1.3499999999999996	1.0999999999999996
0.1	100000	-1.25	-1.1999999999999993	1.25	1.1999999999999993
0.01	10000	-0.3260000000000005	-0.32099999999999973	0.3260000000000005	0.32099999999999973
2.0	2000000	-2.5	-1.5	2.5	1.5
1.0	1000000	-1.1999999999999993	-0.6999999999999993	1.1999999999999993	0.6999999999999993
0.5	500000	-1.2249999999999996	-0.9749999999999996	1.2249999999999996	0.9749999999999996
0.1	100000	-0.8800000000000008	-0.8300000000000001	0.8800000000000008	0.8300000000000001
0.01	10000	1.0820000000000007	1.0869999999999997	1.0820000000000007	1.0869999999999997
2.0	2000000	-3.4000000000000004	-2.4000000000000004	3.4000000000000004	2.4000000000000004
1.0	1000000	-2.4499999999999993	-1.9499999999999993	2.4499999999999993	1.9499999999999993
0.5	500000	-1.9749999999999996	-1.7249999999999996	1.9749999999999996	1.7249999999999996
0.1	100000	-1.5749999999999993	-1.5250000000000004	1.5749999999999993	1.5250000000000004
0.01	10000	-0.38700000000000045	-0.3819999999999997	0.38700000000000045	0.3819999999999997
2.0	2000000	-3.4000000000000004	-2.4000000000000004	3.4000000000000004	2.4000000000000004
1.0	1000000	-2.4499999999999993	-1.9499999999999993	2.4499999999999993	1.9499999999999993
0.5	500000	-1.9499999999999993	-1.6999999999999993	1.9499999999999993	1.6999999999999993
0.1	100000	0.46000000000000085	0.5099999999999998	0.46000000000000085	0.5099999999999998
0.01	10000	-0.6859999999999999	-0.6809999999999992	0.6859999999999999	0.6809999999999992
2.0	2000000	-3.4000000000000004	-2.4000000000000004	3.4000000000000004	2.4000000000000004
1.0	1000000	-2.4000000000000004	-1.9000000000000004	2.4000000000000004	1.9000000000000004
0.5	500000	-1.9250000000000007	-1.6750000000000007	1.9250000000000007	1.6750000000000007
0.1	100000	0.005000000000000782	0.054999999999999716	0.005000000000000782	0.054999999999999716
0.01	10000	0.09299999999999997	0.09800000000000075	0.09299999999999997	0.09800000000000075
2.0	2000000	-3.1999999999999993	-2.1999999999999993	3.1999999999999993	2.1999999999999993
1.0	1000000	-2.1999999999999993	-1.6999999999999993	2.1999999999999993	1.6999999999999993
0.5	500000	-1.7249999999999996	-1.4749999999999996	1.7249999999999996	1.4749999999999996
0.1	100000	0.6899999999999995	0.7400000000000002	0.6899999999999995	0.7400000000000002
0.01	10000	0.30400000000000027	0.3089999999999993	0.30400000000000027	0.3089999999999993
2.0	2000000	-3.4000000000000004	-2.4000000000000004	3.4000000000000004	2.4000000000000004
1.0	1000000	-2.4499999999999993	-1.9499999999999993	2.4499999999999993	1.9499999999999993
0.5	500000	-1.9499999999999993	-1.6999999999999993	1.9499999999999993	1.6999999999999993
0.1	100000	-1.1600000000000001	-1.1099999999999994	1.1600000000000001	1.1099999999999994
0.01	10000	0.20199999999999996	0.20700000000000074	0.20199999999999996	0.20700000000000074
2.0	2000000	-3.4000000000000004	-2.4000000000000004	3.4000000000000004	2.4000000000000004
1.0	1000000	-2.4499999999999993	-1.9499999999999993	2.4499999999999993	1.9499999999999993
0.5	500000	-1.9250000000000007	-1.6750000000000007	1.9250000000000007	1.6750000000000007
0.1	100000	0.41499999999999915	0.46499999999999986	0.41499999999999915	0.46499999999999986
0.01	10000	-0.9199999999999999	-0.9149999999999991	0.9199999999999999	0.9149999999999991
2.0	2000000	-3.4000000000000004	-2.4000000000000004	3.4000000000000004	2.4000000000000004
1.0	1000000	-2.3499999999999996	-1.8499999999999996	2.3499999999999996	1.8499999999999996
0.5	500000	-1.875	-1.625	1.875	1.625
0.1	100000	1.2650000000000006	1.3150000000000013	1.2650000000000006	1.3150000000000013
0.01	10000	0.7899999999999991	0.7949999999999999	0.7899999999999991	0.7949999999999999
2.0	2000000	-2.9000000000000004	-1.9000000000000004	2.9000000000000004	1.9000000000000004
1.0	1000000	-1.9000000000000004	-1.4000000000000004	1.9000000000000004	1.4000000000000004
0.5	500000	-1.4250000000000007	-1.1750000000000007	1.4250000000000007	1.1750000000000007
0.1	100000	-1.0250000000000004	-0.9749999999999996	1.0250000000000004	0.9749999999999996
0.01	10000	-0.9480000000000004	-0.9429999999999996	0.9480000000000004	0.9429999999999996
2.0	2000000	-3.3000000000000007	-2.3000000000000007	3.3000000000000007	2.3000000000000007
1.0	1000000	-2.3000000000000007	-1.8000000000000007	2.3000000000000007	1.8000000000000007
0.5	500000	0.6750000000000007	0.9250000000000007	0.6750000000000007	0.9250000000000007
0.1	100000	0.1899999999999995	0.2400000000000002	0.1899999999999995	0.2400000000000002
0.01	10000	-1.1010000000000009	-1.096	1.1010000000000009	1.096
2.0	2000000	-3.4000000000000004	-2.4000000000000004	3.4000000000000004	2.4000000000000004
1.0	1000000	-2.4499999999999993	-1.9499999999999993	2.4499999999999993	1.9499999999999993
0.5	500000	-1.9499999999999993	-1.6999999999999993	1.9499999999999993	1.6999999999999993
0.1	100000	0.6050000000000004	0.6549999999999994	0.6050000000000004	0.6549999999999994
0.01	10000	-0.08300000000000018	-0.0779999999999994	0.08300000000000018	0.0779999999999994
2.0	2000000	-3.1999999999999993	-2.1999999999999993	3.1999999999999993	2.1999999999999993
1.0	1000000	-2.25	-1.75	2.25	1.75
0.5	500000	-1.9250000000000007	-1.6750000000000007	1.9250000000000007	1.6750000000000007
0.1	100000	-1.5399999999999991	-1.4900000000000002	1.5399999999999991	1.4900000000000002
0.01	10000	-1.0310000000000006	-1.0259999999999998	1.0310000000000006	1.0259999999999998
2.0	2000000	0.9000000000000004	1.8999999999999986	0.9000000000000004	1.8999999999999986
1.0	1000000	1.4499999999999993	1.9499999999999993	1.4499999999999993	1.9499999999999993
0.5	500000	0.8499999999999996	1.1000000000000014	0.8499999999999996	1.1000000000000014
0.1	100000	-0.21499999999999986	-0.16499999999999915	0.21499999999999986	0.16499999999999915
0.01	10000	0.15300000000000047	0.15799999999999947	0.15300000000000047	0.15799999999999947
2.0	2000000	1.3999999999999986	2.3999999999999986	1.3999999999999986	2.3999999999999986
1.0	1000000	1.3999999999999986	1.8999999999999986	1.3999999999999986	1.8999999999999986
0.5	500000	1.3999999999999986	1.6499999999999986	1.3999999999999986	1.6499999999999986
0.1	100000	-0.7899999999999991	-0.7400000000000002	0.7899999999999991	0.7400000000000002
0.01	10000	1.3979999999999997	1.4029999999999987	1.3979999999999997	1.4029999999999987
2.0	2000000	-3.0	-2.0	3.0	2.0
1.0	1000000	0.1999999999999993	0.6999999999999993	0.1999999999999993	0.6999999999999993
0.5	500000	0.7249999999999996	0.9749999999999996	0.7249999999999996	0.9749999999999996
0.1	100000	0.9100000000000001	0.9600000000000009	0.9100000000000001	0.9600000000000009
0.01	10000	-0.5220000000000002	-0.5169999999999995	0.5220000000000002	0.5169999999999995
2.0	2000000	-3.4000000000000004	-2.4000000000000004	3.4000000000000004	2.4000000000000004
1.0	1000000	-2.3499999999999996	-1.8499999999999996	2.3499999999999996	1.8499999999999996
0.5	500000	-1.875	-1.625	1.875	1.625
0.1	100000	0.6099999999999994	0.6600000000000001	0.6099999999999994	0.6600000000000001
0.01	10000	-1.4000000000000004	-1.3949999999999996	1.4000000000000004	1.3949999999999996
2.0	2000000	-3.4000000000000004	-2.4000000000000004	3.4000000000000004	2.4000000000000004
1.0	1000000	-2.4000000000000004	-1.9000000000000004	2.4000000000000004	1.9000000000000004
0.5	500000	1.4750000000000014	1.7250000000000014	1.4750000000000014	1.7250000000000014
0.1	100000	1.2749999999999986	1.3249999999999993	1.2749999999999986	1.3249999999999993
0.01	10000	0.7970000000000006	0.8019999999999996	0.7970000000000006	0.8019999999999996
2.0	2000000	1.3999999999999986	2.3999999999999986	1.3999999999999986	2.3999999999999986
1.0	1000000	1.3999999999999986	1.8999999999999986	1.3999999999999986	1.8999999999999986
0.5	500000	1.3999999999999986	1.6499999999999986	1.3999999999999986	1.6499999999999986
0.1	100000	-1.0749999999999993	-1.0250000000000004	1.0749999999999993	1.0250000000000004
0.01	10000	-0.9890000000000008	-0.984	0.9890000000000008	0.984
2.0	2000000	1.3000000000000007	2.3000000000000007	1.3000000000000007	2.3000000000000007
1.0	1000000	1.4499999999999993	1.9499999999999993	1.4499999999999993	1.9499999999999993
0.5	500000	1.4499999999999993	1.6999999999999993	1.4499999999999993	1.6999999999999993
0.1	100000	1.4299999999999997	1.4800000000000004	1.4299999999999997	1.4800000000000004
0.01	10000	1.3760000000000012	1.3810000000000002	1.3760000000000012	1.3810000000000002
2.0	2000000	1.3999999999999986	2.3999999999999986	1.3999999999999986	2.3999999999999986
1.0	1000000	1.3999999999999986	1.8999999999999986	1.3999999999999986	1.8999999999999986
0.5	500000	1.3999999999999986	1.6499999999999986	1.3999999999999986	1.6499999999999986
0.1	100000	1.1000000000000014	1.1499999999999986	1.1000000000000014	1.1499999999999986
0.01	10000	-0.0129999999999999	-0.007999999999999119	0.0129999999999999	0.007999999999999119
2.0	2000000	1.3999999999999986	2.3999999999999986	1.3999999999999986	2.3999999999999986
1.0	1000000	1.4499999999999993	1.9499999999999993	1.4499999999999993	1.9499999999999993
0.5	500000	1.4750000000000014	1.7250000000000014	1.4750000000000014	1.7250000000000014
0.1	100000	-0.7349999999999994	-0.6850000000000005	0.7349999999999994	0.6850000000000005
0.01	10000	-0.04499999999999993	-0.03999999999999915	0.04499999999999993	0.03999999999999915
2.0	2000000	1.3999999999999986	2.3999999999999986	1.3999999999999986	2.3999999999999986
1.0	1000000	-2.25	-1.75	2.25	1.75
0.5	500000	-1.75	-1.5	1.75	1.5
0.1	100000	-1.4499999999999993	-1.4000000000000004	1.4499999999999993	1.4000000000000004
0.01	10000	-0.6600000000000001	-0.6549999999999994	0.6600000000000001	0.6549999999999994
2.0	2000000	-3.3000000000000007	-2.3000000000000007	3.3000000000000007	2.3000000000000007
1.0	1000000	-2.3000000000000007	-1.8000000000000007	2.3000000000000007	1.8000000000000007
0.5	500000	-1.8000000000000007	-1.5500000000000007	1.8000000000000007	1.5500000000000007
0.1	100000	-1.4100000000000001	-1.3599999999999994	1.4100000000000001	1.3599999999999994
0.01	10000	-0.6850000000000005	-0.6799999999999997	0.6850000000000005	0.6799999999999997
2.0	2000000	-3.4000000000000004	-2.4000000000000004	3.4000000000000004	2.4000000000000004
1.0	1000000	-2.4000000000000004	-1.9000000000000004	2.4000000000000004	1.9000000000000004
0.5	500000	-1.875	-1.625	1.875	1.625
0.1	100000	-1.0500000000000007	-1.0	1.0500000000000007	1.0
0.01	10000	0.2729999999999997	0.27800000000000047	0.2729999999999997	0.27800000000000047
2.0	2000000	-3.4000000000000004	-2.4000000000000004	3.4000000000000004	2.4000000000000004
1.0	1000000	-2.4000000000000004	-1.9000000000000004	2.4000000000000004	1.9000000000000004
0.5	500000	1.4250000000000007	1.6750000000000007	1.4250000000000007	1.6750000000000007
0.1	100000	0.10500000000000043	0.15499999999999936	0.10500000000000043	0.15499999999999936
0.01	10000	-0.8070000000000004	-0.8019999999999996	0.8070000000000004	0.8019999999999996
2.0	2000000	-3.0999999999999996	-2.0999999999999996	3.0999999999999996	2.0999999999999996
1.0	1000000	-2.4499999999999993	-1.9499999999999993	2.4499999999999993	1.9499999999999993
0.5	500000	-1.9499999999999993	-1.6999999999999993	1.9499999999999993	1.6999999999999993
0.1	100000	0.6750000000000007	0.7249999999999996	0.6750000000000007	0.7249999999999996
0.01	10000	1.0210000000000008	1.0259999999999998	1.0210000000000008	1.0259999999999998
2.0	2000000	1.3000000000000007	2.3000000000000007	1.3000000000000007	2.3000000000000007
1.0	1000000	-2.4499999999999993	-1.9499999999999993	2.4499999999999993	1.9499999999999993
0.5	500000	-1.9749999999999996	-1.7249999999999996	1.9749999999999996	1.7249999999999996
0.1	100000	-1.205	-1.1549999999999994	1.205	1.1549999999999994
0.01	10000	-0.7889999999999997	-0.7840000000000007	0.7889999999999997	0.7840000000000007
2.0	2000000	-3.4000000000000004	-2.4000000000000004	3.4000000000000004	2.4000000000000004
1.0	1000000	1.3500000000000014	1.8500000000000014	1.3500000000000014	1.8500000000000014
0.5	500000	1.3500000000000014	1.6000000000000014	1.3500000000000014	1.6000000000000014
0.1	100000	0.4399999999999995	0.4900000000000002	0.4399999999999995	0.4900000000000002
0.01	10000	0.16999999999999993	0.1750000000000007	0.16999999999999993	0.1750000000000007
2.0	2000000	0.9000000000000004	1.8999999999999986	0.9000000000000004	1.8999999999999986
1.0	1000000	-2.4499999999999993	-1.9499999999999993	2.4499999999999993	1.9499999999999993
0.5	500000	0.7249999999999996	0.9749999999999996	0.7249999999999996	0.9749999999999996
0.1	100000	-0.125	-0.07499999999999929	0.125	0.07499999999999929
0.01	10000	1.1660000000000004	1.1709999999999994	1.1660000000000004	1.1709999999999994
2.0	2000000	1.1999999999999993	2.1999999999999993	1.1999999999999993	2.1999999999999993
1.0	1000000	1.25	1.75	1.25	1.75
0.5	500000	0.6500000000000004	0.9000000000000004	0.6500000000000004	0.9000000000000004
0.1	100000	0.8200000000000003	0.8699999999999992	0.8200000000000003	0.8699999999999992
0.01	10000	0.843	0.8480000000000008	0.843	0.8480000000000008
2.0	2000000	-3.4000000000000004	-2.4000000000000004	3.4000000000000004	2.4000000000000004
1.0	1000000	-2.4000000000000004	-1.9000000000000004	2.4000000000000004	1.9000000000000004
0.5	500000	-1.9250000000000007	-1.6750000000000007	1.9250000000000007	1.6750000000000007
0.1	100000	-1.5250000000000004	-1.4749999999999996	1.5250000000000004	1.4749999999999996
0.01	10000	-0.7379999999999995	-0.7330000000000005	0.7379999999999995	0.7330000000000005
2.0	2000000	-3.3000000000000007	-2.3000000000000007	3.3000000000000007	2.3000000000000007
1.0	1000000	-1.0500000000000007	-0.5500000000000007	1.0500000000000007	0.5500000000000007
0.5	500000	-0.47499999999999964	-0.22499999999999964	0.47499999999999964	0.22499999999999964
0.1	100000	-0.23499999999999943	-0.1850000000000005	0.23499999999999943	0.1850000000000005
0.01	10000	0.609	0.6140000000000008	0.609	0.6140000000000008
2.0	2000000	-2.5	-1.5	2.5	1.5
1.0	1000000	-1.3499999999999996	-0.8499999999999996	1.3499999999999996	0.8499999999999996
0.5	500000	-1.3499999999999996	-1.0999999999999996	1.3499999999999996	1.0999999999999996
0.1	100000	-0.6850000000000005	-0.6349999999999998	0.6850000000000005	0.6349999999999998
0.01	10000	-0.5999999999999996	-0.5950000000000006	0.5999999999999996	0.5950000000000006
2.0	2000000	-0.40000000000000036	0.5999999999999996	0.40000000000000036	0.5999999999999996
1.0	1000000	0.25	0.75	0.25	0.75
0.5	500000	-0.4499999999999993	-0.1999999999999993	0.4499999999999993	0.1999999999999993
0.1	100000	1.1499999999999986	1.1999999999999993	1.1499999999999986	1.1999999999999993
0.01	10000	1.157	1.161999999999999	1.157	1.161999999999999
2.0	2000000	1.3000000000000007	2.3000000000000007	1.3000000000000007	2.3000000000000007
1.0	1000000	1.3500000000000014	1.8500000000000014	1.3500000000000014	1.8500000000000014
0.5	500000	1.3500000000000014	1.6000000000000014	1.3500000000000014	1.6000000000000014
0.1	100000	1.3350000000000009	1.3850000000000016	1.3350000000000009	1.3850000000000016
0.01	10000	0.1899999999999995	0.19500000000000028	0.1899999999999995	0.19500000000000028
2.0	2000000	-3.3000000000000007	-2.3000000000000007	3.3000000000000007	2.3000000000000007
1.0	1000000	-2.3499999999999996	-1.8499999999999996	2.3499999999999996	1.8499999999999996
0.5	500000	-1.875	-1.625	1.875	1.625
0.1	100000	-0.40499999999999936	-0.3550000000000004	0.40499999999999936	0.3550000000000004
0.01	10000	1.3200000000000003	1.3249999999999993	1.3200000000000003	1.3249999999999993
2.0	2000000	-3.0999999999999996	-2.0999999999999996	3.0999999999999996	2.0999999999999996
1.0	1000000	-2.0999999999999996	-1.5999999999999996	2.0999999999999996	1.5999999999999996
0.5	500000	-0.47499999999999964	-0.22499999999999964	0.47499999999999964	0.22499999999999964
0.1	100000	-0.25	-0.1999999999999993	0.25	0.1999999999999993
0.01	10000	0.3390000000000004	0.3439999999999994	0.3390000000000004	0.3439999999999994
2.0	2000000	-3.4000000000000004	-2.4000000000000004	3.4000000000000004	2.4000000000000004
1.0	1000000	-2.4000000000000004	-1.9000000000000004	2.4000000000000004	1.9000000000000004
0.5	500000	-1.875	-1.625	1.875	1.625
0.1	100000	-1.3200000000000003	-1.2699999999999996	1.3200000000000003	1.2699999999999996
0.01	10000	-0.2159999999999993	-0.2110000000000003	0.2159999999999993	0.2110000000000003
2.0	2000000	1.3999999999999986	2.3999999999999986	1.3999999999999986	2.3999999999999986
1.0	1000000	1.3999999999999986	1.8999999999999986	1.3999999999999986	1.8999999999999986
0.5	500000	1.125	1.375	1.125	1.375
0.1	100000	1.1149999999999984	1.1649999999999991	1.1149999999999984	1.1649999999999991
0.01	10000	0.5839999999999996	0.5890000000000004	0.5839999999999996	0.5890000000000004
2.0	2000000	-3.3000000000000007	-2.3000000000000007	3.3000000000000007	2.3000000000000007
1.0	1000000	-2.4499999999999993	-1.9499999999999993	2.4499999999999993	1.9499999999999993
0.5	500000	-1.9749999999999996	-1.7249999999999996	1.9749999999999996	1.7249999999999996
0.1	100000	-0.6600000000000001	-0.6099999999999994	0.6600000000000001	0.6099999999999994
0.01	10000	-1.3290000000000006	-1.3239999999999998	1.3290000000000006	1.3239999999999998
2.0	2000000	-3.1999999999999993	-2.1999999999999993	3.1999999999999993	2.1999999999999993
1.0	1000000	-2.25	-1.75	2.25	1.75
0.5	500000	-1.9250000000000007	-1.6750000000000007	1.9250000000000007	1.6750000000000007
0.1	100000	-1.0850000000000009	-1.0350000000000001	1.0850000000000009	1.0350000000000001
0.01	10000	-1.2840000000000007	-1.279	1.2840000000000007	1.279
2.0	2000000	1.3999999999999986	2.3999999999999986	1.3999999999999986	2.3999999999999986
1.0	1000000	-0.8499999999999996	-0.34999999999999964	0.8499999999999996	0.34999999999999964
0.5	500000	-0.3249999999999993	-0.07499999999999929	0.3249999999999993	0.07499999999999929
0.1	100000	-0.2699999999999996	-0.22000000000000064	0.2699999999999996	0.22000000000000064
0.01	10000	-0.5760000000000005	-0.5709999999999997	0.5760000000000005	0.5709999999999997
2.0	2000000	1.3999999999999986	2.3999999999999986	1.3999999999999986	2.3999999999999986
1.0	1000000	1.3999999999999986	1.8999999999999986	1.3999999999999986	1.8999999999999986
0.5	500000	1.3999999999999986	1.6499999999999986	1.3999999999999986	1.6499999999999986
0.1	100000	0.5649999999999995	0.6150000000000002	0.5649999999999995	0.6150000000000002
0.01	10000	1.404	1.408999999999999	1.404	1.408999999999999
2.0	2000000	1.3000000000000007	2.3000000000000007	1.3000000000000007	2.3000000000000007
1.0	1000000	-1.25	-0.75	1.25	0.75
0.5	500000	-0.9250000000000007	-0.6750000000000007	0.9250000000000007	0.6750000000000007
0.1	100000	-0.6649999999999991	-0.6150000000000002	0.6649999999999991	0.6150000000000002
0.01	10000	1.3919999999999995	1.3969999999999985	1.3919999999999995	1.3969999999999985
2.0	2000000	-3.4000000000000004	-2.4000000000000004	3.4000000000000004	2.4000000000000004
1.0	1000000	-2.4499999999999993	-1.9499999999999993	2.4499999999999993	1.9499999999999993
0.5	500000	-1.9749999999999996	-1.7249999999999996	1.9749999999999996	1.7249999999999996
0.1	100000	-0.8650000000000002	-0.8149999999999995	0.8650000000000002	0.8149999999999995
0.01	10000	-0.8550000000000004	-0.8499999999999996	0.8550000000000004	0.8499999999999996
2.0	2000000	1.3999999999999986	2.3999999999999986	1.3999999999999986	2.3999999999999986
1.0	1000000	1.3999999999999986	1.8999999999999986	1.3999999999999986	1.8999999999999986
0.5	500000	-1.7750000000000004	-1.5250000000000004	1.7750000000000004	1.5250000000000004
0.1	100000	-0.5199999999999996	-0.47000000000000064	0.5199999999999996	0.47000000000000064
0.01	10000	0.8219999999999992	0.827	0.8219999999999992	0.827
2.0	2000000	-1.6999999999999993	-0.6999999999999993	1.6999999999999993	0.6999999999999993
1.0	1000000	-0.75	-0.25	0.75	0.25
0.5	500000	-0.27500000000000036	-0.025000000000000355	0.27500000000000036	0.025000000000000355
0.1	100000	-0.29499999999999993	-0.24499999999999922	0.29499999999999993	0.24499999999999922
0.01	10000	-0.04100000000000037	-0.03599999999999959	0.04100000000000037	0.03599999999999959
2.0	2000000	1.3999999999999986	2.3999999999999986	1.3999999999999986	2.3999999999999986
1.0	1000000	1.3500000000000014	1.8500000000000014	1.3500000000000014	1.8500000000000014
0.5	500000	1.3249999999999993	1.5749999999999993	1.3249999999999993	1.5749999999999993
0.1	100000	0.1899999999999995	0.2400000000000002	0.1899999999999995	0.2400000000000002
0.01	10000	0.03999999999999915	0.04499999999999993	0.03999999999999915	0.04499999999999993
2.0	2000000	0.8000000000000007	1.8000000000000007	0.8000000000000007	1.8000000000000007
1.0	1000000	0.8000000000000007	1.3000000000000007	0.8000000000000007	1.3000000000000007
0.5	500000	0.7249999999999996	0.9749999999999996	0.7249999999999996	0.9749999999999996
0.1	100000	0.8699999999999992	0.9199999999999999	0.8699999999999992	0.9199999999999999
0.01	10000	0.9149999999999991	0.9199999999999999	0.9149999999999991	0.9199999999999999
2.0	2000000	-3.0	-2.0	3.0	2.0
1.0	1000000	1.3500000000000014	1.8500000000000014	1.3500000000000014	1.8500000000000014
0.5	500000	1.375	1.625	1.375	1.625
0.1	100000	-1.1750000000000007	-1.125	1.1750000000000007	1.125
0.01	10000	-0.40199999999999925	-0.39700000000000024	0.40199999999999925	0.39700000000000024
2.0	2000000	1.1999999999999993	2.1999999999999993	1.1999999999999993	2.1999999999999993
1.0	1000000	1.1999999999999993	1.6999999999999993	1.1999999999999993	1.6999999999999993
0.5	500000	1.2250000000000014	1.4750000000000014	1.2250000000000014	1.4750000000000014
0.1	100000	0.125	0.1750000000000007	0.125	0.1750000000000007
0.01	10000	1.2429999999999986	1.248000000000001	1.2429999999999986	1.248000000000001
2.0	2000000	1.1000000000000014	2.1000000000000014	1.1000000000000014	2.1000000000000014
1.0	1000000	1.4499999999999993	1.9499999999999993	1.4499999999999993	1.9499999999999993
0.5	500000	1.4750000000000014	1.7250000000000014	1.4750000000000014	1.7250000000000014
0.1	100000	-0.5549999999999997	-0.5050000000000008	0.5549999999999997	0.5050000000000008
0.01	10000	1.4849999999999994	1.4899999999999984	1.4849999999999994	1.4899999999999984
2.0	2000000	-2.9000000000000004	-1.9000000000000004	2.9000000000000004	1.9000000000000004
1.0	1000000	-2.25	-1.75	2.25	1.75
0.5	500000	-1.4250000000000007	-1.1750000000000007	1.4250000000000007	1.1750000000000007
0.1	100000	-1.3049999999999997	-1.2550000000000008	1.3049999999999997	1.2550000000000008
0.01	10000	-0.4009999999999998	-0.3960000000000008	0.4009999999999998	0.3960000000000008
2.0	2000000	1.3999999999999986	2.3999999999999986	1.3999999999999986	2.3999999999999986
1.0	1000000	1.4499999999999993	1.9499999999999993	1.4499999999999993	1.9499999999999993
0.5	500000	1.4499999999999993	1.6999999999999993	1.4499999999999993	1.6999999999999993
0.1	100000	-1.3049999999999997	-1.2550000000000008	1.3049999999999997	1.2550000000000008
0.01	10000	-1.3409999999999993	-1.3360000000000003	1.3409999999999993	1.3360000000000003
2.0	2000000	-3.4000000000000004	-2.4000000000000004	3.4000000000000004	2.4000000000000004
1.0	1000000	-2.4000000000000004	-1.9000000000000004	2.4000000000000004	1.9000000000000004
0.5	500000	-1.9000000000000004	-1.6500000000000004	1.9000000000000004	1.6500000000000004
0.1	100000	-1.4849999999999994	-1.4350000000000005	1.4849999999999994	1.4350000000000005
0.01	10000	0.7260000000000009	0.7309999999999999	0.7260000000000009	0.7309999999999999
2.0	2000000	1.3999999999999986	2.3999999999999986	1.3999999999999986	2.3999999999999986
1.0	1000000	1.3999999999999986	1.8999999999999986	1.3999999999999986	1.8999999999999986
0.5	500000	1.3999999999999986	1.6499999999999986	1.3999999999999986	1.6499999999999986
0.1	100000	-0.03999999999999915	0.009999999999999787	0.03999999999999915	0.009999999999999787
0.01	10000	0.17600000000000016	0.18099999999999916	0.17600000000000016	0.18099999999999916
2.0	2000000	-2.5999999999999996	-1.5999999999999996	2.5999999999999996	1.5999999999999996
1.0	1000000	-1.5500000000000007	-1.0500000000000007	1.5500000000000007	1.0500000000000007
0.5	500000	-1.2750000000000004	-1.0250000000000004	1.2750000000000004	1.0250000000000004
0.1	100000	-1.0050000000000008	-0.9550000000000001	1.0050000000000008	0.9550000000000001
0.01	10000	-0.5690000000000008	-0.5640000000000001	0.5690000000000008	0.5640000000000001
2.0	2000000	-0.9000000000000004	0.09999999999999964	0.9000000000000004	0.09999999999999964
1.0	1000000	-0.3000000000000007	0.1999999999999993	0.3000000000000007	0.1999999999999993
0.5	500000	-0.9000000000000004	-0.6500000000000004	0.9000000000000004	0.6500000000000004
0.1	100000	-1.205	-1.1549999999999994	1.205	1.1549999999999994
0.01	10000	-0.4670000000000005	-0.46199999999999974	0.4670000000000005	0.46199999999999974
2.0	2000000	1.3000000000000007	2.3000000000000007	1.3000000000000007	2.3000000000000007
1.0	1000000	1.3000000000000007	1.8000000000000007	1.3000000000000007	1.8000000000000007
0.5	500000	1.3000000000000007	1.5500000000000007	1.3000000000000007	1.5500000000000007
0.1	100000	0.6750000000000007	0.7249999999999996	0.6750000000000007	0.7249999999999996
0.01	10000	1.3099999999999987	1.3150000000000013	1.3099999999999987	1.3150000000000013
2.0	2000000	1.1999999999999993	2.1999999999999993	1.1999999999999993	2.1999999999999993
1.0	1000000	-0.5	0.0	0.5	0.0
0.5	500000	1.4750000000000014	1.7250000000000014	1.4750000000000014	1.7250000000000014
0.1	100000	0.1750000000000007	0.22499999999999964	0.1750000000000007	0.22499999999999964
0.01	10000	0.26200000000000045	0.26699999999999946	0.26200000000000045	0.26699999999999946
2.0	2000000	-3.4000000000000004	-2.4000000000000004	3.4000000000000004	2.4000000000000004
1.0	1000000	-2.4499999999999993	-1.9499999999999993	2.4499999999999993	1.9499999999999993
0.5	500000	-1.9499999999999993	-1.6999999999999993	1.9499999999999993	1.6999999999999993
0.1	100000	-1.5399999999999991	-1.4900000000000002	1.5399999999999991	1.4900000000000002
0.01	10000	-0.11400000000000077	-0.10899999999999999	0.11400000000000077	0.10899999999999999
2.0	2000000	1.3999999999999986	2.3999999999999986	1.3999999999999986	2.3999999999999986
1.0	1000000	1.3999999999999986	1.8999999999999986	1.3999999999999986	1.8999999999999986
0.5	500000	1.3999999999999986	1.6499999999999986	1.3999999999999986	1.6499999999999986
0.1	100000	-0.04499999999999993	0.005000000000000782	0.04499999999999993	0.005000000000000782
0.01	10000	0.49099999999999966	0.49600000000000044	0.49099999999999966	0.49600000000000044
2.0	2000000	-1.6999999999999993	-0.6999999999999993	1.6999999999999993	0.6999999999999993
1.0	1000000	-0.6999999999999993	-0.1999999999999993	0.6999999999999993	0.1999999999999993
0.5	500000	-0.22499999999999964	0.025000000000000355	0.22499999999999964	0.025000000000000355
0.1	100000	-0.23000000000000043	-0.17999999999999972	0.23000000000000043	0.17999999999999972
0.01	10000	-0.15700000000000003	-0.15199999999999925	0.15700000000000003	0.15199999999999925
2.0	2000000	1.3000000000000007	2.3000000000000007	1.3000000000000007	2.3000000000000007
1.0	1000000	1.3000000000000007	1.8000000000000007	1.3000000000000007	1.8000000000000007
0.5	500000	1.3000000000000007	1.5500000000000007	1.3000000000000007	1.5500000000000007
0.1	100000	1.3049999999999997	1.3550000000000004	1.3049999999999997	1.3550000000000004
0.01	10000	1.3389999999999986	1.3440000000000012	1.3389999999999986	1.3440000000000012
2.0	2000000	-0.8000000000000007	0.1999999999999993	0.8000000000000007	0.1999999999999993
1.0	1000000	-0.8499999999999996	-0.34999999999999964	0.8499999999999996	0.34999999999999964
0.5	500000	0.7750000000000004	1.0249999999999986	0.7750000000000004	1.0249999999999986
0.1	100000	0.9350000000000005	0.9849999999999994	0.9350000000000005	0.9849999999999994
0.01	10000	-0.7929999999999993	-0.7880000000000003	0.7929999999999993	0.7880000000000003
2.0	2000000	1.3999999999999986	2.3999999999999986	1.3999999999999986	2.3999999999999986
1.0	1000000	1.4499999999999993	1.9499999999999993	1.4499999999999993	1.9499999999999993
0.5	500000	1.4499999999999993	1.6999999999999993	1.4499999999999993	1.6999999999999993
0.1	100000	1.4450000000000003	1.495000000000001	1.4450000000000003	1.495000000000001
0.01	10000	0.5950000000000006	0.5999999999999996	0.5950000000000006	0.5999999999999996
2.0	2000000	-3.4000000000000004	-2.4000000000000004	3.4000000000000004	2.4000000000000004
1.0	1000000	-2.4499999999999993	-1.9499999999999993	2.4499999999999993	1.9499999999999993
0.5	500000	-1.9749999999999996	-1.7249999999999996	1.9749999999999996	1.7249999999999996
0.1	100000	-0.5999999999999996	-0.5500000000000007	0.5999999999999996	0.5500000000000007
0.01	10000	1.3580000000000005	1.3629999999999995	1.3580000000000005	1.3629999999999995
2.0	2000000	0.09999999999999964	1.1000000000000014	0.09999999999999964	1.1000000000000014
1.0	1000000	0.25	0.75	0.25	0.75
0.5	500000	-1.9749999999999996	-1.7249999999999996	1.9749999999999996	1.7249999999999996
0.1	100000	-0.9199999999999999	-0.8699999999999992	0.9199999999999999	0.8699999999999992
0.01	10000	-0.5600000000000005	-0.5549999999999997	0.5600000000000005	0.5549999999999997
2.0	2000000	-3.4000000000000004	-2.4000000000000004	3.4000000000000004	2.4000000000000004
1.0	1000000	-2.4000000000000004	-1.9000000000000004	2.4000000000000004	1.9000000000000004
0.5	500000	-1.9000000000000004	-1.6500000000000004	1.9000000000000004	1.6500000000000004
0.1	100000	0.2550000000000008	0.3049999999999997	0.2550000000000008	0.3049999999999997
0.01	10000	-0.7620000000000005	-0.7569999999999997	0.7620000000000005	0.7569999999999997
2.0	2000000	-3.4000000000000004	-2.4000000000000004	3.4000000000000004	2.4000000000000004
1.0	1000000	-2.4000000000000004	-1.9000000000000004	2.4000000000000004	1.9000000000000004
0.5	500000	-1.9250000000000007	-1.6750000000000007	1.9250000000000007	1.6750000000000007
0.1	100000	-1.2349999999999994	-1.1850000000000005	1.2349999999999994	1.1850000000000005
0.01	10000	-0.7149999999999999	-0.7100000000000009	0.7149999999999999	0.7100000000000009
2.0	2000000	-3.4000000000000004	-2.4000000000000004	3.4000000000000004	2.4000000000000004
1.0	1000000	-2.4000000000000004	-1.9000000000000004	2.4000000000000004	1.9000000000000004
0.5	500000	-1.9250000000000007	-1.6750000000000007	1.9250000000000007	1.6750000000000007
0.1	100000	-1.545	-1.4949999999999992	1.545	1.4949999999999992
0.01	10000	-1.4329999999999998	-1.4280000000000008	1.4329999999999998	1.4280000000000008
2.0	2000000	1.3999999999999986	2.3999999999999986	1.3999999999999986	2.3999999999999986
1.0	1000000	1.3999999999999986	1.8999999999999986	1.3999999999999986	1.8999999999999986
0.5	500000	1.375	1.625	1.375	1.625
0.1	100000	-0.23499999999999943	-0.1850000000000005	0.23499999999999943	0.1850000000000005
0.01	10000	0.051000000000000156	0.05599999999999916	0.051000000000000156	0.05599999999999916
2.0	2000000	1.3999999999999986	2.3999999999999986	1.3999999999999986	2.3999999999999986
1.0	1000000	1.3999999999999986	1.8999999999999986	1.3999999999999986	1.8999999999999986
0.5	500000	1.4250000000000007	1.6750000000000007	1.4250000000000007	1.6750000000000007
0.1	100000	-0.025000000000000355	0.025000000000000355	0.025000000000000355	0.025000000000000355
0.01	10000	0.6440000000000001	0.6489999999999991	0.6440000000000001	0.6489999999999991
2.0	2000000	1.0	2.0	1.0	2.0
1.0	1000000	1.4499999999999993	1.9499999999999993	1.4499999999999993	1.9499999999999993
0.5	500000	0.8000000000000007	1.0500000000000007	0.8000000000000007	1.0500000000000007
0.1	100000	0.9600000000000009	1.0100000000000016	0.9600000000000009	1.0100000000000016
0.01	10000	1.2220000000000013	1.2270000000000003	1.2220000000000013	1.2270000000000003
2.0	2000000	0.6999999999999993	1.6999999999999993	0.6999999999999993	1.6999999999999993
1.0	1000000	0.6999999999999993	1.1999999999999993	0.6999999999999993	1.1999999999999993
0.5	500000	0.6999999999999993	0.9499999999999993	0.6999999999999993	0.9499999999999993
0.1	100000	-0.5899999999999999	-0.5399999999999991	0.5899999999999999	0.5399999999999991
0.01	10000	-0.7899999999999991	-0.7850000000000001	0.7899999999999991	0.7850000000000001
2.0	2000000	1.1000000000000014	2.1000000000000014	1.1000000000000014	2.1000000000000014
1.0	1000000	1.4499999999999993	1.9499999999999993	1.4499999999999993	1.9499999999999993
0.5	500000	1.4499999999999993	1.6999999999999993	1.4499999999999993	1.6999999999999993
0.1	100000	1.2650000000000006	1.3150000000000013	1.2650000000000006	1.3150000000000013
0.01	10000	0.37299999999999933	0.3780000000000001	0.37299999999999933	0.3780000000000001
2.0	2000000	-3.1999999999999993	-2.1999999999999993	3.1999999999999993	2.1999999999999993
1.0	1000000	-2.25	-1.75	2.25	1.75
0.5	500000	-0.9499999999999993	-0.6999999999999993	0.9499999999999993	0.6999999999999993
0.1	100000	-1.3550000000000004	-1.3049999999999997	1.3550000000000004	1.3049999999999997
0.01	10000	0.6170000000000009	0.6219999999999999	0.6170000000000009	0.6219999999999999
2.0	2000000	-2.8000000000000007	-1.8000000000000007	2.8000000000000007	1.8000000000000007
1.0	1000000	-1.75	-1.25	1.75	1.25
0.5	500000	0.27500000000000036	0.5250000000000004	0.27500000000000036	0.5250000000000004
0.1	100000	0.21000000000000085	0.2599999999999998	0.21000000000000085	0.2599999999999998
0.01	10000	0.7400000000000002	0.7449999999999992	0.7400000000000002	0.7449999999999992
2.0	2000000	1.0	2.0	1.0	2.0
1.0	1000000	-0.5500000000000007	-0.05000000000000071	0.5500000000000007	0.05000000000000071
0.5	500000	-0.07499999999999929	0.1750000000000007	0.07499999999999929	0.1750000000000007
0.1	100000	0.009999999999999787	0.0600000000000005	0.009999999999999787	0.0600000000000005
0.01	10000	0.038000000000000256	0.04299999999999926	0.038000000000000256	0.04299999999999926
2.0	2000000	-3.0999999999999996	-2.0999999999999996	3.0999999999999996	2.0999999999999996
1.0	1000000	1.4499999999999993	1.9499999999999993	1.4499999999999993	1.9499999999999993
0.5	500000	1.4499999999999993	1.6999999999999993	1.4499999999999993	1.6999999999999993
0.1	100000	0.03500000000000014	0.08500000000000085	0.03500000000000014	0.08500000000000085
0.01	10000	1.161999999999999	1.1670000000000016	1.161999999999999	1.1670000000000016
2.0	2000000	-3.3000000000000007	-2.3000000000000007	3.3000000000000007	2.3000000000000007
1.0	1000000	-2.3499999999999996	-1.8499999999999996	2.3499999999999996	1.8499999999999996
0.5	500000	-1.8499999999999996	-1.5999999999999996	1.8499999999999996	1.5999999999999996
0.1	100000	-1.455	-1.4049999999999994	1.455	1.4049999999999994
0.01	10000	0.7029999999999994	0.7080000000000002	0.7029999999999994	0.7080000000000002
2.0	2000000	-3.3000000000000007	-2.3000000000000007	3.3000000000000007	2.3000000000000007
1.0	1000000	-2.4499999999999993	-1.9499999999999993	2.4499999999999993	1.9499999999999993
0.5	500000	-1.9499999999999993	-1.6999999999999993	1.9499999999999993	1.6999999999999993
0.1	100000	-1.5500000000000007	-1.5	1.5500000000000007	1.5
0.01	10000	-1.4580000000000002	-1.4529999999999994	1.4580000000000002	1.4529999999999994
2.0	2000000	1.3999999999999986	2.3999999999999986	1.3999999999999986	2.3999999999999986
1.0	1000000	1.4499999999999993	1.9499999999999993	1.4499999999999993	1.9499999999999993
0.5	500000	1.4499999999999993	1.6999999999999993	1.4499999999999993	1.6999999999999993
0.1	100000	1.4349999999999987	1.4849999999999994	1.4349999999999987	1.4849999999999994
0.01	10000	-0.766	-0.7609999999999992	0.766	0.7609999999999992
2.0	2000000	1.3999999999999986	2.3999999999999986	1.3999999999999986	2.3999999999999986
1.0	1000000	1.3999999999999986	1.8999999999999986	1.3999999999999986	1.8999999999999986
0.5	500000	-1.875	-1.625	1.875	1.625
0.1	100000	-0.7400000000000002	-0.6899999999999995	0.7400000000000002	0.6899999999999995
0.01	10000	-0.609	-0.6039999999999992	0.609	0.6039999999999992
2.0	2000000	-3.4000000000000004	-2.4000000000000004	3.4000000000000004	2.4000000000000004
1.0	1000000	1.4499999999999993	1.9499999999999993	1.4499999999999993	1.9499999999999993
0.5	500000	1.4750000000000014	1.7250000000000014	1.4750000000000014	1.7250000000000014
0.1	100000	1.4600000000000009	1.5100000000000016	1.4600000000000009	1.5100000000000016
0.01	10000	1.4849999999999994	1.4899999999999984	1.4849999999999994	1.4899999999999984
2.0	2000000	1.1999999999999993	2.1999999999999993	1.1999999999999993	2.1999999999999993
1.0	1000000	1.3500000000000014	1.8500000000000014	1.3500000000000014	1.8500000000000014
0.5	500000	0.025000000000000355	0.27500000000000036	0.025000000000000355	0.27500000000000036
0.1	100000	1.3299999999999983	1.379999999999999	1.3299999999999983	1.379999999999999
0.01	10000	-1.064	-1.0589999999999993	1.064	1.0589999999999993
2.0	2000000	0.5	1.5	0.5	1.5
1.0	1000000	0.75	1.25	0.75	1.25
0.5	500000	0.75	1.0	0.75	1.0
0.1	100000	0.7400000000000002	0.7899999999999991	0.7400000000000002	0.7899999999999991
0.01	10000	0.9049999999999994	0.9100000000000001	0.9049999999999994	0.9100000000000001
2.0	2000000	1.3999999999999986	2.3999999999999986	1.3999999999999986	2.3999999999999986
1.0	1000000	1.3999999999999986	1.8999999999999986	1.3999999999999986	1.8999999999999986
0.5	500000	1.4250000000000007	1.6750000000000007	1.4250000000000007	1.6750000000000007
0.1	100000	-0.0649999999999995	-0.015000000000000568	0.0649999999999995	0.015000000000000568
0.01	10000	-1.2420000000000009	-1.237	1.2420000000000009	1.237
2.0	2000000	1.3999999999999986	2.3999999999999986	1.3999999999999986	2.3999999999999986
1.0	1000000	-0.09999999999999964	0.40000000000000036	0.09999999999999964	0.40000000000000036
0.5	500000	0.025000000000000355	0.27500000000000036	0.025000000000000355	0.27500000000000036
0.1	100000	0.35999999999999943	0.41000000000000014	0.35999999999999943	0.41000000000000014
0.01	10000	0.4939999999999998	0.49900000000000055	0.4939999999999998	0.49900000000000055
2.0	2000000	-2.9000000000000004	-1.9000000000000004	2.9000000000000004	1.9000000000000004
1.0	1000000	-1.0999999999999996	-0.5999999999999996	1.0999999999999996	0.5999999999999996
0.5	500000	-0.3000000000000007	-0.05000000000000071	0.3000000000000007	0.05000000000000071
0.1	100000	-0.1850000000000005	-0.1349999999999998	0.1850000000000005	0.1349999999999998
0.01	10000	-0.9120000000000008	-0.907	0.9120000000000008	0.907
2.0	2000000	-3.4000000000000004	-2.4000000000000004	3.4000000000000004	2.4000000000000004
1.0	1000000	-2.4499999999999993	-1.9499999999999993	2.4499999999999993	1.9499999999999993
0.5	500000	-1.9749999999999996	-1.7249999999999996	1.9749999999999996	1.7249999999999996
0.1	100000	-0.6050000000000004	-0.5549999999999997	0.6050000000000004	0.5549999999999997
0.01	10000	-0.8949999999999996	-0.8900000000000006	0.8949999999999996	0.8900000000000006
2.0	2000000	-3.4000000000000004	-2.4000000000000004	3.4000000000000004	2.4000000000000004
1.0	1000000	-2.4000000000000004	-1.9000000000000004	2.4000000000000004	1.9000000000000004
0.5	500000	-1.9000000000000004	-1.6500000000000004	1.9000000000000004	1.6500000000000004
0.1	100000	-0.39000000000000057	-0.33999999999999986	0.39000000000000057	0.33999999999999986
0.01	10000	1.1069999999999993	1.1119999999999983	1.1069999999999993	1.1119999999999983
2.0	2000000	-3.4000000000000004	-2.4000000000000004	3.4000000000000004	2.4000000000000004
1.0	1000000	-0.5500000000000007	-0.05000000000000071	0.5500000000000007	0.05000000000000071
0.5	500000	-0.07499999999999929	0.1750000000000007	0.07499999999999929	0.1750000000000007
0.1	100000	0.23499999999999943	0.28500000000000014	0.23499999999999943	0.28500000000000014
0.01	10000	-1.0649999999999995	-1.0600000000000005	1.0649999999999995	1.0600000000000005
2.0	2000000	1.1999999999999993	2.1999999999999993	1.1999999999999993	2.1999999999999993
1.0	1000000	1.1999999999999993	1.6999999999999993	1.1999999999999993	1.6999999999999993
0.5	500000	1.4250000000000007	1.6750000000000007	1.4250000000000007	1.6750000000000007
0.1	100000	0.7200000000000006	0.7699999999999996	0.7200000000000006	0.7699999999999996
0.01	10000	1.343	1.347999999999999	1.343	1.347999999999999
2.0	2000000	-3.4000000000000004	-2.4000000000000004	3.4000000000000004	2.4000000000000004
1.0	1000000	-2.4000000000000004	-1.9000000000000004	2.4000000000000004	1.9000000000000004
0.5	500000	-1.9000000000000004	-1.6500000000000004	1.9000000000000004	1.6500000000000004
0.1	100000	1.3949999999999996	1.4450000000000003	1.3949999999999996	1.4450000000000003
0.01	10000	1.4450000000000003	1.4499999999999993	1.4450000000000003	1.4499999999999993
2.0	2000000	-3.1999999999999993	-2.1999999999999993	3.1999999999999993	2.1999999999999993
1.0	1000000	-2.1999999999999993	-1.6999999999999993	2.1999999999999993	1.6999999999999993
0.5	500000	-1.3499999999999996	-1.0999999999999996	1.3499999999999996	1.0999999999999996
0.1	100000	0.8300000000000001	0.8800000000000008	0.8300000000000001	0.8800000000000008
0.01	10000	0.2550000000000008	0.2599999999999998	0.2550000000000008	0.2599999999999998
2.0	2000000	1.3000000000000007	2.3000000000000007	1.3000000000000007	2.3000000000000007
1.0	1000000	1.3500000000000014	1.8500000000000014	1.3500000000000014	1.8500000000000014
0.5	500000	1.3500000000000014	1.6000000000000014	1.3500000000000014	1.6000000000000014
0.1	100000	1.3649999999999984	1.4149999999999991	1.3649999999999984	1.4149999999999991
0.01	10000	-0.42600000000000016	-0.4209999999999994	0.42600000000000016	0.4209999999999994
2.0	2000000	-3.3000000000000007	-2.3000000000000007	3.3000000000000007	2.3000000000000007
1.0	1000000	-2.4499999999999993	-1.9499999999999993	2.4499999999999993	1.9499999999999993
0.5	500000	0.3000000000000007	0.5500000000000007	0.3000000000000007	0.5500000000000007
0.1	100000	0.3800000000000008	0.4299999999999997	0.3800000000000008	0.4299999999999997
0.01	10000	0.47499999999999964	0.4800000000000004	0.47499999999999964	0.4800000000000004
2.0	2000000	-3.0999999999999996	-2.0999999999999996	3.0999999999999996	2.0999999999999996
1.0	1000000	-2.1500000000000004	-1.6500000000000004	2.1500000000000004	1.6500000000000004
0.5	500000	-1.4499999999999993	-1.1999999999999993	1.4499999999999993	1.1999999999999993
0.1	100000	-0.6050000000000004	-0.5549999999999997	0.6050000000000004	0.5549999999999997
0.01	10000	-1.3469999999999995	-1.3420000000000005	1.3469999999999995	1.3420000000000005
2.0	2000000	1.3999999999999986	2.3999999999999986	1.3999999999999986	2.3999999999999986
1.0	1000000	1.3999999999999986	1.8999999999999986	1.3999999999999986	1.8999999999999986
0.5	500000	1.2250000000000014	1.4750000000000014	1.2250000000000014	1.4750000000000014
0.1	100000	-0.7349999999999994	-0.6850000000000005	0.7349999999999994	0.6850000000000005
0.01	10000	1.2169999999999987	1.2220000000000013	1.2169999999999987	1.2220000000000013
2.0	2000000	-3.4000000000000004	-2.4000000000000004	3.4000000000000004	2.4000000000000004
1.0	1000000	-2.4499999999999993	-1.9499999999999993	2.4499999999999993	1.9499999999999993
0.5	500000	-1.7750000000000004	-1.5250000000000004	1.7750000000000004	1.5250000000000004
0.1	100000	0.7599999999999998	0.8100000000000005	0.7599999999999998	0.8100000000000005
0.01	10000	-1.2929999999999993	-1.2880000000000003	1.2929999999999993	1.2880000000000003
2.0	2000000	-3.4000000000000004	-2.4000000000000004	3.4000000000000004	2.4000000000000004
1.0	1000000	-2.4499999999999993	-1.9499999999999993	2.4499999999999993	1.9499999999999993
0.5	500000	-1.9499999999999993	-1.6999999999999993	1.9499999999999993	1.6999999999999993
0.1	100000	-0.28999999999999915	-0.2400000000000002	0.28999999999999915	0.2400000000000002
0.01	10000	1.274000000000001	1.279	1.274000000000001	1.279
2.0	2000000	-3.4000000000000004	-2.4000000000000004	3.4000000000000004	2.4000000000000004
1.0	1000000	1.4499999999999993	1.9499999999999993	1.4499999999999993	1.9499999999999993
0.5	500000	1.4499999999999993	1.6999999999999993	1.4499999999999993	1.6999999999999993
0.1	100000	-0.7550000000000008	-0.7050000000000001	0.7550000000000008	0.7050000000000001
0.01	10000	-0.01699999999999946	-0.012000000000000455	0.01699999999999946	0.012000000000000455
2.0	2000000	1.3000000000000007	2.3000000000000007	1.3000000000000007	2.3000000000000007
1.0	1000000	1.3000000000000007	1.8000000000000007	1.3000000000000007	1.8000000000000007
0.5	500000	1.3000000000000007	1.5500000000000007	1.3000000000000007	1.5500000000000007
0.1	100000	1.3249999999999993	1.375	1.3249999999999993	1.375
0.01	10000	-1.2249999999999996	-1.2200000000000006	1.2249999999999996	1.2200000000000006
2.0	2000000	1.3999999999999986	2.3999999999999986	1.3999999999999986	2.3999999999999986
1.0	1000000	1.3999999999999986	1.8999999999999986	1.3999999999999986	1.8999999999999986
0.5	500000	1.375	1.625	1.375	1.625
0.1	100000	-0.28500000000000014	-0.23499999999999943	0.28500000000000014	0.23499999999999943
0.01	10000	-0.6099999999999994	-0.6050000000000004	0.6099999999999994	0.6050000000000004
2.0	2000000	-3.3000000000000007	-2.3000000000000007	3.3000000000000007	2.3000000000000007
1.0	1000000	-2.25	-1.75	2.25	1.75
0.5	500000	-1.75	-1.5	1.75	1.5
0.1	100000	1.0199999999999996	1.0700000000000003	1.0199999999999996	1.0700000000000003
0.01	10000	1.0150000000000006	1.0199999999999996	1.0150000000000006	1.0199999999999996
2.0	2000000	1.0	2.0	1.0	2.0
1.0	1000000	1.0500000000000007	1.5500000000000007	1.0500000000000007	1.5500000000000007
0.5	500000	0.9499999999999993	1.1999999999999993	0.9499999999999993	1.1999999999999993
0.1	100000	-0.5250000000000004	-0.47499999999999964	0.5250000000000004	0.47499999999999964
0.01	10000	-0.5099999999999998	-0.5050000000000008	0.5099999999999998	0.5050000000000008
2.0	2000000	1.3999999999999986	2.3999999999999986	1.3999999999999986	2.3999999999999986
1.0	1000000	1.3999999999999986	1.8999999999999986	1.3999999999999986	1.8999999999999986
0.5	500000	1.4250000000000007	1.6750000000000007	1.4250000000000007	1.6750000000000007
0.1	100000	1.4250000000000007	1.4750000000000014	1.4250000000000007	1.4750000000000014
0.01	10000	1.4220000000000006	1.4269999999999996	1.4220000000000006	1.4269999999999996
2.0	2000000	1.3000000000000007	2.3000000000000007	1.3000000000000007	2.3000000000000007
1.0	1000000	1.3500000000000014	1.8500000000000014	1.3500000000000014	1.8500000000000014
0.5	500000	1.3249999999999993	1.5749999999999993	1.3249999999999993	1.5749999999999993
0.1	100000	-1.3000000000000007	-1.25	1.3000000000000007	1.25
0.01	10000	1.2319999999999993	1.2369999999999983	1.2319999999999993	1.2369999999999983
2.0	2000000	-3.4000000000000004	-2.4000000000000004	3.4000000000000004	2.4000000000000004
1.0	1000000	-2.4000000000000004	-1.9000000000000004	2.4000000000000004	1.9000000000000004
0.5	500000	-1.9250000000000007	-1.6750000000000007	1.9250000000000007	1.6750000000000007
0.1	100000	-1.545	-1.4949999999999992	1.545	1.4949999999999992
0.01	10000	-1.455	-1.4499999999999993	1.455	1.4499999999999993
2.0	2000000	-2.6999999999999993	-1.6999999999999993	2.6999999999999993	1.6999999999999993
1.0	1000000	-2.1500000000000004	-1.6500000000000004	2.1500000000000004	1.6500000000000004
0.5	500000	-1.25	-1.0	1.25	1.0
0.1	100000	0.7249999999999996	0.7750000000000004	0.7249999999999996	0.7750000000000004
0.01	10000	0.8100000000000005	0.8149999999999995	0.8100000000000005	0.8149999999999995
2.0	2000000	-3.4000000000000004	-2.4000000000000004	3.4000000000000004	2.4000000000000004
1.0	1000000	-2.4000000000000004	-1.9000000000000004	2.4000000000000004	1.9000000000000004
0.5	500000	-1.9749999999999996	-1.7249999999999996	1.9749999999999996	1.7249999999999996
0.1	100000	-0.33500000000000085	-0.28500000000000014	0.33500000000000085	0.28500000000000014
0.01	10000	-0.2699999999999996	-0.26500000000000057	0.2699999999999996	0.26500000000000057
2.0	2000000	1.3999999999999986	2.3999999999999986	1.3999999999999986	2.3999999999999986
1.0	1000000	1.3999999999999986	1.8999999999999986	1.3999999999999986	1.8999999999999986
0.5	500000	1.3999999999999986	1.6499999999999986	1.3999999999999986	1.6499999999999986
0.1	100000	0.6999999999999993	0.75	0.6999999999999993	0.75
0.01	10000	0.3650000000000002	0.3699999999999992	0.3650000000000002	0.3699999999999992
2.0	2000000	-3.4000000000000004	-2.4000000000000004	3.4000000000000004	2.4000000000000004
1.0	1000000	-2.4000000000000004	-1.9000000000000004	2.4000000000000004	1.9000000000000004
0.5	500000	-1.9250000000000007	-1.6750000000000007	1.9250000000000007	1.6750000000000007
0.1	100000	-0.3650000000000002	-0.3149999999999995	0.3650000000000002	0.3149999999999995
0.01	10000	0.22600000000000087	0.23099999999999987	0.22600000000000087	0.23099999999999987
2.0	2000000	1.3000000000000007	2.3000000000000007	1.3000000000000007	2.3000000000000007
1.0	1000000	1.25	1.75	1.25	1.75
0.5	500000	1.25	1.5	1.25	1.5
0.1	100000	-0.5199999999999996	-0.47000000000000064	0.5199999999999996	0.47000000000000064
0.01	10000	0.7539999999999996	0.7590000000000003	0.7539999999999996	0.7590000000000003
2.0	2000000	1.3999999999999986	2.3999999999999986	1.3999999999999986	2.3999999999999986
1.0	1000000	1.3999999999999986	1.8999999999999986	1.3999999999999986	1.8999999999999986
0.5	500000	1.3999999999999986	1.6499999999999986	1.3999999999999986	1.6499999999999986
0.1	100000	-1.4849999999999994	-1.4350000000000005	1.4849999999999994	1.4350000000000005
0.01	10000	0.7100000000000009	0.7149999999999999	0.7100000000000009	0.7149999999999999
2.0	2000000	1.3999999999999986	2.3999999999999986	1.3999999999999986	2.3999999999999986
1.0	1000000	1.3999999999999986	1.8999999999999986	1.3999999999999986	1.8999999999999986
0.5	500000	1.4750000000000014	1.7250000000000014	1.4750000000000014	1.7250000000000014
0.1	100000	-1.3650000000000002	-1.3149999999999995	1.3650000000000002	1.3149999999999995
0.01	10000	-1.109	-1.1039999999999992	1.109	1.1039999999999992
2.0	2000000	1.3000000000000007	2.3000000000000007	1.3000000000000007	2.3000000000000007
1.0	1000000	1.3000000000000007	1.8000000000000007	1.3000000000000007	1.8000000000000007
0.5	500000	1.3000000000000007	1.5500000000000007	1.3000000000000007	1.5500000000000007
0.1	100000	1.2850000000000001	1.3350000000000009	1.2850000000000001	1.3350000000000009
0.01	10000	-0.5220000000000002	-0.5169999999999995	0.5220000000000002	0.5169999999999995
2.0	2000000	1.3000000000000007	2.3000000000000007	1.3000000000000007	2.3000000000000007
1.0	1000000	1.3000000000000007	1.8000000000000007	1.3000000000000007	1.8000000000000007
0.5	500000	1.3000000000000007	1.5500000000000007	1.3000000000000007	1.5500000000000007
0.1	100000	0.15499999999999936	0.20500000000000007	0.15499999999999936	0.20500000000000007
0.01	10000	0.9339999999999993	0.9390000000000001	0.9339999999999993	0.9390000000000001
2.0	2000000	-3.4000000000000004	-2.4000000000000004	3.4000000000000004	2.4000000000000004
1.0	1000000	1.3500000000000014	1.8500000000000014	1.3500000000000014	1.8500000000000014
0.5	500000	1.3500000000000014	1.6000000000000014	1.3500000000000014	1.6000000000000014
0.1	100000	0.9100000000000001	0.9600000000000009	0.9100000000000001	0.9600000000000009
0.01	10000	0.9440000000000008	0.9489999999999998	0.9440000000000008	0.9489999999999998
2.0	2000000	1.3999999999999986	2.3999999999999986	1.3999999999999986	2.3999999999999986
1.0	1000000	-0.34999999999999964	0.15000000000000036	0.34999999999999964	0.15000000000000036
0.5	500000	1.4750000000000014	1.7250000000000014	1.4750000000000014	1.7250000000000014
0.1	100000	0.9049999999999994	0.9550000000000001	0.9049999999999994	0.9550000000000001
0.01	10000	-0.266	-0.26099999999999923	0.266	0.26099999999999923
2.0	2000000	-3.4000000000000004	-2.4000000000000004	3.4000000000000004	2.4000000000000004
1.0	1000000	-2.4000000000000004	-1.9000000000000004	2.4000000000000004	1.9000000000000004
0.5	500000	1.4250000000000007	1.6750000000000007	1.4250000000000007	1.6750000000000007
0.1	100000	1.4100000000000001	1.4600000000000009	1.4100000000000001	1.4600000000000009
0.01	10000	-0.05799999999999983	-0.053000000000000824	0.05799999999999983	0.053000000000000824
2.0	2000000	1.3999999999999986	2.3999999999999986	1.3999999999999986	2.3999999999999986
1.0	1000000	1.3999999999999986	1.8999999999999986	1.3999999999999986	1.8999999999999986
0.5	500000	1.3999999999999986	1.6499999999999986	1.3999999999999986	1.6499999999999986
0.1	100000	-0.28500000000000014	-0.23499999999999943	0.28500000000000014	0.23499999999999943
0.01	10000	0.33999999999999986	0.34500000000000064	0.33999999999999986	0.34500000000000064
2.0	2000000	-3.3000000000000007	-2.3000000000000007	3.3000000000000007	2.3000000000000007
1.0	1000000	-2.3000000000000007	-1.8000000000000007	2.3000000000000007	1.8000000000000007
0.5	500000	-1.8249999999999993	-1.5749999999999993	1.8249999999999993	1.5749999999999993
0.1	100000	-0.8699999999999992	-0.8200000000000003	0.8699999999999992	0.8200000000000003
0.01	10000	-1.3960000000000008	-1.391	1.3960000000000008	1.391
2.0	2000000	-3.4000000000000004	-2.4000000000000004	3.4000000000000004	2.4000000000000004
1.0	1000000	-0.25	0.25	0.25	0.25
0.5	500000	-0.22499999999999964	0.025000000000000355	0.22499999999999964	0.025000000000000355
0.1	100000	-0.21499999999999986	-0.16499999999999915	0.21499999999999986	0.16499999999999915
0.01	10000	-0.9039999999999999	-0.8989999999999991	0.9039999999999999	0.8989999999999991
2.0	2000000	1.3999999999999986	2.3999999999999986	1.3999999999999986	2.3999999999999986
1.0	1000000	1.3500000000000014	1.8500000000000014	1.3500000000000014	1.8500000000000014
0.5	500000	1.375	1.625	1.375	1.625
0.1	100000	-0.6950000000000003	-0.6449999999999996	0.6950000000000003	0.6449999999999996
0.01	10000	-0.6059999999999999	-0.6010000000000009	0.6059999999999999	0.6010000000000009
2.0	2000000	1.3999999999999986	2.3999999999999986	1.3999999999999986	2.3999999999999986
1.0	1000000	1.4499999999999993	1.9499999999999993	1.4499999999999993	1.9499999999999993
0.5	500000	1.4750000000000014	1.7250000000000014	1.4750000000000014	1.7250000000000014
0.1	100000	0.47000000000000064	0.5199999999999996	0.47000000000000064	0.5199999999999996
0.01	10000	-1.4529999999999994	-1.4480000000000004	1.4529999999999994	1.4480000000000004
2.0	2000000	-3.4000000000000004	-2.4000000000000004	3.4000000000000004	2.4000000000000004
1.0	1000000	-2.4000000000000004	-1.9000000000000004	2.4000000000000004	1.9000000000000004
0.5	500000	-1.9000000000000004	-1.6500000000000004	1.9000000000000004	1.6500000000000004
0.1	100000	-1.5	-1.4499999999999993	1.5	1.4499999999999993
0.01	10000	-0.609	-0.6039999999999992	0.609	0.6039999999999992
2.0	2000000	1.3000000000000007	2.3000000000000007	1.3000000000000007	2.3000000000000007
1.0	1000000	1.3000000000000007	1.8000000000000007	1.3000000000000007	1.8000000000000007
0.5	500000	1.3000000000000007	1.5500000000000007	1.3000000000000007	1.5500000000000007
0.1	100000	0.7449999999999992	0.7949999999999999	0.7449999999999992	0.7949999999999999
0.01	10000	-1.0579999999999998	-1.0530000000000008	1.0579999999999998	1.0530000000000008
2.0	2000000	-3.3000000000000007	-2.3000000000000007	3.3000000000000007	2.3000000000000007
1.0	1000000	-2.3499999999999996	-1.8499999999999996	2.3499999999999996	1.8499999999999996
0.5	500000	-1.875	-1.625	1.875	1.625
0.1	100000	-0.16999999999999993	-0.11999999999999922	0.16999999999999993	0.11999999999999922
0.01	10000	-0.532	-0.5269999999999992	0.532	0.5269999999999992
2.0	2000000	-2.1999999999999993	-1.1999999999999993	2.1999999999999993	1.1999999999999993
1.0	1000000	-1.1999999999999993	-0.6999999999999993	1.1999999999999993	0.6999999999999993
0.5	500000	-0.6999999999999993	-0.4499999999999993	0.6999999999999993	0.4499999999999993
0.1	100000	0.8300000000000001	0.8800000000000008	0.8300000000000001	0.8800000000000008
0.01	10000	-0.2140000000000004	-0.20899999999999963	0.2140000000000004	0.20899999999999963
2.0	2000000	1.3999999999999986	2.3999999999999986	1.3999999999999986	2.3999999999999986
1.0	1000000	1.3999999999999986	1.8999999999999986	1.3999999999999986	1.8999999999999986
0.5	500000	1.3999999999999986	1.6499999999999986	1.3999999999999986	1.6499999999999986
0.1	100000	0.3699999999999992	0.41999999999999993	0.3699999999999992	0.41999999999999993
0.01	10000	-0.8840000000000003	-0.8789999999999996	0.8840000000000003	0.8789999999999996
2.0	2000000	1.1000000000000014	2.1000000000000014	1.1000000000000014	2.1000000000000014
1.0	1000000	1.1000000000000014	1.6000000000000014	1.1000000000000014	1.6000000000000014
0.5	500000	0.9499999999999993	1.1999999999999993	0.9499999999999993	1.1999999999999993
0.1	100000	0.4299999999999997	0.4800000000000004	0.4299999999999997	0.4800000000000004
0.01	10000	0.8119999999999994	0.8170000000000002	0.8119999999999994	0.8170000000000002
2.0	2000000	-3.3000000000000007	-2.3000000000000007	3.3000000000000007	2.3000000000000007
1.0	1000000	-2.3499999999999996	-1.8499999999999996	2.3499999999999996	1.8499999999999996
0.5	500000	-1.8499999999999996	-1.5999999999999996	1.8499999999999996	1.5999999999999996
0.1	100000	-1.4600000000000009	-1.4100000000000001	1.4600000000000009	1.4100000000000001
0.01	10000	-0.9879999999999995	-0.9830000000000005	0.9879999999999995	0.9830000000000005
2.0	2000000	-3.4000000000000004	-2.4000000000000004	3.4000000000000004	2.4000000000000004
1.0	1000000	-2.4499999999999993	-1.9499999999999993	2.4499999999999993	1.9499999999999993
0.5	500000	-1.9749999999999996	-1.7249999999999996	1.9749999999999996	1.7249999999999996
0.1	100000	-1.0600000000000005	-1.0099999999999998	1.0600000000000005	1.0099999999999998
0.01	10000	0.11100000000000065	0.11599999999999966	0.11100000000000065	0.11599999999999966
2.0	2000000	-0.5999999999999996	0.40000000000000036	0.5999999999999996	0.40000000000000036
1.0	1000000	-2.4499999999999993	-1.9499999999999993	2.4499999999999993	1.9499999999999993
0.5	500000	-1.9499999999999993	-1.6999999999999993	1.9499999999999993	1.6999999999999993
0.1	100000	0.125	0.1750000000000007	0.125	0.1750000000000007
0.01	10000	0.2140000000000004	0.21899999999999942	0.2140000000000004	0.21899999999999942
2.0	2000000	1.3999999999999986	2.3999999999999986	1.3999999999999986	2.3999999999999986
1.0	1000000	1.4499999999999993	1.9499999999999993	1.4499999999999993	1.9499999999999993
0.5	500000	1.4499999999999993	1.6999999999999993	1.4499999999999993	1.6999999999999993
0.1	100000	0.9600000000000009	1.0100000000000016	0.9600000000000009	1.0100000000000016
0.01	10000	1.0390000000000015	1.0440000000000005	1.0390000000000015	1.0440000000000005
2.0	2000000	1.1999999999999993	2.1999999999999993	1.1999999999999993	2.1999999999999993
1.0	1000000	1.1499999999999986	1.6499999999999986	1.1499999999999986	1.6499999999999986
0.5	500000	1.1499999999999986	1.3999999999999986	1.1499999999999986	1.3999999999999986
0.1	100000	1.1700000000000017	1.2199999999999989	1.1700000000000017	1.2199999999999989
0.01	10000	0.9440000000000008	0.9489999999999998	0.9440000000000008	0.9489999999999998
2.0	2000000	-3.4000000000000004	-2.4000000000000004	3.4000000000000004	2.4000000000000004
1.0	1000000	-2.1500000000000004	-1.6500000000000004	2.1500000000000004	1.6500000000000004
0.5	500000	-1.9250000000000007	-1.6750000000000007	1.9250000000000007	1.6750000000000007
0.1	100000	-0.7799999999999994	-0.7300000000000004	0.7799999999999994	0.7300000000000004
0.01	10000	-0.3849999999999998	-0.3800000000000008	0.3849999999999998	0.3800000000000008
2.0	2000000	-3.4000000000000004	-2.4000000000000004	3.4000000000000004	2.4000000000000004
1.0	1000000	-2.4000000000000004	-1.9000000000000004	2.4000000000000004	1.9000000000000004
0.5	500000	-1.9250000000000007	-1.6750000000000007	1.9250000000000007	1.6750000000000007
0.1	100000	0.9199999999999999	0.9700000000000006	0.9199999999999999	0.9700000000000006
0.01	10000	-1.4450000000000003	-1.4399999999999995	1.4450000000000003	1.4399999999999995
2.0	2000000	-3.4000000000000004	-2.4000000000000004	3.4000000000000004	2.4000000000000004
1.0	1000000	-2.4499999999999993	-1.9499999999999993	2.4499999999999993	1.9499999999999993
0.5	500000	-1.9499999999999993	-1.6999999999999993	1.9499999999999993	1.6999999999999993
0.1	100000	-0.41999999999999993	-0.3699999999999992	0.41999999999999993	0.3699999999999992
0.01	10000	-0.37899999999999956	-0.37400000000000055	0.37899999999999956	0.37400000000000055
2.0	2000000	1.1999999999999993	2.1999999999999993	1.1999999999999993	2.1999999999999993
1.0	1000000	1.3500000000000014	1.8500000000000014	1.3500000000000014	1.8500000000000014
0.5	500000	1.3249999999999993	1.5749999999999993	1.3249999999999993	1.5749999999999993
0.1	100000	1.3399999999999999	1.3900000000000006	1.3399999999999999	1.3900000000000006
0.01	10000	-0.827	-0.8219999999999992	0.827	0.8219999999999992
2.0	2000000	1.3000000000000007	2.3000000000000007	1.3000000000000007	2.3000000000000007
1.0	1000000	1.3000000000000007	1.8000000000000007	1.3000000000000007	1.8000000000000007
0.5	500000	1.3000000000000007	1.5500000000000007	1.3000000000000007	1.5500000000000007
0.1	100000	-0.9900000000000002	-0.9399999999999995	0.9900000000000002	0.9399999999999995
0.01	10000	0.7490000000000006	0.7539999999999996	0.7490000000000006	0.7539999999999996
2.0	2000000	-2.5999999999999996	-1.5999999999999996	2.5999999999999996	1.5999999999999996
1.0	1000000	-1.4000000000000004	-0.9000000000000004	1.4000000000000004	0.9000000000000004
0.5	500000	-0.8000000000000007	-0.5500000000000007	0.8000000000000007	0.5500000000000007
0.1	100000	-0.7050000000000001	-0.6549999999999994	0.7050000000000001	0.6549999999999994
0.01	10000	0.3219999999999992	0.32699999999999996	0.3219999999999992	0.32699999999999996
2.0	2000000	-3.3000000000000007	-2.3000000000000007	3.3000000000000007	2.3000000000000007
1.0	1000000	0.0	0.5	0.0	0.5
0.5	500000	0.07499999999999929	0.3249999999999993	0.07499999999999929	0.3249999999999993
0.1	100000	0.48499999999999943	0.5350000000000001	0.48499999999999943	0.5350000000000001
0.01	10000	0.5489999999999995	0.5540000000000003	0.5489999999999995	0.5540000000000003
2.0	2000000	1.3999999999999986	2.3999999999999986	1.3999999999999986	2.3999999999999986
1.0	1000000	1.3999999999999986	1.8999999999999986	1.3999999999999986	1.8999999999999986
0.5	500000	1.4250000000000007	1.6750000000000007	1.4250000000000007	1.6750000000000007
0.1	100000	-1.0549999999999997	-1.0050000000000008	1.0549999999999997	1.0050000000000008
0.01	10000	0.7189999999999994	0.7240000000000002	0.7189999999999994	0.7240000000000002
2.0	2000000	-1.4000000000000004	-0.40000000000000036	1.4000000000000004	0.40000000000000036
1.0	1000000	-0.40000000000000036	0.09999999999999964	0.40000000000000036	0.09999999999999964
0.5	500000	0.07499999999999929	0.3249999999999993	0.07499999999999929	0.3249999999999993
0.1	100000	0.5050000000000008	0.5549999999999997	0.5050000000000008	0.5549999999999997
0.01	10000	0.4109999999999996	0.41600000000000037	0.4109999999999996	0.41600000000000037
2.0	2000000	1.3999999999999986	2.3999999999999986	1.3999999999999986	2.3999999999999986
1.0	1000000	1.4499999999999993	1.9499999999999993	1.4499999999999993	1.9499999999999993
0.5	500000	1.4499999999999993	1.6999999999999993	1.4499999999999993	1.6999999999999993
0.1	100000	1.4849999999999994	1.5350000000000001	1.4849999999999994	1.5350000000000001
0.01	10000	1.4830000000000005	1.4879999999999995	1.4830000000000005	1.4879999999999995
2.0	2000000	-3.4000000000000004	-2.4000000000000004	3.4000000000000004	2.4000000000000004
1.0	1000000	-2.4000000000000004	-1.9000000000000004	2.4000000000000004	1.9000000000000004
0.5	500000	-1.9250000000000007	-1.6750000000000007	1.9250000000000007	1.6750000000000007
0.1	100000	-1.2149999999999999	-1.1649999999999991	1.2149999999999999	1.1649999999999991
0.01	10000	-0.28999999999999915	-0.28500000000000014	0.28999999999999915	0.28500000000000014
2.0	2000000	0.8000000000000007	1.8000000000000007	0.8000000000000007	1.8000000000000007
1.0	1000000	-2.25	-1.75	2.25	1.75
0.5	500000	-1.0250000000000004	-0.7750000000000004	1.0250000000000004	0.7750000000000004
0.1	100000	0.6699999999999999	0.7200000000000006	0.6699999999999999	0.7200000000000006
0.01	10000	-0.9570000000000007	-0.952	0.9570000000000007	0.952
2.0	2000000	-3.3000000000000007	-2.3000000000000007	3.3000000000000007	2.3000000000000007
1.0	1000000	-2.4499999999999993	-1.9499999999999993	2.4499999999999993	1.9499999999999993
0.5	500000	-1.9499999999999993	-1.6999999999999993	1.9499999999999993	1.6999999999999993
0.1	100000	-1.1400000000000006	-1.0899999999999999	1.1400000000000006	1.0899999999999999
0.01	10000	-0.5429999999999993	-0.5380000000000003	0.5429999999999993	0.5380000000000003
2.0	2000000	-1.1999999999999993	-0.1999999999999993	1.1999999999999993	0.1999999999999993
1.0	1000000	-0.3000000000000007	0.1999999999999993	0.3000000000000007	0.1999999999999993
0.5	500000	0.15000000000000036	0.40000000000000036	0.15000000000000036	0.40000000000000036
0.1	100000	0.4499999999999993	0.5	0.4499999999999993	0.5
0.01	10000	0.5359999999999996	0.5410000000000004	0.5359999999999996	0.5410000000000004
2.0	2000000	1.3999999999999986	2.3999999999999986	1.3999999999999986	2.3999999999999986
1.0	1000000	1.3999999999999986	1.8999999999999986	1.3999999999999986	1.8999999999999986
0.5	500000	1.4250000000000007	1.6750000000000007	1.4250000000000007	1.6750000000000007
0.1	100000	0.26500000000000057	0.3149999999999995	0.26500000000000057	0.3149999999999995
0.01	10000	0.9220000000000006	0.9269999999999996	0.9220000000000006	0.9269999999999996
2.0	2000000	-2.9000000000000004	-1.9000000000000004	2.9000000000000004	1.9000000000000004
1.0	1000000	-0.6500000000000004	-0.15000000000000036	0.6500000000000004	0.15000000000000036
0.5	500000	-0.6750000000000007	-0.4250000000000007	0.6750000000000007	0.4250000000000007
0.1	100000	-1.25	-1.1999999999999993	1.25	1.1999999999999993
0.01	10000	-0.23000000000000043	-0.22499999999999964	0.23000000000000043	0.22499999999999964
2.0	2000000	-3.4000000000000004	-2.4000000000000004	3.4000000000000004	2.4000000000000004
1.0	1000000	-2.4000000000000004	-1.9000000000000004	2.4000000000000004	1.9000000000000004
0.5	500000	-1.9000000000000004	-1.6500000000000004	1.9000000000000004	1.6500000000000004
0.1	100000	-1.5199999999999996	-1.4700000000000006	1.5199999999999996	1.4700000000000006
0.01	10000	-0.2889999999999997	-0.2840000000000007	0.2889999999999997	0.2840000000000007
2.0	2000000	-3.3000000000000007	-2.3000000000000007	3.3000000000000007	2.3000000000000007
1.0	1000000	-2.3499999999999996	-1.8499999999999996	2.3499999999999996	1.8499999999999996
0.5	500000	-1.875	-1.625	1.875	1.625
0.1	100000	0.39000000000000057	0.4399999999999995	0.39000000000000057	0.4399999999999995
0.01	10000	-1.3960000000000008	-1.391	1.3960000000000008	1.391
2.0	2000000	-1.9000000000000004	-0.9000000000000004	1.9000000000000004	0.9000000000000004
1.0	1000000	-0.9000000000000004	-0.40000000000000036	0.9000000000000004	0.40000000000000036
0.5	500000	-0.6750000000000007	-0.4250000000000007	0.6750000000000007	0.4250000000000007
0.1	100000	-0.5600000000000005	-0.5099999999999998	0.5600000000000005	0.5099999999999998
0.01	10000	0.015000000000000568	0.019999999999999574	0.015000000000000568	0.019999999999999574
2.0	2000000	-3.4000000000000004	-2.4000000000000004	3.4000000000000004	2.4000000000000004
1.0	1000000	-2.4000000000000004	-1.9000000000000004	2.4000000000000004	1.9000000000000004
0.5	500000	-1.9250000000000007	-1.6750000000000007	1.9250000000000007	1.6750000000000007
0.1	100000	-0.5950000000000006	-0.5449999999999999	0.5950000000000006	0.5449999999999999
0.01	10000	1.2729999999999997	1.2779999999999987	1.2729999999999997	1.2779999999999987
2.0	2000000	-3.4000000000000004	-2.4000000000000004	3.4000000000000004	2.4000000000000004
1.0	1000000	-2.4499999999999993	-1.9499999999999993	2.4499999999999993	1.9499999999999993
0.5	500000	-1.875	-1.625	1.875	1.625
0.1	100000	0.6799999999999997	0.7300000000000004	0.6799999999999997	0.7300000000000004
0.01	10000	-0.3620000000000001	-0.3569999999999993	0.3620000000000001	0.3569999999999993
2.0	2000000	1.3000000000000007	2.3000000000000007	1.3000000000000007	2.3000000000000007
1.0	1000000	1.3000000000000007	1.8000000000000007	1.3000000000000007	1.8000000000000007
0.5	500000	-1.9749999999999996	-1.7249999999999996	1.9749999999999996	1.7249999999999996
0.1	100000	0.6699999999999999	0.7200000000000006	0.6699999999999999	0.7200000000000006
0.01	10000	0.6370000000000005	0.6419999999999995	0.6370000000000005	0.6419999999999995
2.0	2000000	1.3999999999999986	2.3999999999999986	1.3999999999999986	2.3999999999999986
1.0	1000000	1.3999999999999986	1.8999999999999986	1.3999999999999986	1.8999999999999986
0.5	500000	1.375	1.625	1.375	1.625
0.1	100000	-0.9749999999999996	-0.9250000000000007	0.9749999999999996	0.9250000000000007
0.01	10000	-0.9760000000000009	-0.9710000000000001	0.9760000000000009	0.9710000000000001
2.0	2000000	-3.4000000000000004	-2.4000000000000004	3.4000000000000004	2.4000000000000004
1.0	1000000	-2.4000000000000004	-1.9000000000000004	2.4000000000000004	1.9000000000000004
0.5	500000	0.5250000000000004	0.7750000000000004	0.5250000000000004	0.7750000000000004
0.1	100000	0.08999999999999986	0.14000000000000057	0.08999999999999986	0.14000000000000057
0.01	10000	0.15700000000000003	0.1620000000000008	0.15700000000000003	0.1620000000000008
2.0	2000000	1.3999999999999986	2.3999999999999986	1.3999999999999986	2.3999999999999986
1.0	1000000	1.3999999999999986	1.8999999999999986	1.3999999999999986	1.8999999999999986
0.5	500000	1.3999999999999986	1.6499999999999986	1.3999999999999986	1.6499999999999986
0.1	100000	-0.4450000000000003	-0.3949999999999996	0.4450000000000003	0.3949999999999996
0.01	10000	-0.42900000000000027	-0.4239999999999995	0.42900000000000027	0.4239999999999995
2.0	2000000	0.40000000000000036	1.3999999999999986	0.40000000000000036	1.3999999999999986
1.0	1000000	1.4499999999999993	1.9499999999999993	1.4499999999999993	1.9499999999999993
0.5	500000	0.34999999999999964	0.5999999999999996	0.34999999999999964	0.5999999999999996
0.1	100000	-0.8499999999999996	-0.8000000000000007	0.8499999999999996	0.8000000000000007
0.01	10000	0.49600000000000044	0.5009999999999994	0.49600000000000044	0.5009999999999994
2.0	2000000	-3.1999999999999993	-2.1999999999999993	3.1999999999999993	2.1999999999999993
1.0	1000000	-2.1999999999999993	-1.6999999999999993	2.1999999999999993	1.6999999999999993
0.5	500000	-1.7750000000000004	-1.5250000000000004	1.7750000000000004	1.5250000000000004
0.1	100000	0.03999999999999915	0.08999999999999986	0.03999999999999915	0.08999999999999986
0.01	10000	-0.12400000000000055	-0.11899999999999977	0.12400000000000055	0.11899999999999977
2.0	2000000	-3.0	-2.0	3.0	2.0
1.0	1000000	-2.0	-1.5	2.0	1.5
0.5	500000	1.4250000000000007	1.6750000000000007	1.4250000000000007	1.6750000000000007
0.1	100000	-0.46000000000000085	-0.41000000000000014	0.46000000000000085	0.41000000000000014
0.01	10000	-1.0220000000000002	-1.0169999999999995	1.0220000000000002	1.0169999999999995
2.0	2000000	-3.4000000000000004	-2.4000000000000004	3.4000000000000004	2.4000000000000004
1.0	1000000	-2.4000000000000004	-1.9000000000000004	2.4000000000000004	1.9000000000000004
0.5	500000	-1.9250000000000007	-1.6750000000000007	1.9250000000000007	1.6750000000000007
0.1	100000	0.9700000000000006	1.0199999999999996	0.9700000000000006	1.0199999999999996
0.01	10000	1.0599999999999987	1.0650000000000013	1.0599999999999987	1.0650000000000013
2.0	2000000	1.3999999999999986	2.3999999999999986	1.3999999999999986	2.3999999999999986
1.0	1000000	1.4499999999999993	1.9499999999999993	1.4499999999999993	1.9499999999999993
0.5	500000	1.4499999999999993	1.6999999999999993	1.4499999999999993	1.6999999999999993
0.1	100000	-0.23499999999999943	-0.1850000000000005	0.23499999999999943	0.1850000000000005
0.01	10000	-1.2690000000000001	-1.2639999999999993	1.2690000000000001	1.2639999999999993
2.0	2000000	0.40000000000000036	1.3999999999999986	0.40000000000000036	1.3999999999999986
1.0	1000000	-2.4499999999999993	-1.9499999999999993	2.4499999999999993	1.9499999999999993
0.5	500000	0.75	1.0	0.75	1.0
0.1	100000	1.0650000000000013	1.1149999999999984	1.0650000000000013	1.1149999999999984
0.01	10000	0.9459999999999997	0.9510000000000005	0.9459999999999997	0.9510000000000005
2.0	2000000	-1.3000000000000007	-0.3000000000000007	1.3000000000000007	0.3000000000000007
1.0	1000000	0.0	0.5	0.0	0.5
0.5	500000	0.22499999999999964	0.47499999999999964	0.22499999999999964	0.47499999999999964
0.1	100000	-0.39000000000000057	-0.33999999999999986	0.39000000000000057	0.33999999999999986
0.01	10000	-0.5549999999999997	-0.5500000000000007	0.5549999999999997	0.5500000000000007
2.0	2000000	-1.0	0.0	1.0	0.0
1.0	1000000	-1.1999999999999993	-0.6999999999999993	1.1999999999999993	0.6999999999999993
0.5	500000	0.5	0.75	0.5	0.75
0.1	100000	-0.34999999999999964	-0.3000000000000007	0.34999999999999964	0.3000000000000007
0.01	10000	0.6750000000000007	0.6799999999999997	0.6750000000000007	0.6799999999999997
2.0	2000000	-3.4000000000000004	-2.4000000000000004	3.4000000000000004	2.4000000000000004
1.0	1000000	-2.4499999999999993	-1.9499999999999993	2.4499999999999993	1.9499999999999993
0.5	500000	-1.9499999999999993	-1.6999999999999993	1.9499999999999993	1.6999999999999993
0.1	100000	0.21000000000000085	0.2599999999999998	0.21000000000000085	0.2599999999999998
0.01	10000	0.2840000000000007	0.2889999999999997	0.2840000000000007	0.2889999999999997
2.0	2000000	1.3999999999999986	2.3999999999999986	1.3999999999999986	2.3999999999999986
1.0	1000000	1.3999999999999986	1.8999999999999986	1.3999999999999986	1.8999999999999986
0.5	500000	1.3999999999999986	1.6499999999999986	1.3999999999999986	1.6499999999999986
0.1	100000	0.6300000000000008	0.6799999999999997	0.6300000000000008	0.6799999999999997
0.01	10000	-0.3780000000000001	-0.37299999999999933	0.3780000000000001	0.37299999999999933
2.0	2000000	-3.4000000000000004	-2.4000000000000004	3.4000000000000004	2.4000000000000004
1.0	1000000	-2.4000000000000004	-1.9000000000000004	2.4000000000000004	1.9000000000000004
0.5	500000	0.6500000000000004	0.9000000000000004	0.6500000000000004	0.9000000000000004
0.1	100000	1.004999999999999	1.0549999999999997	1.004999999999999	1.0549999999999997
0.01	10000	-0.04499999999999993	-0.03999999999999915	0.04499999999999993	0.03999999999999915
2.0	2000000	1.3999999999999986	2.3999999999999986	1.3999999999999986	2.3999999999999986
1.0	1000000	1.4499999999999993	1.9499999999999993	1.4499999999999993	1.9499999999999993
0.5	500000	1.4250000000000007	1.6750000000000007	1.4250000000000007	1.6750000000000007
0.1	100000	0.07000000000000028	0.11999999999999922	0.07000000000000028	0.11999999999999922
0.01	10000	-0.6120000000000001	-0.6069999999999993	0.6120000000000001	0.6069999999999993
2.0	2000000	1.3999999999999986	2.3999999999999986	1.3999999999999986	2.3999999999999986
1.0	1000000	1.3999999999999986	1.8999999999999986	1.3999999999999986	1.8999999999999986
0.5	500000	1.4250000000000007	1.6750000000000007	1.4250000000000007	1.6750000000000007
0.1	100000	1.4250000000000007	1.4750000000000014	1.4250000000000007	1.4750000000000014
0.01	10000	-0.5340000000000007	-0.5289999999999999	0.5340000000000007	0.5289999999999999
2.0	2000000	0.6999999999999993	1.6999999999999993	0.6999999999999993	1.6999999999999993
1.0	1000000	0.1999999999999993	0.6999999999999993	0.1999999999999993	0.6999999999999993
0.5	500000	-1.9749999999999996	-1.7249999999999996	1.9749999999999996	1.7249999999999996
0.1	100000	0.2599999999999998	0.3100000000000005	0.2599999999999998	0.3100000000000005
0.01	10000	0.009999999999999787	0.015000000000000568	0.009999999999999787	0.015000000000000568
2.0	2000000	-3.4000000000000004	-2.4000000000000004	3.4000000000000004	2.4000000000000004
1.0	1000000	-2.4499999999999993	-1.9499999999999993	2.4499999999999993	1.9499999999999993
0.5	500000	-1.9499999999999993	-1.6999999999999993	1.9499999999999993	1.6999999999999993
0.1	100000	-0.1899999999999995	-0.14000000000000057	0.1899999999999995	0.14000000000000057
0.01	10000	-1.282	-1.2769999999999992	1.282	1.2769999999999992
2.0	2000000	0.40000000000000036	1.3999999999999986	0.40000000000000036	1.3999999999999986
1.0	1000000	0.4499999999999993	0.9499999999999993	0.4499999999999993	0.9499999999999993
0.5	500000	0.5250000000000004	0.7750000000000004	0.5250000000000004	0.7750000000000004
0.1	100000	1.2650000000000006	1.3150000000000013	1.2650000000000006	1.3150000000000013
0.01	10000	-1.0079999999999991	-1.0030000000000001	1.0079999999999991	1.0030000000000001
2.0	2000000	-3.0	-2.0	3.0	2.0
1.0	1000000	-2.0	-1.5	2.0	1.5
0.5	500000	0.4499999999999993	0.6999999999999993	0.4499999999999993	0.6999999999999993
0.1	100000	0.5500000000000007	0.5999999999999996	0.5500000000000007	0.5999999999999996
0.01	10000	-0.44599999999999973	-0.4410000000000007	0.44599999999999973	0.4410000000000007
2.0	2000000	-1.0999999999999996	-0.09999999999999964	1.0999999999999996	0.09999999999999964
1.0	1000000	1.4499999999999993	1.9499999999999993	1.4499999999999993	1.9499999999999993
0.5	500000	0.4250000000000007	0.6750000000000007	0.4250000000000007	0.6750000000000007
0.1	100000	0.6050000000000004	0.6549999999999994	0.6050000000000004	0.6549999999999994
0.01	10000	-0.9939999999999998	-0.9890000000000008	0.9939999999999998	0.9890000000000008
2.0	2000000	-3.0	-2.0	3.0	2.0
1.0	1000000	-2.0	-1.5	2.0	1.5
0.5	500000	-1.9749999999999996	-1.7249999999999996	1.9749999999999996	1.7249999999999996
0.1	100000	-1.0899999999999999	-1.0399999999999991	1.0899999999999999	1.0399999999999991
0.01	10000	-1.2279999999999998	-1.2230000000000008	1.2279999999999998	1.2230000000000008
2.0	2000000	-0.9000000000000004	0.09999999999999964	0.9000000000000004	0.09999999999999964
1.0	1000000	-0.9000000000000004	-0.40000000000000036	0.9000000000000004	0.40000000000000036
0.5	500000	-0.375	-0.125	0.375	0.125
0.1	100000	0.9649999999999999	1.0150000000000006	0.9649999999999999	1.0150000000000006
0.01	10000	1.282	1.286999999999999	1.282	1.286999999999999
2.0	2000000	-3.3000000000000007	-2.3000000000000007	3.3000000000000007	2.3000000000000007
1.0	1000000	-2.25	-1.75	2.25	1.75
0.5	500000	-1.7750000000000004	-1.5250000000000004	1.7750000000000004	1.5250000000000004
0.1	100000	-1.42	-1.3699999999999992	1.42	1.3699999999999992
0.01	10000	-1.4000000000000004	-1.3949999999999996	1.4000000000000004	1.3949999999999996
2.0	2000000	-3.4000000000000004	-2.4000000000000004	3.4000000000000004	2.4000000000000004
1.0	1000000	-2.4499999999999993	-1.9499999999999993	2.4499999999999993	1.9499999999999993
0.5	500000	-1.9499999999999993	-1.6999999999999993	1.9499999999999993	1.6999999999999993
0.1	100000	-0.8900000000000006	-0.8399999999999999	0.8900000000000006	0.8399999999999999
0.01	10000	-1.0719999999999992	-1.0670000000000002	1.0719999999999992	1.0670000000000002
2.0	2000000	-3.1999999999999993	-2.1999999999999993	3.1999999999999993	2.1999999999999993
1.0	1000000	-2.1999999999999993	-1.6999999999999993	2.1999999999999993	1.6999999999999993
0.5	500000	-1.6999999999999993	-1.4499999999999993	1.6999999999999993	1.4499999999999993
0.1	100000	-1.2750000000000004	-1.2249999999999996	1.2750000000000004	1.2249999999999996
0.01	10000	1.248000000000001	1.2530000000000001	1.248000000000001	1.2530000000000001
2.0	2000000	-3.4000000000000004	-2.4000000000000004	3.4000000000000004	2.4000000000000004
1.0	1000000	-2.4499999999999993	-1.9499999999999993	2.4499999999999993	1.9499999999999993
0.5	500000	-1.9499999999999993	-1.6999999999999993	1.9499999999999993	1.6999999999999993
0.1	100000	-1.5500000000000007	-1.5	1.5500000000000007	1.5
0.01	10000	-0.8469999999999995	-0.8420000000000005	0.8469999999999995	0.8420000000000005
2.0	2000000	-3.4000000000000004	-2.4000000000000004	3.4000000000000004	2.4000000000000004
1.0	1000000	-2.4000000000000004	-1.9000000000000004	2.4000000000000004	1.9000000000000004
0.5	500000	-1.9749999999999996	-1.7249999999999996	1.9749999999999996	1.7249999999999996
0.1	100000	0.8550000000000004	0.9049999999999994	0.8550000000000004	0.9049999999999994
0.01	10000	1.2890000000000015	1.2940000000000005	1.2890000000000015	1.2940000000000005
2.0	2000000	1.3000000000000007	2.3000000000000007	1.3000000000000007	2.3000000000000007
1.0	1000000	1.3000000000000007	1.8000000000000007	1.3000000000000007	1.8000000000000007
0.5	500000	1.3000000000000007	1.5500000000000007	1.3000000000000007	1.5500000000000007
0.1	100000	-0.8450000000000006	-0.7949999999999999	0.8450000000000006	0.7949999999999999
0.01	10000	-0.7769999999999992	-0.7720000000000002	0.7769999999999992	0.7720000000000002
2.0	2000000	-1.1999999999999993	-0.1999999999999993	1.1999999999999993	0.1999999999999993
1.0	1000000	-1.1999999999999993	-0.6999999999999993	1.1999999999999993	0.6999999999999993
0.5	500000	-1.2249999999999996	-0.9749999999999996	1.2249999999999996	0.9749999999999996
0.1	100000	0.8599999999999994	0.9100000000000001	0.8599999999999994	0.9100000000000001
0.01	10000	-0.8520000000000003	-0.8469999999999995	0.8520000000000003	0.8469999999999995
2.0	2000000	-0.8000000000000007	0.1999999999999993	0.8000000000000007	0.1999999999999993
1.0	1000000	-0.40000000000000036	0.09999999999999964	0.40000000000000036	0.09999999999999964
0.5	500000	0.0	0.25	0.0	0.25
0.1	100000	1.004999999999999	1.0549999999999997	1.004999999999999	1.0549999999999997
0.01	10000	-0.5050000000000008	-0.5	0.5050000000000008	0.5
2.0	2000000	0.5	1.5	0.5	1.5
1.0	1000000	0.5	1.0	0.5	1.0
0.5	500000	0.5	0.75	0.5	0.75
0.1	100000	0.5549999999999997	0.6050000000000004	0.5549999999999997	0.6050000000000004
0.01	10000	0.5589999999999993	0.5640000000000001	0.5589999999999993	0.5640000000000001
2.0	2000000	-3.4000000000000004	-2.4000000000000004	3.4000000000000004	2.4000000000000004
1.0	1000000	-2.4000000000000004	-1.9000000000000004	2.4000000000000004	1.9000000000000004
0.5	500000	-1.9000000000000004	-1.6500000000000004	1.9000000000000004	1.6500000000000004
0.1	100000	-0.4499999999999993	-0.40000000000000036	0.4499999999999993	0.40000000000000036
0.01	10000	1.1329999999999991	1.1380000000000017	1.1329999999999991	1.1380000000000017
2.0	2000000	-2.9000000000000004	-1.9000000000000004	2.9000000000000004	1.9000000000000004
1.0	1000000	-1.6500000000000004	-1.1500000000000004	1.6500000000000004	1.1500000000000004
0.5	500000	-1.1500000000000004	-0.9000000000000004	1.1500000000000004	0.9000000000000004
0.1	100000	0.8300000000000001	0.8800000000000008	0.8300000000000001	0.8800000000000008
0.01	10000	1.282	1.286999999999999	1.282	1.286999999999999
2.0	2000000	0.40000000000000036	1.3999999999999986	0.40000000000000036	1.3999999999999986
1.0	1000000	0.34999999999999964	0.8499999999999996	0.34999999999999964	0.8499999999999996
0.5	500000	-1.1750000000000007	-0.9250000000000007	1.1750000000000007	0.9250000000000007
0.1	100000	0.8249999999999993	0.875	0.8249999999999993	0.875
0.01	10000	-0.7759999999999998	-0.7710000000000008	0.7759999999999998	0.7710000000000008
2.0	2000000	-3.4000000000000004	-2.4000000000000004	3.4000000000000004	2.4000000000000004
1.0	1000000	-2.4499999999999993	-1.9499999999999993	2.4499999999999993	1.9499999999999993
0.5	500000	-1.9749999999999996	-1.7249999999999996	1.9749999999999996	1.7249999999999996
0.1	100000	0.875	0.9250000000000007	0.875	0.9250000000000007
0.01	10000	-0.6969999999999992	-0.6920000000000002	0.6969999999999992	0.6920000000000002
2.0	2000000	-3.4000000000000004	-2.4000000000000004	3.4000000000000004	2.4000000000000004
1.0	1000000	-2.4000000000000004	-1.9000000000000004	2.4000000000000004	1.9000000000000004
0.5	500000	-1.9000000000000004	-1.6500000000000004	1.9000000000000004	1.6500000000000004
0.1	100000	-0.07499999999999929	-0.025000000000000355	0.07499999999999929	0.025000000000000355
0.01	10000	0.7569999999999997	0.7620000000000005	0.7569999999999997	0.7620000000000005
2.0	2000000	1.3999999999999986	2.3999999999999986	1.3999999999999986	2.3999999999999986
1.0	1000000	1.4499999999999993	1.9499999999999993	1.4499999999999993	1.9499999999999993
0.5	500000	1.4499999999999993	1.6999999999999993	1.4499999999999993	1.6999999999999993
0.1	100000	-0.6500000000000004	-0.5999999999999996	0.6500000000000004	0.5999999999999996
0.01	10000	0.08000000000000007	0.08500000000000085	0.08000000000000007	0.08500000000000085
2.0	2000000	1.3999999999999986	2.3999999999999986	1.3999999999999986	2.3999999999999986
1.0	1000000	1.4499999999999993	1.9499999999999993	1.4499999999999993	1.9499999999999993
0.5	500000	1.4499999999999993	1.6999999999999993	1.4499999999999993	1.6999999999999993
0.1	100000	0.6449999999999996	0.6950000000000003	0.6449999999999996	0.6950000000000003
0.01	10000	-0.4190000000000005	-0.4139999999999997	0.4190000000000005	0.4139999999999997
2.0	2000000	-3.4000000000000004	-2.4000000000000004	3.4000000000000004	2.4000000000000004
1.0	1000000	-2.4000000000000004	-1.9000000000000004	2.4000000000000004	1.9000000000000004
0.5	500000	-1.9250000000000007	-1.6750000000000007	1.9250000000000007	1.6750000000000007
0.1	100000	0.15499999999999936	0.20500000000000007	0.15499999999999936	0.20500000000000007
0.01	10000	-0.0730000000000004	-0.06799999999999962	0.0730000000000004	0.06799999999999962
2.0	2000000	-3.1999999999999993	-2.1999999999999993	3.1999999999999993	2.1999999999999993
1.0	1000000	-1.1500000000000004	-0.6500000000000004	1.1500000000000004	0.6500000000000004
0.5	500000	-0.625	-0.375	0.625	0.375
0.1	100000	-1.1300000000000008	-1.08	1.1300000000000008	1.08
0.01	10000	0.35599999999999987	0.36100000000000065	0.35599999999999987	0.36100000000000065
2.0	2000000	0.9000000000000004	1.8999999999999986	0.9000000000000004	1.8999999999999986
1.0	1000000	1.4499999999999993	1.9499999999999993	1.4499999999999993	1.9499999999999993
0.5	500000	0.07499999999999929	0.3249999999999993	0.07499999999999929	0.3249999999999993
0.1	100000	0.9849999999999994	1.0350000000000001	0.9849999999999994	1.0350000000000001
0.01	10000	-1.359	-1.3539999999999992	1.359	1.3539999999999992
2.0	2000000	1.1999999999999993	2.1999999999999993	1.1999999999999993	2.1999999999999993
1.0	1000000	1.1999999999999993	1.6999999999999993	1.1999999999999993	1.6999999999999993
0.5	500000	0.875	1.125	0.875	1.125
0.1	100000	-0.875	-0.8249999999999993	0.875	0.8249999999999993
0.01	10000	-0.7870000000000008	-0.782	0.7870000000000008	0.782
2.0	2000000	-3.3000000000000007	-2.3000000000000007	3.3000000000000007	2.3000000000000007
1.0	1000000	-1.0500000000000007	-0.5500000000000007	1.0500000000000007	0.5500000000000007
0.5	500000	-0.7750000000000004	-0.5250000000000004	0.7750000000000004	0.5250000000000004
0.1	100000	-1.4049999999999994	-1.3550000000000004	1.4049999999999994	1.3550000000000004
0.01	10000	-1.311	-1.3059999999999992	1.311	1.3059999999999992
2.0	2000000	1.1999999999999993	2.1999999999999993	1.1999999999999993	2.1999999999999993
1.0	1000000	-0.15000000000000036	0.34999999999999964	0.15000000000000036	0.34999999999999964
0.5	500000	-0.125	0.125	0.125	0.125
0.1	100000	-0.625	-0.5749999999999993	0.625	0.5749999999999993
0.01	10000	0.04499999999999993	0.05000000000000071	0.04499999999999993	0.05000000000000071
2.0	2000000	-3.4000000000000004	-2.4000000000000004	3.4000000000000004	2.4000000000000004
1.0	1000000	-2.4000000000000004	-1.9000000000000004	2.4000000000000004	1.9000000000000004
0.5	500000	-1.8249999999999993	-1.5749999999999993	1.8249999999999993	1.5749999999999993
0.1	100000	-1.2249999999999996	-1.1750000000000007	1.2249999999999996	1.1750000000000007
0.01	10000	1.1260000000000012	1.1310000000000002	1.1260000000000012	1.1310000000000002
2.0	2000000	-2.5	-1.5	2.5	1.5
1.0	1000000	-2.25	-1.75	2.25	1.75
0.5	500000	-1.7750000000000004	-1.5250000000000004	1.7750000000000004	1.5250000000000004
0.1	100000	-0.11500000000000021	-0.0649999999999995	0.11500000000000021	0.0649999999999995
0.01	10000	0.8610000000000007	0.8659999999999997	0.8610000000000007	0.8659999999999997
2.0	2000000	1.0	2.0	1.0	2.0
1.0	1000000	1.0	1.5	1.0	1.5
0.5	500000	0.9250000000000007	1.1750000000000007	0.9250000000000007	1.1750000000000007
0.1	100000	0.9649999999999999	1.0150000000000006	0.9649999999999999	1.0150000000000006
0.01	10000	-0.27800000000000047	-0.2729999999999997	0.27800000000000047	0.2729999999999997
2.0	2000000	-2.3000000000000007	-1.3000000000000007	2.3000000000000007	1.3000000000000007
1.0	1000000	-0.6999999999999993	-0.1999999999999993	0.6999999999999993	0.1999999999999993
0.5	500000	-0.9499999999999993	-0.6999999999999993	0.9499999999999993	0.6999999999999993
0.1	100000	-1.2100000000000009	-1.1600000000000001	1.2100000000000009	1.1600000000000001
0.01	10000	-1.1229999999999993	-1.1180000000000003	1.1229999999999993	1.1180000000000003
2.0	2000000	1.3000000000000007	2.3000000000000007	1.3000000000000007	2.3000000000000007
1.0	1000000	1.3000000000000007	1.8000000000000007	1.3000000000000007	1.8000000000000007
0.5	500000	1.3000000000000007	1.5500000000000007	1.3000000000000007	1.5500000000000007
0.1	100000	-0.07000000000000028	-0.019999999999999574	0.07000000000000028	0.019999999999999574
0.01	10000	1.314	1.318999999999999	1.314	1.318999999999999
2.0	2000000	1.3999999999999986	2.3999999999999986	1.3999999999999986	2.3999999999999986
1.0	1000000	1.3999999999999986	1.8999999999999986	1.3999999999999986	1.8999999999999986
0.5	500000	-0.15000000000000036	0.09999999999999964	0.15000000000000036	0.09999999999999964
0.1	100000	-1.3699999999999992	-1.3200000000000003	1.3699999999999992	1.3200000000000003
0.01	10000	-0.15600000000000058	-0.1509999999999998	0.15600000000000058	0.1509999999999998
2.0	2000000	-3.4000000000000004	-2.4000000000000004	3.4000000000000004	2.4000000000000004
1.0	1000000	-2.4000000000000004	-1.9000000000000004	2.4000000000000004	1.9000000000000004
0.5	500000	-1.9000000000000004	-1.6500000000000004	1.9000000000000004	1.6500000000000004
0.1	100000	-1.5150000000000006	-1.4649999999999999	1.5150000000000006	1.4649999999999999
0.01	10000	0.6280000000000001	0.6329999999999991	0.6280000000000001	0.6329999999999991
2.0	2000000	1.3000000000000007	2.3000000000000007	1.3000000000000007	2.3000000000000007
1.0	1000000	0.05000000000000071	0.5500000000000007	0.05000000000000071	0.5500000000000007
0.5	500000	0.0	0.25	0.0	0.25
0.1	100000	0.28999999999999915	0.33999999999999986	0.28999999999999915	0.33999999999999986
0.01	10000	0.3780000000000001	0.3829999999999991	0.3780000000000001	0.3829999999999991
2.0	2000000	-2.5	-1.5	2.5	1.5
1.0	1000000	-1.4499999999999993	-0.9499999999999993	1.4499999999999993	0.9499999999999993
0.5	500000	-0.22499999999999964	0.025000000000000355	0.22499999999999964	0.025000000000000355
0.1	100000	0.8849999999999998	0.9350000000000005	0.8849999999999998	0.9350000000000005
0.01	10000	0.8989999999999991	0.9039999999999999	0.8989999999999991	0.9039999999999999
2.0	2000000	-3.3000000000000007	-2.3000000000000007	3.3000000000000007	2.3000000000000007
1.0	1000000	-2.3000000000000007	-1.8000000000000007	2.3000000000000007	1.8000000000000007
0.5	500000	0.3249999999999993	0.5749999999999993	0.3249999999999993	0.5749999999999993
0.1	100000	0.5999999999999996	0.6500000000000004	0.5999999999999996	0.6500000000000004
0.01	10000	0.6920000000000002	0.6969999999999992	0.6920000000000002	0.6969999999999992
2.0	2000000	-2.9000000000000004	-1.9000000000000004	2.9000000000000004	1.9000000000000004
1.0	1000000	-1.9000000000000004	-1.4000000000000004	1.9000000000000004	1.4000000000000004
0.5	500000	-1.3000000000000007	-1.0500000000000007	1.3000000000000007	1.0500000000000007
0.1	100000	0.9800000000000004	1.0300000000000011	0.9800000000000004	1.0300000000000011
0.01	10000	-0.47000000000000064	-0.46499999999999986	0.47000000000000064	0.46499999999999986
2.0	2000000	1.3999999999999986	2.3999999999999986	1.3999999999999986	2.3999999999999986
1.0	1000000	1.4499999999999993	1.9499999999999993	1.4499999999999993	1.9499999999999993
0.5	500000	-1.0	-0.75	1.0	0.75
0.1	100000	0.16499999999999915	0.21499999999999986	0.16499999999999915	0.21499999999999986
0.01	10000	-0.7780000000000005	-0.7729999999999997	0.7780000000000005	0.7729999999999997
2.0	2000000	-3.4000000000000004	-2.4000000000000004	3.4000000000000004	2.4000000000000004
1.0	1000000	1.4499999999999993	1.9499999999999993	1.4499999999999993	1.9499999999999993
0.5	500000	1.4499999999999993	1.6999999999999993	1.4499999999999993	1.6999999999999993
0.1	100000	-1.1050000000000004	-1.0549999999999997	1.1050000000000004	1.0549999999999997
0.01	10000	-1.0169999999999995	-1.0120000000000005	1.0169999999999995	1.0120000000000005
2.0	2000000	1.3999999999999986	2.3999999999999986	1.3999999999999986	2.3999999999999986
1.0	1000000	1.3999999999999986	1.8999999999999986	1.3999999999999986	1.8999999999999986
0.5	500000	1.375	1.625	1.375	1.625
0.1	100000	0.6349999999999998	0.6850000000000005	0.6349999999999998	0.6850000000000005
0.01	10000	-0.6059999999999999	-0.6010000000000009	0.6059999999999999	0.6010000000000009
2.0	2000000	1.3999999999999986	2.3999999999999986	1.3999999999999986	2.3999999999999986
1.0	1000000	1.3999999999999986	1.8999999999999986	1.3999999999999986	1.8999999999999986
0.5	500000	1.3999999999999986	1.6499999999999986	1.3999999999999986	1.6499999999999986
0.1	100000	-1.1099999999999994	-1.0600000000000005	1.1099999999999994	1.0600000000000005
0.01	10000	1.1780000000000008	1.1829999999999998	1.1780000000000008	1.1829999999999998
2.0	2000000	1.1000000000000014	2.1000000000000014	1.1000000000000014	2.1000000000000014
1.0	1000000	1.1000000000000014	1.6000000000000014	1.1000000000000014	1.6000000000000014
0.5	500000	0.8499999999999996	1.1000000000000014	0.8499999999999996	1.1000000000000014
0.1	100000	0.9749999999999996	1.0249999999999986	0.9749999999999996	1.0249999999999986
0.01	10000	1.1000000000000014	1.1050000000000004	1.1000000000000014	1.1050000000000004
2.0	2000000	1.3000000000000007	2.3000000000000007	1.3000000000000007	2.3000000000000007
1.0	1000000	1.3000000000000007	1.8000000000000007	1.3000000000000007	1.8000000000000007
0.5	500000	1.3000000000000007	1.5500000000000007	1.3000000000000007	1.5500000000000007
0.1	100000	1.3099999999999987	1.3599999999999994	1.3099999999999987	1.3599999999999994
0.01	10000	-0.47600000000000087	-0.4710000000000001	0.47600000000000087	0.4710000000000001
2.0	2000000	-3.4000000000000004	-2.4000000000000004	3.4000000000000004	2.4000000000000004
1.0	1000000	-2.4000000000000004	-1.9000000000000004	2.4000000000000004	1.9000000000000004
0.5	500000	-1.9000000000000004	-1.6500000000000004	1.9000000000000004	1.6500000000000004
0.1	100000	1.2699999999999996	1.3200000000000003	1.2699999999999996	1.3200000000000003
0.01	10000	-0.9749999999999996	-0.9700000000000006	0.9749999999999996	0.9700000000000006
2.0	2000000	0.9000000000000004	1.8999999999999986	0.9000000000000004	1.8999999999999986
1.0	1000000	0.9000000000000004	1.3999999999999986	0.9000000000000004	1.3999999999999986
0.5	500000	-0.07499999999999929	0.1750000000000007	0.07499999999999929	0.1750000000000007
0.1	100000	-1.4000000000000004	-1.3499999999999996	1.4000000000000004	1.3499999999999996
0.01	10000	1.254999999999999	1.2600000000000016	1.254999999999999	1.2600000000000016
2.0	2000000	1.3999999999999986	2.3999999999999986	1.3999999999999986	2.3999999999999986
1.0	1000000	1.3999999999999986	1.8999999999999986	1.3999999999999986	1.8999999999999986
0.5	500000	1.375	1.625	1.375	1.625
0.1	100000	1.4349999999999987	1.4849999999999994	1.4349999999999987	1.4849999999999994
0.01	10000	-1.1229999999999993	-1.1180000000000003	1.1229999999999993	1.1180000000000003
2.0	2000000	-2.1999999999999993	-1.1999999999999993	2.1999999999999993	1.1999999999999993
1.0	1000000	-1.1999999999999993	-0.6999999999999993	1.1999999999999993	0.6999999999999993
0.5	500000	-1.0	-0.75	1.0	0.75
0.1	100000	-0.7799999999999994	-0.7300000000000004	0.7799999999999994	0.7300000000000004
0.01	10000	-0.7460000000000004	-0.7409999999999997	0.7460000000000004	0.7409999999999997
2.0	2000000	0.5999999999999996	1.6000000000000014	0.5999999999999996	1.6000000000000014
1.0	1000000	1.4499999999999993	1.9499999999999993	1.4499999999999993	1.9499999999999993
0.5	500000	1.4499999999999993	1.6999999999999993	1.4499999999999993	1.6999999999999993
0.1	100000	-0.22000000000000064	-0.16999999999999993	0.22000000000000064	0.16999999999999993
0.01	10000	-0.5129999999999999	-0.5079999999999991	0.5129999999999999	0.5079999999999991
2.0	2000000	-1.9000000000000004	-0.9000000000000004	1.9000000000000004	0.9000000000000004
1.0	1000000	-0.8000000000000007	-0.3000000000000007	0.8000000000000007	0.3000000000000007
0.5	500000	-0.47499999999999964	-0.22499999999999964	0.47499999999999964	0.22499999999999964
0.1	100000	-0.3949999999999996	-0.34500000000000064	0.3949999999999996	0.34500000000000064
0.01	10000	0.9800000000000004	0.9849999999999994	0.9800000000000004	0.9849999999999994
2.0	2000000	-2.6999999999999993	-1.6999999999999993	2.6999999999999993	1.6999999999999993
1.0	1000000	-2.25	-1.75	2.25	1.75
0.5	500000	1.2749999999999986	1.5249999999999986	1.2749999999999986	1.5249999999999986
0.1	100000	-0.8200000000000003	-0.7699999999999996	0.8200000000000003	0.7699999999999996
0.01	10000	1.274000000000001	1.279	1.274000000000001	1.279
2.0	2000000	1.3000000000000007	2.3000000000000007	1.3000000000000007	2.3000000000000007
1.0	1000000	1.4499999999999993	1.9499999999999993	1.4499999999999993	1.9499999999999993
0.5	500000	-1.875	-1.625	1.875	1.625
0.1	100000	-1.1300000000000008	-1.08	1.1300000000000008	1.08
0.01	10000	1.065999999999999	1.0710000000000015	1.065999999999999	1.0710000000000015
2.0	2000000	1.1999999999999993	2.1999999999999993	1.1999999999999993	2.1999999999999993
1.0	1000000	1.1999999999999993	1.6999999999999993	1.1999999999999993	1.6999999999999993
0.5	500000	-0.4499999999999993	-0.1999999999999993	0.4499999999999993	0.1999999999999993
0.1	100000	0.9350000000000005	0.9849999999999994	0.9350000000000005	0.9849999999999994
0.01	10000	-0.6699999999999999	-0.6649999999999991	0.6699999999999999	0.6649999999999991
2.0	2000000	1.0	2.0	1.0	2.0
1.0	1000000	1.0	1.5	1.0	1.5
0.5	500000	-0.5	-0.25	0.5	0.25
0.1	100000	1.0399999999999991	1.0899999999999999	1.0399999999999991	1.0899999999999999
0.01	10000	0.17999999999999972	0.1850000000000005	0.17999999999999972	0.1850000000000005
2.0	2000000	0.8000000000000007	1.8000000000000007	0.8000000000000007	1.8000000000000007
1.0	1000000	0.8000000000000007	1.3000000000000007	0.8000000000000007	1.3000000000000007
0.5	500000	0.8249999999999993	1.0749999999999993	0.8249999999999993	1.0749999999999993
0.1	100000	0.8399999999999999	0.8900000000000006	0.8399999999999999	0.8900000000000006
0.01	10000	-1.205	-1.1999999999999993	1.205	1.1999999999999993
2.0	2000000	-3.0	-2.0	3.0	2.0
1.0	1000000	-2.0	-1.5	2.0	1.5
0.5	500000	-1.5749999999999993	-1.3249999999999993	1.5749999999999993	1.3249999999999993
0.1	100000	-1.1799999999999997	-1.1300000000000008	1.1799999999999997	1.1300000000000008
0.01	10000	0.0470000000000006	0.0519999999999996	0.0470000000000006	0.0519999999999996
2.0	2000000	-3.3000000000000007	-2.3000000000000007	3.3000000000000007	2.3000000000000007
1.0	1000000	-2.25	-1.75	2.25	1.75
0.5	500000	-1.8249999999999993	-1.5749999999999993	1.8249999999999993	1.5749999999999993
0.1	100000	-1.4250000000000007	-1.375	1.4250000000000007	1.375
0.01	10000	1.1439999999999984	1.149000000000001	1.1439999999999984	1.149000000000001
2.0	2000000	-3.1999999999999993	-2.1999999999999993	3.1999999999999993	2.1999999999999993
1.0	1000000	-0.05000000000000071	0.4499999999999993	0.05000000000000071	0.4499999999999993
0.5	500000	0.3000000000000007	0.5500000000000007	0.3000000000000007	0.5500000000000007
0.1	100000	0.5950000000000006	0.6449999999999996	0.5950000000000006	0.6449999999999996
0.01	10000	-0.19500000000000028	-0.1899999999999995	0.19500000000000028	0.1899999999999995
2.0	2000000	-0.40000000000000036	0.5999999999999996	0.40000000000000036	0.5999999999999996
1.0	1000000	-0.25	0.25	0.25	0.25
0.5	500000	-0.1999999999999993	0.05000000000000071	0.1999999999999993	0.05000000000000071
0.1	100000	-0.20500000000000007	-0.15499999999999936	0.20500000000000007	0.15499999999999936
0.01	10000	-0.15199999999999925	-0.14700000000000024	0.15199999999999925	0.14700000000000024
2.0	2000000	-2.1999999999999993	-1.1999999999999993	2.1999999999999993	1.1999999999999993
1.0	1000000	-1.1999999999999993	-0.6999999999999993	1.1999999999999993	0.6999999999999993
0.5	500000	-0.9749999999999996	-0.7249999999999996	0.9749999999999996	0.7249999999999996
0.1	100000	-1.0350000000000001	-0.9849999999999994	1.0350000000000001	0.9849999999999994
0.01	10000	-0.6460000000000008	-0.641	0.6460000000000008	0.641
2.0	2000000	-2.4000000000000004	-1.4000000000000004	2.4000000000000004	1.4000000000000004
1.0	1000000	-1.3499999999999996	-0.8499999999999996	1.3499999999999996	0.8499999999999996
0.5	500000	1.375	1.625	1.375	1.625
0.1	100000	0.9149999999999991	0.9649999999999999	0.9149999999999991	0.9649999999999999
0.01	10000	1.376999999999999	1.3820000000000014	1.376999999999999	1.3820000000000014
2.0	2000000	-0.9000000000000004	0.09999999999999964	0.9000000000000004	0.09999999999999964
1.0	1000000	0.15000000000000036	0.6500000000000004	0.15000000000000036	0.6500000000000004
0.5	500000	0.1750000000000007	0.4250000000000007	0.1750000000000007	0.4250000000000007
0.1	100000	0.3550000000000004	0.40499999999999936	0.3550000000000004	0.40499999999999936
0.01	10000	-0.843	-0.8379999999999992	0.843	0.8379999999999992
2.0	2000000	-3.4000000000000004	-2.4000000000000004	3.4000000000000004	2.4000000000000004
1.0	1000000	-2.4000000000000004	-1.9000000000000004	2.4000000000000004	1.9000000000000004
0.5	500000	-1.9250000000000007	-1.6750000000000007	1.9250000000000007	1.6750000000000007
0.1	100000	-1.5250000000000004	-1.4749999999999996	1.5250000000000004	1.4749999999999996
0.01	10000	0.3680000000000003	0.37299999999999933	0.3680000000000003	0.37299999999999933
2.0	2000000	-3.3000000000000007	-2.3000000000000007	3.3000000000000007	2.3000000000000007
1.0	1000000	-2.3000000000000007	-1.8000000000000007	2.3000000000000007	1.8000000000000007
0.5	500000	0.6750000000000007	0.9250000000000007	0.6750000000000007	0.9250000000000007
0.1	100000	0.16499999999999915	0.21499999999999986	0.16499999999999915	0.21499999999999986
0.01	10000	0.718	0.7230000000000008	0.718	0.7230000000000008
2.0	2000000	-3.1999999999999993	-2.1999999999999993	3.1999999999999993	2.1999999999999993
1.0	1000000	-2.25	-1.75	2.25	1.75
0.5	500000	-1.75	-1.5	1.75	1.5
0.1	100000	0.41000000000000014	0.46000000000000085	0.41000000000000014	0.46000000000000085
0.01	10000	-1.2650000000000006	-1.2599999999999998	1.2650000000000006	1.2599999999999998
2.0	2000000	1.3999999999999986	2.3999999999999986	1.3999999999999986	2.3999999999999986
1.0	1000000	1.3999999999999986	1.8999999999999986	1.3999999999999986	1.8999999999999986
0.5	500000	1.3999999999999986	1.6499999999999986	1.3999999999999986	1.6499999999999986
0.1	100000	-1.1300000000000008	-1.08	1.1300000000000008	1.08
0.01	10000	0.8819999999999997	0.8870000000000005	0.8819999999999997	0.8870000000000005
2.0	2000000	-3.0999999999999996	-2.0999999999999996	3.0999999999999996	2.0999999999999996
1.0	1000000	1.4499999999999993	1.9499999999999993	1.4499999999999993	1.9499999999999993
0.5	500000	1.4250000000000007	1.6750000000000007	1.4250000000000007	1.6750000000000007
0.1	100000	-1.2100000000000009	-1.1600000000000001	1.2100000000000009	1.1600000000000001
0.01	10000	0.5399999999999991	0.5449999999999999	0.5399999999999991	0.5449999999999999
2.0	2000000	0.5	1.5	0.5	1.5
1.0	1000000	0.05000000000000071	0.5500000000000007	0.05000000000000071	0.5500000000000007
0.5	500000	0.4499999999999993	0.6999999999999993	0.4499999999999993	0.6999999999999993
0.1	100000	0.48499999999999943	0.5350000000000001	0.48499999999999943	0.5350000000000001
0.01	10000	-0.25399999999999956	-0.24900000000000055	0.25399999999999956	0.24900000000000055
2.0	2000000	0.5999999999999996	1.6000000000000014	0.5999999999999996	1.6000000000000014
1.0	1000000	0.0	0.5	0.0	0.5
0.5	500000	0.7249999999999996	0.9749999999999996	0.7249999999999996	0.9749999999999996
0.1	100000	-0.3000000000000007	-0.25	0.3000000000000007	0.25
0.01	10000	0.27200000000000024	0.27699999999999925	0.27200000000000024	0.27699999999999925
2.0	2000000	1.3999999999999986	2.3999999999999986	1.3999999999999986	2.3999999999999986
1.0	1000000	1.3999999999999986	1.8999999999999986	1.3999999999999986	1.8999999999999986
0.5	500000	1.3999999999999986	1.6499999999999986	1.3999999999999986	1.6499999999999986
0.1	100000	-0.4250000000000007	-0.375	0.4250000000000007	0.375
0.01	10000	0.827	0.8320000000000007	0.827	0.8320000000000007
2.0	2000000	-1.1999999999999993	-0.1999999999999993	1.1999999999999993	0.1999999999999993
1.0	1000000	-0.75	-0.25	0.75	0.25
0.5	500000	0.4250000000000007	0.6750000000000007	0.4250000000000007	0.6750000000000007
0.1	100000	-0.29499999999999993	-0.24499999999999922	0.29499999999999993	0.24499999999999922
0.01	10000	1.1750000000000007	1.1799999999999997	1.1750000000000007	1.1799999999999997
2.0	2000000	-3.3000000000000007	-2.3000000000000007	3.3000000000000007	2.3000000000000007
1.0	1000000	-2.3499999999999996	-1.8499999999999996	2.3499999999999996	1.8499999999999996
0.5	500000	1.4750000000000014	1.7250000000000014	1.4750000000000014	1.7250000000000014
0.1	100000	-1.4700000000000006	-1.42	1.4700000000000006	1.42
0.01	10000	0.8989999999999991	0.9039999999999999	0.8989999999999991	0.9039999999999999
2.0	2000000	1.3000000000000007	2.3000000000000007	1.3000000000000007	2.3000000000000007
1.0	1000000	-2.4499999999999993	-1.9499999999999993	2.4499999999999993	1.9499999999999993
0.5	500000	-0.7249999999999996	-0.47499999999999964	0.7249999999999996	0.47499999999999964
0.1	100000	-0.3949999999999996	-0.34500000000000064	0.3949999999999996	0.34500000000000064
0.01	10000	-0.5540000000000003	-0.5489999999999995	0.5540000000000003	0.5489999999999995
2.0	2000000	-3.1999999999999993	-2.1999999999999993	3.1999999999999993	2.1999999999999993
1.0	1000000	-2.3499999999999996	-1.8499999999999996	2.3499999999999996	1.8499999999999996
0.5	500000	-1.8499999999999996	-1.5999999999999996	1.8499999999999996	1.5999999999999996
0.1	100000	-0.5250000000000004	-0.47499999999999964	0.5250000000000004	0.47499999999999964
0.01	10000	-0.6519999999999992	-0.6470000000000002	0.6519999999999992	0.6470000000000002
2.0	2000000	-3.4000000000000004	-2.4000000000000004	3.4000000000000004	2.4000000000000004
1.0	1000000	-2.4000000000000004	-1.9000000000000004	2.4000000000000004	1.9000000000000004
0.5	500000	-0.25	0.0	0.25	0.0
0.1	100000	0.08000000000000007	0.13000000000000078	0.08000000000000007	0.13000000000000078
0.01	10000	-0.48600000000000065	-0.48099999999999987	0.48600000000000065	0.48099999999999987
2.0	2000000	-2.6999999999999993	-1.6999999999999993	2.6999999999999993	1.6999999999999993
1.0	1000000	-1.3499999999999996	-0.8499999999999996	1.3499999999999996	0.8499999999999996
0.5	500000	-1.0500000000000007	-0.8000000000000007	1.0500000000000007	0.8000000000000007
0.1	100000	-0.8900000000000006	-0.8399999999999999	0.8900000000000006	0.8399999999999999
0.01	10000	0.18900000000000006	0.19400000000000084	0.18900000000000006	0.19400000000000084
2.0	2000000	-3.0999999999999996	-2.0999999999999996	3.0999999999999996	2.0999999999999996
1.0	1000000	-2.0999999999999996	-1.5999999999999996	2.0999999999999996	1.5999999999999996
0.5	500000	-1.4000000000000004	-1.1500000000000004	1.4000000000000004	1.1500000000000004
0.1	100000	-1.4100000000000001	-1.3599999999999994	1.4100000000000001	1.3599999999999994
0.01	10000	1.0060000000000002	1.0109999999999992	1.0060000000000002	1.0109999999999992
2.0	2000000	-3.0999999999999996	-2.0999999999999996	3.0999999999999996	2.0999999999999996
1.0	1000000	1.25	1.75	1.25	1.75
0.5	500000	1.375	1.625	1.375	1.625
0.1	100000	-0.46000000000000085	-0.41000000000000014	0.46000000000000085	0.41000000000000014
0.01	10000	-1.1310000000000002	-1.1259999999999994	1.1310000000000002	1.1259999999999994
2.0	2000000	0.5999999999999996	1.6000000000000014	0.5999999999999996	1.6000000000000014
1.0	1000000	1.3500000000000014	1.8500000000000014	1.3500000000000014	1.8500000000000014
0.5	500000	0.5500000000000007	0.8000000000000007	0.5500000000000007	0.8000000000000007
0.1	100000	-0.875	-0.8249999999999993	0.875	0.8249999999999993
0.01	10000	-0.16600000000000037	-0.1609999999999996	0.16600000000000037	0.1609999999999996
2.0	2000000	-3.1999999999999993	-2.1999999999999993	3.1999999999999993	2.1999999999999993
1.0	1000000	1.0500000000000007	1.5500000000000007	1.0500000000000007	1.5500000000000007
0.5	500000	1.4750000000000014	1.7250000000000014	1.4750000000000014	1.7250000000000014
0.1	100000	-0.0649999999999995	-0.015000000000000568	0.0649999999999995	0.015000000000000568
0.01	10000	-0.32399999999999984	-0.31900000000000084	0.32399999999999984	0.31900000000000084
2.0	2000000	1.3999999999999986	2.3999999999999986	1.3999999999999986	2.3999999999999986
1.0	1000000	1.3999999999999986	1.8999999999999986	1.3999999999999986	1.8999999999999986
0.5	500000	1.375	1.625	1.375	1.625
0.1	100000	0.9199999999999999	0.9700000000000006	0.9199999999999999	0.9700000000000006
0.01	10000	-0.8140000000000001	-0.8089999999999993	0.8140000000000001	0.8089999999999993
2.0	2000000	1.3000000000000007	2.3000000000000007	1.3000000000000007	2.3000000000000007
1.0	1000000	-0.1999999999999993	0.3000000000000007	0.1999999999999993	0.3000000000000007
0.5	500000	0.4250000000000007	0.6750000000000007	0.4250000000000007	0.6750000000000007
0.1	100000	-0.6400000000000006	-0.5899999999999999	0.6400000000000006	0.5899999999999999
0.01	10000	-0.5519999999999996	-0.5470000000000006	0.5519999999999996	0.5470000000000006
2.0	2000000	1.3999999999999986	2.3999999999999986	1.3999999999999986	2.3999999999999986
1.0	1000000	1.3999999999999986	1.8999999999999986	1.3999999999999986	1.8999999999999986
0.5	500000	1.4250000000000007	1.6750000000000007	1.4250000000000007	1.6750000000000007
0.1	100000	-1.0850000000000009	-1.0350000000000001	1.0850000000000009	1.0350000000000001
0.01	10000	1.4259999999999984	1.431000000000001	1.4259999999999984	1.431000000000001
2.0	2000000	-3.4000000000000004	-2.4000000000000004	3.4000000000000004	2.4000000000000004
1.0	1000000	-2.3499999999999996	-1.8499999999999996	2.3499999999999996	1.8499999999999996
0.5	500000	-0.40000000000000036	-0.15000000000000036	0.40000000000000036	0.15000000000000036
0.1	100000	-0.1899999999999995	-0.14000000000000057	0.1899999999999995	0.14000000000000057
0.01	10000	-0.891	-0.8859999999999992	0.891	0.8859999999999992
2.0	2000000	-3.1999999999999993	-2.1999999999999993	3.1999999999999993	2.1999999999999993
1.0	1000000	-2.25	-1.75	2.25	1.75
0.5	500000	0.5	0.75	0.5	0.75
0.1	100000	0.04499999999999993	0.09500000000000064	0.04499999999999993	0.09500000000000064
0.01	10000	0.7390000000000008	0.7439999999999998	0.7390000000000008	0.7439999999999998
2.0	2000000	1.3999999999999986	2.3999999999999986	1.3999999999999986	2.3999999999999986
1.0	1000000	1.3999999999999986	1.8999999999999986	1.3999999999999986	1.8999999999999986
0.5	500000	1.375	1.625	1.375	1.625
0.1	100000	-0.0600000000000005	-0.009999999999999787	0.0600000000000005	0.009999999999999787
0.01	10000	-0.2550000000000008	-0.25	0.2550000000000008	0.25
2.0	2000000	-3.3000000000000007	-2.3000000000000007	3.3000000000000007	2.3000000000000007
1.0	1000000	1.3500000000000014	1.8500000000000014	1.3500000000000014	1.8500000000000014
0.5	500000	1.3500000000000014	1.6000000000000014	1.3500000000000014	1.6000000000000014
0.1	100000	-0.29499999999999993	-0.24499999999999922	0.29499999999999993	0.24499999999999922
0.01	10000	0.8480000000000008	0.8529999999999998	0.8480000000000008	0.8529999999999998
2.0	2000000	1.0	2.0	1.0	2.0
1.0	1000000	1.3500000000000014	1.8500000000000014	1.3500000000000014	1.8500000000000014
0.5	500000	1.3249999999999993	1.5749999999999993	1.3249999999999993	1.5749999999999993
0.1	100000	-1.3699999999999992	-1.3200000000000003	1.3699999999999992	1.3200000000000003
0.01	10000	0.41000000000000014	0.41499999999999915	0.41000000000000014	0.41499999999999915
2.0	2000000	-3.3000000000000007	-2.3000000000000007	3.3000000000000007	2.3000000000000007
1.0	1000000	1.3500000000000014	1.8500000000000014	1.3500000000000014	1.8500000000000014
0.5	500000	1.3249999999999993	1.5749999999999993	1.3249999999999993	1.5749999999999993
0.1	100000	0.5150000000000006	0.5649999999999995	0.5150000000000006	0.5649999999999995
0.01	10000	1.3840000000000003	1.3889999999999993	1.3840000000000003	1.3889999999999993
2.0	2000000	-2.8000000000000007	-1.8000000000000007	2.8000000000000007	1.8000000000000007
1.0	1000000	-2.4499999999999993	-1.9499999999999993	2.4499999999999993	1.9499999999999993
0.5	500000	1.4750000000000014	1.7250000000000014	1.4750000000000014	1.7250000000000014
0.1	100000	0.14499999999999957	0.19500000000000028	0.14499999999999957	0.19500000000000028
0.01	10000	-1.1820000000000004	-1.1769999999999996	1.1820000000000004	1.1769999999999996
2.0	2000000	1.3000000000000007	2.3000000000000007	1.3000000000000007	2.3000000000000007
1.0	1000000	1.3500000000000014	1.8500000000000014	1.3500000000000014	1.8500000000000014
0.5	500000	1.3500000000000014	1.6000000000000014	1.3500000000000014	1.6000000000000014
0.1	100000	1.3500000000000014	1.3999999999999986	1.3500000000000014	1.3999999999999986
0.01	10000	0.5679999999999996	0.5730000000000004	0.5679999999999996	0.5730000000000004
2.0	2000000	1.3999999999999986	2.3999999999999986	1.3999999999999986	2.3999999999999986
1.0	1000000	1.3999999999999986	1.8999999999999986	1.3999999999999986	1.8999999999999986
0.5	500000	1.3999999999999986	1.6499999999999986	1.3999999999999986	1.6499999999999986
0.1	100000	-0.875	-0.8249999999999993	0.875	0.8249999999999993
0.01	10000	1.2100000000000009	1.2149999999999999	1.2100000000000009	1.2149999999999999
2.0	2000000	-3.4000000000000004	-2.4000000000000004	3.4000000000000004	2.4000000000000004
1.0	1000000	-2.4499999999999993	-1.9499999999999993	2.4499999999999993	1.9499999999999993
0.5	500000	-1.9499999999999993	-1.6999999999999993	1.9499999999999993	1.6999999999999993
0.1	100000	-0.13000000000000078	-0.08000000000000007	0.13000000000000078	0.08000000000000007
0.01	10000	0.49099999999999966	0.49600000000000044	0.49099999999999966	0.49600000000000044
2.0	2000000	-3.3000000000000007	-2.3000000000000007	3.3000000000000007	2.3000000000000007
1.0	1000000	-2.3000000000000007	-1.8000000000000007	2.3000000000000007	1.8000000000000007
0.5	500000	-1.875	-1.625	1.875	1.625
0.1	100000	-0.09500000000000064	-0.04499999999999993	0.09500000000000064	0.04499999999999993
0.01	10000	0.44599999999999973	0.4510000000000005	0.44599999999999973	0.4510000000000005
2.0	2000000	-3.3000000000000007	-2.3000000000000007	3.3000000000000007	2.3000000000000007
1.0	1000000	-0.09999999999999964	0.40000000000000036	0.09999999999999964	0.40000000000000036
0.5	500000	0.1750000000000007	0.4250000000000007	0.1750000000000007	0.4250000000000007
0.1	100000	0.16499999999999915	0.21499999999999986	0.16499999999999915	0.21499999999999986
0.01	10000	-0.6660000000000004	-0.6609999999999996	0.6660000000000004	0.6609999999999996
2.0	2000000	1.3000000000000007	2.3000000000000007	1.3000000000000007	2.3000000000000007
1.0	1000000	1.3500000000000014	1.8500000000000014	1.3500000000000014	1.8500000000000014
0.5	500000	1.3500000000000014	1.6000000000000014	1.3500000000000014	1.6000000000000014
0.1	100000	1.3299999999999983	1.379999999999999	1.3299999999999983	1.379999999999999
0.01	10000	1.3760000000000012	1.3810000000000002	1.3760000000000012	1.3810000000000002
2.0	2000000	1.3000000000000007	2.3000000000000007	1.3000000000000007	2.3000000000000007
1.0	1000000	1.3000000000000007	1.8000000000000007	1.3000000000000007	1.8000000000000007
0.5	500000	-1.0500000000000007	-0.8000000000000007	1.0500000000000007	0.8000000000000007
0.1	100000	-0.6549999999999994	-0.6050000000000004	0.6549999999999994	0.6050000000000004
0.01	10000	-0.1460000000000008	-0.14100000000000001	0.1460000000000008	0.14100000000000001
2.0	2000000	-3.3000000000000007	-2.3000000000000007	3.3000000000000007	2.3000000000000007
1.0	1000000	-2.3499999999999996	-1.8499999999999996	2.3499999999999996	1.8499999999999996
0.5	500000	-1.8249999999999993	-1.5749999999999993	1.8249999999999993	1.5749999999999993
0.1	100000	-0.6799999999999997	-0.6300000000000008	0.6799999999999997	0.6300000000000008
0.01	10000	-1.3800000000000008	-1.375	1.3800000000000008	1.375
2.0	2000000	-3.1999999999999993	-2.1999999999999993	3.1999999999999993	2.1999999999999993
1.0	1000000	-2.4499999999999993	-1.9499999999999993	2.4499999999999993	1.9499999999999993
0.5	500000	-1.9749999999999996	-1.7249999999999996	1.9749999999999996	1.7249999999999996
0.1	100000	-0.33500000000000085	-0.28500000000000014	0.33500000000000085	0.28500000000000014
0.01	10000	0.0860000000000003	0.0909999999999993	0.0860000000000003	0.0909999999999993
2.0	2000000	1.1000000000000014	2.1000000000000014	1.1000000000000014	2.1000000000000014
1.0	1000000	1.0500000000000007	1.5500000000000007	1.0500000000000007	1.5500000000000007
0.5	500000	-0.25	0.0	0.25	0.0
0.1	100000	-1.4649999999999999	-1.4149999999999991	1.4649999999999999	1.4149999999999991
0.01	10000	0.7509999999999994	0.7560000000000002	0.7509999999999994	0.7560000000000002
2.0	2000000	-3.4000000000000004	-2.4000000000000004	3.4000000000000004	2.4000000000000004
1.0	1000000	-2.4000000000000004	-1.9000000000000004	2.4000000000000004	1.9000000000000004
0.5	500000	0.375	0.625	0.375	0.625
0.1	100000	0.6449999999999996	0.6950000000000003	0.6449999999999996	0.6950000000000003
0.01	10000	1.3530000000000015	1.3580000000000005	1.3530000000000015	1.3580000000000005
2.0	2000000	1.3999999999999986	2.3999999999999986	1.3999999999999986	2.3999999999999986
1.0	1000000	1.4499999999999993	1.9499999999999993	1.4499999999999993	1.9499999999999993
0.5	500000	1.4250000000000007	1.6750000000000007	1.4250000000000007	1.6750000000000007
0.1	100000	-0.29499999999999993	-0.24499999999999922	0.29499999999999993	0.24499999999999922
0.01	10000	-0.28200000000000003	-0.27699999999999925	0.28200000000000003	0.27699999999999925
2.0	2000000	1.3999999999999986	2.3999999999999986	1.3999999999999986	2.3999999999999986
1.0	1000000	1.4499999999999993	1.9499999999999993	1.4499999999999993	1.9499999999999993
0.5	500000	1.4750000000000014	1.7250000000000014	1.4750000000000014	1.7250000000000014
0.1	100000	1.4600000000000009	1.5100000000000016	1.4600000000000009	1.5100000000000016
0.01	10000	0.40700000000000003	0.4120000000000008	0.40700000000000003	0.4120000000000008
2.0	2000000	1.3000000000000007	2.3000000000000007	1.3000000000000007	2.3000000000000007
1.0	1000000	1.25	1.75	1.25	1.75
0.5	500000	-0.5250000000000004	-0.27500000000000036	0.5250000000000004	0.27500000000000036
0.1	100000	-0.41999999999999993	-0.3699999999999992	0.41999999999999993	0.3699999999999992
0.01	10000	-0.031000000000000583	-0.0259999999999998	0.031000000000000583	0.0259999999999998
2.0	2000000	1.3999999999999986	2.3999999999999986	1.3999999999999986	2.3999999999999986
1.0	1000000	1.3999999999999986	1.8999999999999986	1.3999999999999986	1.8999999999999986
0.5	500000	1.375	1.625	1.375	1.625
0.1	100000	1.2349999999999994	1.2850000000000001	1.2349999999999994	1.2850000000000001
0.01	10000	0.4789999999999992	0.484	0.4789999999999992	0.484
2.0	2000000	-3.3000000000000007	-2.3000000000000007	3.3000000000000007	2.3000000000000007
1.0	1000000	-0.75	-0.25	0.75	0.25
0.5	500000	-0.375	-0.125	0.375	0.125
0.1	100000	0.7300000000000004	0.7799999999999994	0.7300000000000004	0.7799999999999994
0.01	10000	0.10500000000000043	0.10999999999999943	0.10500000000000043	0.10999999999999943
2.0	2000000	1.3999999999999986	2.3999999999999986	1.3999999999999986	2.3999999999999986
1.0	1000000	1.25	1.75	1.25	1.75
0.5	500000	1.25	1.5	1.25	1.5
0.1	100000	-0.5950000000000006	-0.5449999999999999	0.5950000000000006	0.5449999999999999
0.01	10000	-0.5890000000000004	-0.5839999999999996	0.5890000000000004	0.5839999999999996
2.0	2000000	-3.0999999999999996	-2.0999999999999996	3.0999999999999996	2.0999999999999996
1.0	1000000	-2.0999999999999996	-1.5999999999999996	2.0999999999999996	1.5999999999999996
0.5	500000	-1.625	-1.375	1.625	1.375
0.1	100000	-1.4350000000000005	-1.3849999999999998	1.4350000000000005	1.3849999999999998
0.01	10000	-1.2560000000000002	-1.2509999999999994	1.2560000000000002	1.2509999999999994
2.0	2000000	-3.4000000000000004	-2.4000000000000004	3.4000000000000004	2.4000000000000004
1.0	1000000	-2.4499999999999993	-1.9499999999999993	2.4499999999999993	1.9499999999999993
0.5	500000	-1.9499999999999993	-1.6999999999999993	1.9499999999999993	1.6999999999999993
0.1	100000	-1.5700000000000003	-1.5199999999999996	1.5700000000000003	1.5199999999999996
0.01	10000	-1.4830000000000005	-1.4779999999999998	1.4830000000000005	1.4779999999999998
2.0	2000000	1.3000000000000007	2.3000000000000007	1.3000000000000007	2.3000000000000007
1.0	1000000	1.25	1.75	1.25	1.75
0.5	500000	1.375	1.625	1.375	1.625
0.1	100000	-1.3849999999999998	-1.3350000000000009	1.3849999999999998	1.3350000000000009
0.01	10000	-0.4060000000000006	-0.4009999999999998	0.4060000000000006	0.4009999999999998
2.0	2000000	-1.0	0.0	1.0	0.0
1.0	1000000	0.05000000000000071	0.5500000000000007	0.05000000000000071	0.5500000000000007
0.5	500000	0.5500000000000007	0.8000000000000007	0.5500000000000007	0.8000000000000007
0.1	100000	0.9149999999999991	0.9649999999999999	0.9149999999999991	0.9649999999999999
0.01	10000	1.004999999999999	1.0100000000000016	1.004999999999999	1.0100000000000016
2.0	2000000	1.1000000000000014	2.1000000000000014	1.1000000000000014	2.1000000000000014
1.0	1000000	0.1999999999999993	0.6999999999999993	0.1999999999999993	0.6999999999999993
0.5	500000	0.40000000000000036	0.6500000000000004	0.40000000000000036	0.6500000000000004
0.1	100000	0.15000000000000036	0.1999999999999993	0.15000000000000036	0.1999999999999993
0.01	10000	-1.0850000000000009	-1.08	1.0850000000000009	1.08
2.0	2000000	1.3000000000000007	2.3000000000000007	1.3000000000000007	2.3000000000000007
1.0	1000000	1.4499999999999993	1.9499999999999993	1.4499999999999993	1.9499999999999993
0.5	500000	1.4750000000000014	1.7250000000000014	1.4750000000000014	1.7250000000000014
0.1	100000	-1.1549999999999994	-1.1050000000000004	1.1549999999999994	1.1050000000000004
0.01	10000	1.3790000000000013	1.3840000000000003	1.3790000000000013	1.3840000000000003
2.0	2000000	-3.4000000000000004	-2.4000000000000004	3.4000000000000004	2.4000000000000004
1.0	1000000	-2.3499999999999996	-1.8499999999999996	2.3499999999999996	1.8499999999999996
0.5	500000	-1.8499999999999996	-1.5999999999999996	1.8499999999999996	1.5999999999999996
0.1	100000	-0.5350000000000001	-0.48499999999999943	0.5350000000000001	0.48499999999999943
0.01	10000	0.43299999999999983	0.4380000000000006	0.43299999999999983	0.4380000000000006
2.0	2000000	1.3999999999999986	2.3999999999999986	1.3999999999999986	2.3999999999999986
1.0	1000000	1.3500000000000014	1.8500000000000014	1.3500000000000014	1.8500000000000014
0.5	500000	1.3249999999999993	1.5749999999999993	1.3249999999999993	1.5749999999999993
0.1	100000	1.3850000000000016	1.4349999999999987	1.3850000000000016	1.4349999999999987
0.01	10000	1.2630000000000017	1.2680000000000007	1.2630000000000017	1.2680000000000007
2.0	2000000	-3.0999999999999996	-2.0999999999999996	3.0999999999999996	2.0999999999999996
1.0	1000000	-2.0500000000000007	-1.5500000000000007	2.0500000000000007	1.5500000000000007
0.5	500000	-1.3499999999999996	-1.0999999999999996	1.3499999999999996	1.0999999999999996
0.1	100000	0.6699999999999999	0.7200000000000006	0.6699999999999999	0.7200000000000006
0.01	10000	-0.6739999999999995	-0.6690000000000005	0.6739999999999995	0.6690000000000005
2.0	2000000	1.1999999999999993	2.1999999999999993	1.1999999999999993	2.1999999999999993
1.0	1000000	-2.4499999999999993	-1.9499999999999993	2.4499999999999993	1.9499999999999993
0.5	500000	-1.9499999999999993	-1.6999999999999993	1.9499999999999993	1.6999999999999993
0.1	100000	-1.0850000000000009	-1.0350000000000001	1.0850000000000009	1.0350000000000001
0.01	10000	0.3460000000000001	0.35100000000000087	0.3460000000000001	0.35100000000000087
2.0	2000000	-3.3000000000000007	-2.3000000000000007	3.3000000000000007	2.3000000000000007
1.0	1000000	-2.25	-1.75	2.25	1.75
0.5	500000	-1.7750000000000004	-1.5250000000000004	1.7750000000000004	1.5250000000000004
0.1	100000	1.1550000000000011	1.2049999999999983	1.1550000000000011	1.2049999999999983
0.01	10000	0.24799999999999933	0.2530000000000001	0.24799999999999933	0.2530000000000001
2.0	2000000	-3.4000000000000004	-2.4000000000000004	3.4000000000000004	2.4000000000000004
1.0	1000000	-2.3499999999999996	-1.8499999999999996	2.3499999999999996	1.8499999999999996
0.5	500000	-1.9250000000000007	-1.6750000000000007	1.9250000000000007	1.6750000000000007
0.1	100000	0.6899999999999995	0.7400000000000002	0.6899999999999995	0.7400000000000002
0.01	10000	1.056000000000001	1.061	1.056000000000001	1.061
2.0	2000000	1.3999999999999986	2.3999999999999986	1.3999999999999986	2.3999999999999986
1.0	1000000	1.3500000000000014	1.8500000000000014	1.3500000000000014	1.8500000000000014
0.5	500000	1.3500000000000014	1.6000000000000014	1.3500000000000014	1.6000000000000014
0.1	100000	1.0650000000000013	1.1149999999999984	1.0650000000000013	1.1149999999999984
0.01	10000	0.3309999999999995	0.3360000000000003	0.3309999999999995	0.3360000000000003
2.0	2000000	-3.4000000000000004	-2.4000000000000004	3.4000000000000004	2.4000000000000004
1.0	1000000	-2.4000000000000004	-1.9000000000000004	2.4000000000000004	1.9000000000000004
0.5	500000	0.025000000000000355	0.27500000000000036	0.025000000000000355	0.27500000000000036
0.1	100000	0.2699999999999996	0.3200000000000003	0.2699999999999996	0.3200000000000003
0.01	10000	-0.6310000000000002	-0.6259999999999994	0.6310000000000002	0.6259999999999994
2.0	2000000	-3.4000000000000004	-2.4000000000000004	3.4000000000000004	2.4000000000000004
1.0	1000000	-2.25	-1.75	2.25	1.75
0.5	500000	-1.75	-1.5	1.75	1.5
0.1	100000	-1.1750000000000007	-1.125	1.1750000000000007	1.125
0.01	10000	-1.2750000000000004	-1.2699999999999996	1.2750000000000004	1.2699999999999996
2.0	2000000	0.9000000000000004	1.8999999999999986	0.9000000000000004	1.8999999999999986
1.0	1000000	1.1499999999999986	1.6499999999999986	1.1499999999999986	1.6499999999999986
0.5	500000	0.8000000000000007	1.0500000000000007	0.8000000000000007	1.0500000000000007
0.1	100000	0.9049999999999994	0.9550000000000001	0.9049999999999994	0.9550000000000001
0.01	10000	-1.3230000000000004	-1.3179999999999996	1.3230000000000004	1.3179999999999996
2.0	2000000	-3.4000000000000004	-2.4000000000000004	3.4000000000000004	2.4000000000000004
1.0	1000000	-2.3499999999999996	-1.8499999999999996	2.3499999999999996	1.8499999999999996
0.5	500000	-1.875	-1.625	1.875	1.625
0.1	100000	-0.5050000000000008	-0.45500000000000007	0.5050000000000008	0.45500000000000007
0.01	10000	-1.4619999999999997	-1.4570000000000007	1.4619999999999997	1.4570000000000007
2.0	2000000	0.9000000000000004	1.8999999999999986	0.9000000000000004	1.8999999999999986
1.0	1000000	0.8499999999999996	1.3500000000000014	0.8499999999999996	1.3500000000000014
0.5	500000	0.75	1.0	0.75	1.0
0.1	100000	-0.8350000000000009	-0.7850000000000001	0.8350000000000009	0.7850000000000001
0.01	10000	0.26200000000000045	0.26699999999999946	0.26200000000000045	0.26699999999999946
2.0	2000000	0.8000000000000007	1.8000000000000007	0.8000000000000007	1.8000000000000007
1.0	1000000	0.34999999999999964	0.8499999999999996	0.34999999999999964	0.8499999999999996
0.5	500000	0.4250000000000007	0.6750000000000007	0.4250000000000007	0.6750000000000007
0.1	100000	0.8200000000000003	0.8699999999999992	0.8200000000000003	0.8699999999999992
0.01	10000	0.8800000000000008	0.8849999999999998	0.8800000000000008	0.8849999999999998
2.0	2000000	1.1000000000000014	2.1000000000000014	1.1000000000000014	2.1000000000000014
1.0	1000000	1.1000000000000014	1.6000000000000014	1.1000000000000014	1.6000000000000014
0.5	500000	1.1000000000000014	1.3500000000000014	1.1000000000000014	1.3500000000000014
0.1	100000	1.1350000000000016	1.1849999999999987	1.1350000000000016	1.1849999999999987
0.01	10000	0.06099999999999994	0.06600000000000072	0.06099999999999994	0.06600000000000072
2.0	2000000	-1.0	0.0	1.0	0.0
1.0	1000000	-0.40000000000000036	0.09999999999999964	0.40000000000000036	0.09999999999999964
0.5	500000	0.125	0.375	0.125	0.375
0.1	100000	0.1750000000000007	0.22499999999999964	0.1750000000000007	0.22499999999999964
0.01	10000	0.3049999999999997	0.3100000000000005	0.3049999999999997	0.3100000000000005
2.0	2000000	1.0	2.0	1.0	2.0
1.0	1000000	1.0	1.5	1.0	1.5
0.5	500000	0.9749999999999996	1.2250000000000014	0.9749999999999996	1.2250000000000014
0.1	100000	1.0850000000000009	1.1350000000000016	1.0850000000000009	1.1350000000000016
0.01	10000	1.0629999999999988	1.0680000000000014	1.0629999999999988	1.0680000000000014
2.0	2000000	-3.4000000000000004	-2.4000000000000004	3.4000000000000004	2.4000000000000004
1.0	1000000	-2.4499999999999993	-1.9499999999999993	2.4499999999999993	1.9499999999999993
0.5	500000	-1.9749999999999996	-1.7249999999999996	1.9749999999999996	1.7249999999999996
0.1	100000	-1.0	-0.9499999999999993	1.0	0.9499999999999993
0.01	10000	-0.9039999999999999	-0.8989999999999991	0.9039999999999999	0.8989999999999991
2.0	2000000	-3.3000000000000007	-2.3000000000000007	3.3000000000000007	2.3000000000000007
1.0	1000000	-2.25	-1.75	2.25	1.75
0.5	500000	-0.6750000000000007	-0.4250000000000007	0.6750000000000007	0.4250000000000007
0.1	100000	-0.8699999999999992	-0.8200000000000003	0.8699999999999992	0.8200000000000003
0.01	10000	-1.0649999999999995	-1.0600000000000005	1.0649999999999995	1.0600000000000005
2.0	2000000	-2.8000000000000007	-1.8000000000000007	2.8000000000000007	1.8000000000000007
1.0	1000000	-2.4499999999999993	-1.9499999999999993	2.4499999999999993	1.9499999999999993
0.5	500000	-1.3249999999999993	-1.0749999999999993	1.3249999999999993	1.0749999999999993
0.1	100000	-0.9600000000000009	-0.9100000000000001	0.9600000000000009	0.9100000000000001
0.01	10000	0.39700000000000024	0.40199999999999925	0.39700000000000024	0.40199999999999925
2.0	2000000	-1.0999999999999996	-0.09999999999999964	1.0999999999999996	0.09999999999999964
1.0	1000000	1.4499999999999993	1.9499999999999993	1.4499999999999993	1.9499999999999993
0.5	500000	-0.875	-0.625	0.875	0.625
0.1	100000	0.7699999999999996	0.8200000000000003	0.7699999999999996	0.8200000000000003
0.01	10000	0.03500000000000014	0.03999999999999915	0.03500000000000014	0.03999999999999915
2.0	2000000	-3.3000000000000007	-2.3000000000000007	3.3000000000000007	2.3000000000000007
1.0	1000000	-2.3000000000000007	-1.8000000000000007	2.3000000000000007	1.8000000000000007
0.5	500000	-1.8000000000000007	-1.5500000000000007	1.8000000000000007	1.5500000000000007
0.1	100000	-1.4000000000000004	-1.3499999999999996	1.4000000000000004	1.3499999999999996
0.01	10000	-0.3420000000000005	-0.33699999999999974	0.3420000000000005	0.33699999999999974
2.0	2000000	-3.1999999999999993	-2.1999999999999993	3.1999999999999993	2.1999999999999993
1.0	1000000	-1.1500000000000004	-0.6500000000000004	1.1500000000000004	0.6500000000000004
0.5	500000	-0.625	-0.375	0.625	0.375
0.1	100000	-0.3800000000000008	-0.33000000000000007	0.3800000000000008	0.33000000000000007
0.01	10000	-0.4480000000000004	-0.4429999999999996	0.4480000000000004	0.4429999999999996
2.0	2000000	1.3999999999999986	2.3999999999999986	1.3999999999999986	2.3999999999999986
1.0	1000000	1.3999999999999986	1.8999999999999986	1.3999999999999986	1.8999999999999986
0.5	500000	1.3999999999999986	1.6499999999999986	1.3999999999999986	1.6499999999999986
0.1	100000	-1.0950000000000006	-1.045	1.0950000000000006	1.045
0.01	10000	-0.6519999999999992	-0.6470000000000002	0.6519999999999992	0.6470000000000002
2.0	2000000	-3.0	-2.0	3.0	2.0
1.0	1000000	-2.0500000000000007	-1.5500000000000007	2.0500000000000007	1.5500000000000007
0.5	500000	0.6750000000000007	0.9250000000000007	0.6750000000000007	0.9250000000000007
0.1	100000	1.1050000000000004	1.1550000000000011	1.1050000000000004	1.1550000000000011
0.01	10000	1.0949999999999989	1.1000000000000014	1.0949999999999989	1.1000000000000014
2.0	2000000	-3.4000000000000004	-2.4000000000000004	3.4000000000000004	2.4000000000000004
1.0	1000000	-0.5500000000000007	-0.05000000000000071	0.5500000000000007	0.05000000000000071
0.5	500000	-0.5500000000000007	-0.3000000000000007	0.5500000000000007	0.3000000000000007
0.1	100000	0.3699999999999992	0.41999999999999993	0.3699999999999992	0.41999999999999993
0.01	10000	1.3900000000000006	1.3949999999999996	1.3900000000000006	1.3949999999999996
2.0	2000000	1.3999999999999986	2.3999999999999986	1.3999999999999986	2.3999999999999986
1.0	1000000	1.3999999999999986	1.8999999999999986	1.3999999999999986	1.8999999999999986
0.5	500000	-1.9749999999999996	-1.7249999999999996	1.9749999999999996	1.7249999999999996
0.1	100000	0.35999999999999943	0.41000000000000014	0.35999999999999943	0.41000000000000014
0.01	10000	0.3699999999999992	0.375	0.3699999999999992	0.375
2.0	2000000	0.1999999999999993	1.1999999999999993	0.1999999999999993	1.1999999999999993
1.0	1000000	0.09999999999999964	0.5999999999999996	0.09999999999999964	0.5999999999999996
0.5	500000	-0.8000000000000007	-0.5500000000000007	0.8000000000000007	0.5500000000000007
0.1	100000	0.9149999999999991	0.9649999999999999	0.9149999999999991	0.9649999999999999
0.01	10000	0.019000000000000128	0.023999999999999133	0.019000000000000128	0.023999999999999133
2.0	2000000	-3.4000000000000004	-2.4000000000000004	3.4000000000000004	2.4000000000000004
1.0	1000000	1.3999999999999986	1.8999999999999986	1.3999999999999986	1.8999999999999986
0.5	500000	1.3999999999999986	1.6499999999999986	1.3999999999999986	1.6499999999999986
0.1	100000	-0.5050000000000008	-0.45500000000000007	0.5050000000000008	0.45500000000000007
0.01	10000	0.16999999999999993	0.1750000000000007	0.16999999999999993	0.1750000000000007
2.0	2000000	-3.4000000000000004	-2.4000000000000004	3.4000000000000004	2.4000000000000004
1.0	1000000	-2.4000000000000004	-1.9000000000000004	2.4000000000000004	1.9000000000000004
0.5	500000	-1.9749999999999996	-1.7249999999999996	1.9749999999999996	1.7249999999999996
0.1	100000	0.40000000000000036	0.4499999999999993	0.40000000000000036	0.4499999999999993
0.01	10000	0.4740000000000002	0.4789999999999992	0.4740000000000002	0.4789999999999992
2.0	2000000	-2.5	-1.5	2.5	1.5
1.0	1000000	-0.6999999999999993	-0.1999999999999993	0.6999999999999993	0.1999999999999993
0.5	500000	-0.15000000000000036	0.09999999999999964	0.15000000000000036	0.09999999999999964
0.1	100000	-0.7149999999999999	-0.6649999999999991	0.7149999999999999	0.6649999999999991
0.01	10000	-0.6850000000000005	-0.6799999999999997	0.6850000000000005	0.6799999999999997
2.0	2000000	1.3000000000000007	2.3000000000000007	1.3000000000000007	2.3000000000000007
1.0	1000000	1.3500000000000014	1.8500000000000014	1.3500000000000014	1.8500000000000014
0.5	500000	1.4250000000000007	1.6750000000000007	1.4250000000000007	1.6750000000000007
0.1	100000	0.7200000000000006	0.7699999999999996	0.7200000000000006	0.7699999999999996
0.01	10000	0.9130000000000003	0.9179999999999993	0.9130000000000003	0.9179999999999993
2.0	2000000	-3.3000000000000007	-2.3000000000000007	3.3000000000000007	2.3000000000000007
1.0	1000000	-2.3000000000000007	-1.8000000000000007	2.3000000000000007	1.8000000000000007
0.5	500000	-1.8249999999999993	-1.5749999999999993	1.8249999999999993	1.5749999999999993
0.1	100000	-1.3699999999999992	-1.3200000000000003	1.3699999999999992	1.3200000000000003
0.01	10000	-1.3499999999999996	-1.3450000000000006	1.3499999999999996	1.3450000000000006
2.0	2000000	-1.8000000000000007	-0.8000000000000007	1.8000000000000007	0.8000000000000007
1.0	1000000	-0.8499999999999996	-0.34999999999999964	0.8499999999999996	0.34999999999999964
0.5	500000	-0.625	-0.375	0.625	0.375
0.1	100000	0.015000000000000568	0.0649999999999995	0.015000000000000568	0.0649999999999995
0.01	10000	0.9570000000000007	0.9619999999999997	0.9570000000000007	0.9619999999999997
2.0	2000000	-3.0	-2.0	3.0	2.0
1.0	1000000	-2.0500000000000007	-1.5500000000000007	2.0500000000000007	1.5500000000000007
0.5	500000	0.15000000000000036	0.40000000000000036	0.15000000000000036	0.40000000000000036
0.1	100000	0.4350000000000005	0.48499999999999943	0.4350000000000005	0.48499999999999943
0.01	10000	0.7579999999999991	0.7629999999999999	0.7579999999999991	0.7629999999999999
2.0	2000000	0.9000000000000004	1.8999999999999986	0.9000000000000004	1.8999999999999986
1.0	1000000	1.3500000000000014	1.8500000000000014	1.3500000000000014	1.8500000000000014
0.5	500000	1.3500000000000014	1.6000000000000014	1.3500000000000014	1.6000000000000014
0.1	100000	0.9649999999999999	1.0150000000000006	0.9649999999999999	1.0150000000000006
0.01	10000	-0.7010000000000005	-0.6959999999999997	0.7010000000000005	0.6959999999999997
2.0	2000000	-3.1999999999999993	-2.1999999999999993	3.1999999999999993	2.1999999999999993
1.0	1000000	-2.1999999999999993	-1.6999999999999993	2.1999999999999993	1.6999999999999993
0.5	500000	-0.125	0.125	0.125	0.125
0.1	100000	-0.8100000000000005	-0.7599999999999998	0.8100000000000005	0.7599999999999998
0.01	10000	-0.7140000000000004	-0.7089999999999996	0.7140000000000004	0.7089999999999996
2.0	2000000	-3.3000000000000007	-2.3000000000000007	3.3000000000000007	2.3000000000000007
1.0	1000000	1.4499999999999993	1.9499999999999993	1.4499999999999993	1.9499999999999993
0.5	500000	-0.625	-0.375	0.625	0.375
0.1	100000	0.1750000000000007	0.22499999999999964	0.1750000000000007	0.22499999999999964
0.01	10000	-0.17300000000000004	-0.16799999999999926	0.17300000000000004	0.16799999999999926
2.0	2000000	1.3000000000000007	2.3000000000000007	1.3000000000000007	2.3000000000000007
1.0	1000000	1.4499999999999993	1.9499999999999993	1.4499999999999993	1.9499999999999993
0.5	500000	1.4499999999999993	1.6999999999999993	1.4499999999999993	1.6999999999999993
0.1	100000	0.04499999999999993	0.09500000000000064	0.04499999999999993	0.09500000000000064
0.01	10000	0.9700000000000006	0.9749999999999996	0.9700000000000006	0.9749999999999996
2.0	2000000	-3.3000000000000007	-2.3000000000000007	3.3000000000000007	2.3000000000000007
1.0	1000000	-2.3000000000000007	-1.8000000000000007	2.3000000000000007	1.8000000000000007
0.5	500000	-1.8000000000000007	-1.5500000000000007	1.8000000000000007	1.5500000000000007
0.1	100000	-1.4049999999999994	-1.3550000000000004	1.4049999999999994	1.3550000000000004
0.01	10000	0.2889999999999997	0.2940000000000005	0.2889999999999997	0.2940000000000005
2.0	2000000	0.9000000000000004	1.8999999999999986	0.9000000000000004	1.8999999999999986
1.0	1000000	0.9499999999999993	1.4499999999999993	0.9499999999999993	1.4499999999999993
0.5	500000	0.9499999999999993	1.1999999999999993	0.9499999999999993	1.1999999999999993
0.1	100000	1.2349999999999994	1.2850000000000001	1.2349999999999994	1.2850000000000001
0.01	10000	-0.827	-0.8219999999999992	0.827	0.8219999999999992
2.0	2000000	1.3999999999999986	2.3999999999999986	1.3999999999999986	2.3999999999999986
1.0	1000000	1.3999999999999986	1.8999999999999986	1.3999999999999986	1.8999999999999986
0.5	500000	1.4250000000000007	1.6750000000000007	1.4250000000000007	1.6750000000000007
0.1	100000	-0.6449999999999996	-0.5950000000000006	0.6449999999999996	0.5950000000000006
0.01	10000	-1.1289999999999996	-1.1240000000000006	1.1289999999999996	1.1240000000000006
2.0	2000000	1.3999999999999986	2.3999999999999986	1.3999999999999986	2.3999999999999986
1.0	1000000	1.3500000000000014	1.8500000000000014	1.3500000000000014	1.8500000000000014
0.5	500000	1.3249999999999993	1.5749999999999993	1.3249999999999993	1.5749999999999993
0.1	100000	0.2599999999999998	0.3100000000000005	0.2599999999999998	0.3100000000000005
0.01	10000	-0.5190000000000001	-0.5139999999999993	0.5190000000000001	0.5139999999999993
2.0	2000000	-3.4000000000000004	-2.4000000000000004	3.4000000000000004	2.4000000000000004
1.0	1000000	-2.4499999999999993	-1.9499999999999993	2.4499999999999993	1.9499999999999993
0.5	500000	-1.9499999999999993	-1.6999999999999993	1.9499999999999993	1.6999999999999993
0.1	100000	-0.1999999999999993	-0.15000000000000036	0.1999999999999993	0.15000000000000036
0.01	10000	-1.4629999999999992	-1.4580000000000002	1.4629999999999992	1.4580000000000002
2.0	2000000	1.3000000000000007	2.3000000000000007	1.3000000000000007	2.3000000000000007
1.0	1000000	1.25	1.75	1.25	1.75
0.5	500000	1.25	1.5	1.25	1.5
0.1	100000	-1.4000000000000004	-1.3499999999999996	1.4000000000000004	1.3499999999999996
0.01	10000	-1.3049999999999997	-1.3000000000000007	1.3049999999999997	1.3000000000000007
2.0	2000000	-3.4000000000000004	-2.4000000000000004	3.4000000000000004	2.4000000000000004
1.0	1000000	-2.4000000000000004	-1.9000000000000004	2.4000000000000004	1.9000000000000004
0.5	500000	-1.9749999999999996	-1.7249999999999996	1.9749999999999996	1.7249999999999996
0.1	100000	0.4900000000000002	0.5399999999999991	0.4900000000000002	0.5399999999999991
0.01	10000	0.07099999999999973	0.07600000000000051	0.07099999999999973	0.07600000000000051
2.0	2000000	-1.0999999999999996	-0.09999999999999964	1.0999999999999996	0.09999999999999964
1.0	1000000	-1.0999999999999996	-0.5999999999999996	1.0999999999999996	0.5999999999999996
0.5	500000	-0.9000000000000004	-0.6500000000000004	0.9000000000000004	0.6500000000000004
0.1	100000	-0.9299999999999997	-0.8800000000000008	0.9299999999999997	0.8800000000000008
0.01	10000	-0.8759999999999994	-0.8710000000000004	0.8759999999999994	0.8710000000000004
2.0	2000000	-3.1999999999999993	-2.1999999999999993	3.1999999999999993	2.1999999999999993
1.0	1000000	-0.75	-0.25	0.75	0.25
0.5	500000	-0.15000000000000036	0.09999999999999964	0.15000000000000036	0.09999999999999964
0.1	100000	0.03999999999999915	0.08999999999999986	0.03999999999999915	0.08999999999999986
0.01	10000	0.2940000000000005	0.2989999999999995	0.2940000000000005	0.2989999999999995
2.0	2000000	1.1999999999999993	2.1999999999999993	1.1999999999999993	2.1999999999999993
1.0	1000000	0.40000000000000036	0.9000000000000004	0.40000000000000036	0.9000000000000004
0.5	500000	0.5	0.75	0.5	0.75
0.1	100000	0.6950000000000003	0.7449999999999992	0.6950000000000003	0.7449999999999992
0.01	10000	1.3889999999999993	1.3939999999999984	1.3889999999999993	1.3939999999999984
2.0	2000000	-1.1999999999999993	-0.1999999999999993	1.1999999999999993	0.1999999999999993
1.0	1000000	-0.15000000000000036	0.34999999999999964	0.15000000000000036	0.34999999999999964
0.5	500000	0.09999999999999964	0.34999999999999964	0.09999999999999964	0.34999999999999964
0.1	100000	0.10999999999999943	0.16000000000000014	0.10999999999999943	0.16000000000000014
0.01	10000	0.5709999999999997	0.5760000000000005	0.5709999999999997	0.5760000000000005
2.0	2000000	-3.3000000000000007	-2.3000000000000007	3.3000000000000007	2.3000000000000007
1.0	1000000	-2.4499999999999993	-1.9499999999999993	2.4499999999999993	1.9499999999999993
0.5	500000	-1.9250000000000007	-1.6750000000000007	1.9250000000000007	1.6750000000000007
0.1	100000	-1.5700000000000003	-1.5199999999999996	1.5700000000000003	1.5199999999999996
0.01	10000	-1.3360000000000003	-1.3309999999999995	1.3360000000000003	1.3309999999999995
2.0	2000000	-3.4000000000000004	-2.4000000000000004	3.4000000000000004	2.4000000000000004
1.0	1000000	-2.4000000000000004	-1.9000000000000004	2.4000000000000004	1.9000000000000004
0.5	500000	-1.9000000000000004	-1.6500000000000004	1.9000000000000004	1.6500000000000004
0.1	100000	0.6699999999999999	0.7200000000000006	0.6699999999999999	0.7200000000000006
0.01	10000	0.9480000000000004	0.9529999999999994	0.9480000000000004	0.9529999999999994
2.0	2000000	1.3000000000000007	2.3000000000000007	1.3000000000000007	2.3000000000000007
1.0	1000000	1.25	1.75	1.25	1.75
0.5	500000	1.25	1.5	1.25	1.5
0.1	100000	1.2399999999999984	1.2899999999999991	1.2399999999999984	1.2899999999999991
0.01	10000	1.120000000000001	1.125	1.120000000000001	1.125
2.0	2000000	-3.0999999999999996	-2.0999999999999996	3.0999999999999996	2.0999999999999996
1.0	1000000	-0.40000000000000036	0.09999999999999964	0.40000000000000036	0.09999999999999964
0.5	500000	-0.5749999999999993	-0.3249999999999993	0.5749999999999993	0.3249999999999993
0.1	100000	-0.5950000000000006	-0.5449999999999999	0.5950000000000006	0.5449999999999999
0.01	10000	-0.38599999999999923	-0.3810000000000002	0.38599999999999923	0.3810000000000002
2.0	2000000	-3.4000000000000004	-2.4000000000000004	3.4000000000000004	2.4000000000000004
1.0	1000000	-2.4000000000000004	-1.9000000000000004	2.4000000000000004	1.9000000000000004
0.5	500000	-1.9000000000000004	-1.6500000000000004	1.9000000000000004	1.6500000000000004
0.1	100000	-1.5099999999999998	-1.4600000000000009	1.5099999999999998	1.4600000000000009
0.01	10000	-0.17999999999999972	-0.1750000000000007	0.17999999999999972	0.1750000000000007
2.0	2000000	-3.0999999999999996	-2.0999999999999996	3.0999999999999996	2.0999999999999996
1.0	1000000	-2.1500000000000004	-1.6500000000000004	2.1500000000000004	1.6500000000000004
0.5	500000	-1.6750000000000007	-1.4250000000000007	1.6750000000000007	1.4250000000000007
0.1	100000	-1.3399999999999999	-1.2899999999999991	1.3399999999999999	1.2899999999999991
0.01	10000	-0.3160000000000007	-0.31099999999999994	0.3160000000000007	0.31099999999999994
2.0	2000000	-3.0999999999999996	-2.0999999999999996	3.0999999999999996	2.0999999999999996
1.0	1000000	-1.9499999999999993	-1.4499999999999993	1.9499999999999993	1.4499999999999993
0.5	500000	-1.4499999999999993	-1.1999999999999993	1.4499999999999993	1.1999999999999993
0.1	100000	-1.2799999999999994	-1.2300000000000004	1.2799999999999994	1.2300000000000004
0.01	10000	-0.9719999999999995	-0.9670000000000005	0.9719999999999995	0.9670000000000005
2.0	2000000	1.3000000000000007	2.3000000000000007	1.3000000000000007	2.3000000000000007
1.0	1000000	-2.4499999999999993	-1.9499999999999993	2.4499999999999993	1.9499999999999993
0.5	500000	-1.9499999999999993	-1.6999999999999993	1.9499999999999993	1.6999999999999993
0.1	100000	-0.5749999999999993	-0.5250000000000004	0.5749999999999993	0.5250000000000004
0.01	10000	-0.6379999999999999	-0.6329999999999991	0.6379999999999999	0.6329999999999991
2.0	2000000	-3.4000000000000004	-2.4000000000000004	3.4000000000000004	2.4000000000000004
1.0	1000000	-2.4499999999999993	-1.9499999999999993	2.4499999999999993	1.9499999999999993
0.5	500000	-1.9749999999999996	-1.7249999999999996	1.9749999999999996	1.7249999999999996
0.1	100000	-1.5749999999999993	-1.5250000000000004	1.5749999999999993	1.5250000000000004
0.01	10000	-1.487	-1.4819999999999993	1.487	1.4819999999999993
2.0	2000000	-3.0	-2.0	3.0	2.0
1.0	1000000	-0.6500000000000004	-0.15000000000000036	0.6500000000000004	0.15000000000000036
0.5	500000	-0.5749999999999993	-0.3249999999999993	0.5749999999999993	0.3249999999999993
0.1	100000	-0.5700000000000003	-0.5199999999999996	0.5700000000000003	0.5199999999999996
0.01	10000	-0.48099999999999987	-0.47600000000000087	0.48099999999999987	0.47600000000000087
2.0	2000000	1.3999999999999986	2.3999999999999986	1.3999999999999986	2.3999999999999986
1.0	1000000	1.3999999999999986	1.8999999999999986	1.3999999999999986	1.8999999999999986
0.5	500000	1.375	1.625	1.375	1.625
0.1	100000	-1.3200000000000003	-1.2699999999999996	1.3200000000000003	1.2699999999999996
0.01	10000	0.6229999999999993	0.6280000000000001	0.6229999999999993	0.6280000000000001
2.0	2000000	-3.3000000000000007	-2.3000000000000007	3.3000000000000007	2.3000000000000007
1.0	1000000	-2.4499999999999993	-1.9499999999999993	2.4499999999999993	1.9499999999999993
0.5	500000	-1.9749999999999996	-1.7249999999999996	1.9749999999999996	1.7249999999999996
0.1	100000	0.7449999999999992	0.7949999999999999	0.7449999999999992	0.7949999999999999
0.01	10000	0.7609999999999992	0.766	0.7609999999999992	0.766
2.0	2000000	1.3999999999999986	2.3999999999999986	1.3999999999999986	2.3999999999999986
1.0	1000000	-2.4499999999999993	-1.9499999999999993	2.4499999999999993	1.9499999999999993
0.5	500000	-1.9499999999999993	-1.6999999999999993	1.9499999999999993	1.6999999999999993
0.1	100000	0.6500000000000004	0.6999999999999993	0.6500000000000004	0.6999999999999993
0.01	10000	1.4490000000000016	1.4540000000000006	1.4490000000000016	1.4540000000000006
2.0	2000000	1.1000000000000014	2.1000000000000014	1.1000000000000014	2.1000000000000014
1.0	1000000	1.1000000000000014	1.6000000000000014	1.1000000000000014	1.6000000000000014
0.5	500000	-0.3000000000000007	-0.05000000000000071	0.3000000000000007	0.05000000000000071
0.1	100000	0.7449999999999992	0.7949999999999999	0.7449999999999992	0.7949999999999999
0.01	10000	1.1660000000000004	1.1709999999999994	1.1660000000000004	1.1709999999999994
2.0	2000000	-3.4000000000000004	-2.4000000000000004	3.4000000000000004	2.4000000000000004
1.0	1000000	-2.4000000000000004	-1.9000000000000004	2.4000000000000004	1.9000000000000004
0.5	500000	-1.875	-1.625	1.875	1.625
0.1	100000	0.6649999999999991	0.7149999999999999	0.6649999999999991	0.7149999999999999
0.01	10000	-0.3049999999999997	-0.3000000000000007	0.3049999999999997	0.3000000000000007
2.0	2000000	-3.3000000000000007	-2.3000000000000007	3.3000000000000007	2.3000000000000007
1.0	1000000	-2.4499999999999993	-1.9499999999999993	2.4499999999999993	1.9499999999999993
0.5	500000	-1.9749999999999996	-1.7249999999999996	1.9749999999999996	1.7249999999999996
0.1	100000	-1.1349999999999998	-1.0850000000000009	1.1349999999999998	1.0850000000000009
0.01	10000	0.3930000000000007	0.3979999999999997	0.3930000000000007	0.3979999999999997
2.0	2000000	-3.4000000000000004	-2.4000000000000004	3.4000000000000004	2.4000000000000004
1.0	1000000	-2.4000000000000004	-1.9000000000000004	2.4000000000000004	1.9000000000000004
0.5	500000	-1.9749999999999996	-1.7249999999999996	1.9749999999999996	1.7249999999999996
0.1	100000	1.0199999999999996	1.0700000000000003	1.0199999999999996	1.0700000000000003
0.01	10000	-0.7460000000000004	-0.7409999999999997	0.7460000000000004	0.7409999999999997
2.0	2000000	0.6999999999999993	1.6999999999999993	0.6999999999999993	1.6999999999999993
1.0	1000000	0.6999999999999993	1.1999999999999993	0.6999999999999993	1.1999999999999993
0.5	500000	0.625	0.875	0.625	0.875
0.1	100000	-0.875	-0.8249999999999993	0.875	0.8249999999999993
0.01	10000	-0.007999999999999119	-0.0030000000000001137	0.007999999999999119	0.0030000000000001137
2.0	2000000	-1.1999999999999993	-0.1999999999999993	1.1999999999999993	0.1999999999999993
1.0	1000000	-1.1999999999999993	-0.6999999999999993	1.1999999999999993	0.6999999999999993
0.5	500000	-0.27500000000000036	-0.025000000000000355	0.27500000000000036	0.025000000000000355
0.1	100000	1.2250000000000014	1.2749999999999986	1.2250000000000014	1.2749999999999986
0.01	10000	1.2439999999999998	1.2489999999999988	1.2439999999999998	1.2489999999999988
2.0	2000000	-3.3000000000000007	-2.3000000000000007	3.3000000000000007	2.3000000000000007
1.0	1000000	-2.3000000000000007	-1.8000000000000007	2.3000000000000007	1.8000000000000007
0.5	500000	-1.8000000000000007	-1.5500000000000007	1.8000000000000007	1.5500000000000007
0.1	100000	-0.6649999999999991	-0.6150000000000002	0.6649999999999991	0.6150000000000002
0.01	10000	0.6940000000000008	0.6989999999999998	0.6940000000000008	0.6989999999999998
2.0	2000000	-3.3000000000000007	-2.3000000000000007	3.3000000000000007	2.3000000000000007
1.0	1000000	-2.3000000000000007	-1.8000000000000007	2.3000000000000007	1.8000000000000007
0.5	500000	-1.8000000000000007	-1.5500000000000007	1.8000000000000007	1.5500000000000007
0.1	100000	0.9749999999999996	1.0249999999999986	0.9749999999999996	1.0249999999999986
0.01	10000	0.007999999999999119	0.0129999999999999	0.007999999999999119	0.0129999999999999
2.0	2000000	-3.1999999999999993	-2.1999999999999993	3.1999999999999993	2.1999999999999993
1.0	1000000	1.1499999999999986	1.6499999999999986	1.1499999999999986	1.6499999999999986
0.5	500000	-0.5	-0.25	0.5	0.25
0.1	100000	1.2300000000000004	1.2800000000000011	1.2300000000000004	1.2800000000000011
0.01	10000	-1.298	-1.2929999999999993	1.298	1.2929999999999993
2.0	2000000	1.3999999999999986	2.3999999999999986	1.3999999999999986	2.3999999999999986
1.0	1000000	1.3999999999999986	1.8999999999999986	1.3999999999999986	1.8999999999999986
0.5	500000	-1.7249999999999996	-1.4749999999999996	1.7249999999999996	1.4749999999999996
0.1	100000	-0.4800000000000004	-0.4299999999999997	0.4800000000000004	0.4299999999999997
0.01	10000	-1.25	-1.2449999999999992	1.25	1.2449999999999992
2.0	2000000	-3.4000000000000004	-2.4000000000000004	3.4000000000000004	2.4000000000000004
1.0	1000000	-2.4499999999999993	-1.9499999999999993	2.4499999999999993	1.9499999999999993
0.5	500000	-1.9250000000000007	-1.6750000000000007	1.9250000000000007	1.6750000000000007
0.1	100000	1.2100000000000009	1.2600000000000016	1.2100000000000009	1.2600000000000016
0.01	10000	0.4039999999999999	0.4090000000000007	0.4039999999999999	0.4090000000000007
2.0	2000000	-3.3000000000000007	-2.3000000000000007	3.3000000000000007	2.3000000000000007
1.0	1000000	-2.3000000000000007	-1.8000000000000007	2.3000000000000007	1.8000000000000007
0.5	500000	1.4250000000000007	1.6750000000000007	1.4250000000000007	1.6750000000000007
0.1	100000	-0.3650000000000002	-0.3149999999999995	0.3650000000000002	0.3149999999999995
0.01	10000	-1.3209999999999997	-1.3160000000000007	1.3209999999999997	1.3160000000000007
2.0	2000000	1.3999999999999986	2.3999999999999986	1.3999999999999986	2.3999999999999986
1.0	1000000	1.3999999999999986	1.8999999999999986	1.3999999999999986	1.8999999999999986
0.5	500000	0.9499999999999993	1.1999999999999993	0.9499999999999993	1.1999999999999993
0.1	100000	1.2300000000000004	1.2800000000000011	1.2300000000000004	1.2800000000000011
0.01	10000	-0.022999999999999687	-0.018000000000000682	0.022999999999999687	0.018000000000000682
2.0	2000000	-3.3000000000000007	-2.3000000000000007	3.3000000000000007	2.3000000000000007
1.0	1000000	-2.4499999999999993	-1.9499999999999993	2.4499999999999993	1.9499999999999993
0.5	500000	-1.9499999999999993	-1.6999999999999993	1.9499999999999993	1.6999999999999993
0.1	100000	0.4399999999999995	0.4900000000000002	0.4399999999999995	0.4900000000000002
0.01	10000	-1.3360000000000003	-1.3309999999999995	1.3360000000000003	1.3309999999999995
2.0	2000000	0.8000000000000007	1.8000000000000007	0.8000000000000007	1.8000000000000007
1.0	1000000	1.4499999999999993	1.9499999999999993	1.4499999999999993	1.9499999999999993
0.5	500000	0.8000000000000007	1.0500000000000007	0.8000000000000007	1.0500000000000007
0.1	100000	-0.7050000000000001	-0.6549999999999994	0.7050000000000001	0.6549999999999994
0.01	10000	1.1709999999999994	1.1759999999999984	1.1709999999999994	1.1759999999999984
2.0	2000000	1.1999999999999993	2.1999999999999993	1.1999999999999993	2.1999999999999993
1.0	1000000	1.1999999999999993	1.6999999999999993	1.1999999999999993	1.6999999999999993
0.5	500000	0.22499999999999964	0.47499999999999964	0.22499999999999964	0.47499999999999964
0.1	100000	-0.9350000000000005	-0.8849999999999998	0.9350000000000005	0.8849999999999998
0.01	10000	-0.9339999999999993	-0.9290000000000003	0.9339999999999993	0.9290000000000003
2.0	2000000	1.3999999999999986	2.3999999999999986	1.3999999999999986	2.3999999999999986
1.0	1000000	1.3999999999999986	1.8999999999999986	1.3999999999999986	1.8999999999999986
0.5	500000	1.3999999999999986	1.6499999999999986	1.3999999999999986	1.6499999999999986
0.1	100000	-0.7550000000000008	-0.7050000000000001	0.7550000000000008	0.7050000000000001
0.01	10000	-0.734	-0.7289999999999992	0.734	0.7289999999999992
2.0	2000000	1.1999999999999993	2.1999999999999993	1.1999999999999993	2.1999999999999993
1.0	1000000	1.1999999999999993	1.6999999999999993	1.1999999999999993	1.6999999999999993
0.5	500000	0.34999999999999964	0.5999999999999996	0.34999999999999964	0.5999999999999996
0.1	100000	0.3550000000000004	0.40499999999999936	0.3550000000000004	0.40499999999999936
0.01	10000	1.2070000000000007	1.2119999999999997	1.2070000000000007	1.2119999999999997
2.0	2000000	-3.4000000000000004	-2.4000000000000004	3.4000000000000004	2.4000000000000004
1.0	1000000	-2.3499999999999996	-1.8499999999999996	2.3499999999999996	1.8499999999999996
0.5	500000	-1.9250000000000007	-1.6750000000000007	1.9250000000000007	1.6750000000000007
0.1	100000	1.2749999999999986	1.3249999999999993	1.2749999999999986	1.3249999999999993
0.01	10000	-0.10899999999999999	-0.1039999999999992	0.10899999999999999	0.1039999999999992
2.0	2000000	1.1000000000000014	2.1000000000000014	1.1000000000000014	2.1000000000000014
1.0	1000000	1.1000000000000014	1.6000000000000014	1.1000000000000014	1.6000000000000014
0.5	500000	-1.1750000000000007	-0.9250000000000007	1.1750000000000007	0.9250000000000007
0.1	100000	0.34999999999999964	0.40000000000000036	0.34999999999999964	0.40000000000000036
0.01	10000	0.3620000000000001	0.3670000000000009	0.3620000000000001	0.3670000000000009
2.0	2000000	1.1000000000000014	2.1000000000000014	1.1000000000000014	2.1000000000000014
1.0	1000000	0.9499999999999993	1.4499999999999993	0.9499999999999993	1.4499999999999993
0.5	500000	-1.3000000000000007	-1.0500000000000007	1.3000000000000007	1.0500000000000007
0.1	100000	-1.3000000000000007	-1.25	1.3000000000000007	1.25
0.01	10000	-1.2699999999999996	-1.2650000000000006	1.2699999999999996	1.2650000000000006
2.0	2000000	1.3999999999999986	2.3999999999999986	1.3999999999999986	2.3999999999999986
1.0	1000000	1.3999999999999986	1.8999999999999986	1.3999999999999986	1.8999999999999986
0.5	500000	1.3999999999999986	1.6499999999999986	1.3999999999999986	1.6499999999999986
0.1	100000	-0.08500000000000085	-0.03500000000000014	0.08500000000000085	0.03500000000000014
0.01	10000	-0.5890000000000004	-0.5839999999999996	0.5890000000000004	0.5839999999999996
2.0	2000000	-3.1999999999999993	-2.1999999999999993	3.1999999999999993	2.1999999999999993
1.0	1000000	-2.4499999999999993	-1.9499999999999993	2.4499999999999993	1.9499999999999993
0.5	500000	-1.9749999999999996	-1.7249999999999996	1.9749999999999996	1.7249999999999996
0.1	100000	-1.5850000000000009	-1.5350000000000001	1.5850000000000009	1.5350000000000001
0.01	10000	-1.4949999999999992	-1.4900000000000002	1.4949999999999992	1.4900000000000002
2.0	2000000	1.3999999999999986	2.3999999999999986	1.3999999999999986	2.3999999999999986
1.0	1000000	1.3500000000000014	1.8500000000000014	1.3500000000000014	1.8500000000000014
0.5	500000	0.4499999999999993	0.6999999999999993	0.4499999999999993	0.6999999999999993
0.1	100000	-0.1850000000000005	-0.1349999999999998	0.1850000000000005	0.1349999999999998
0.01	10000	-0.7629999999999999	-0.7579999999999991	0.7629999999999999	0.7579999999999991
2.0	2000000	-3.0999999999999996	-2.0999999999999996	3.0999999999999996	2.0999999999999996
1.0	1000000	-2.0500000000000007	-1.5500000000000007	2.0500000000000007	1.5500000000000007
0.5	500000	-1.4000000000000004	-1.1500000000000004	1.4000000000000004	1.1500000000000004
0.1	100000	-0.22499999999999964	-0.1750000000000007	0.22499999999999964	0.1750000000000007
0.01	10000	-1.109	-1.1039999999999992	1.109	1.1039999999999992
2.0	2000000	1.3999999999999986	2.3999999999999986	1.3999999999999986	2.3999999999999986
1.0	1000000	1.3500000000000014	1.8500000000000014	1.3500000000000014	1.8500000000000014
0.5	500000	-1.9250000000000007	-1.6750000000000007	1.9250000000000007	1.6750000000000007
0.1	100000	1.3350000000000009	1.3850000000000016	1.3350000000000009	1.3850000000000016
0.01	10000	1.4029999999999987	1.4080000000000013	1.4029999999999987	1.4080000000000013
2.0	2000000	-3.4000000000000004	-2.4000000000000004	3.4000000000000004	2.4000000000000004
1.0	1000000	-2.4000000000000004	-1.9000000000000004	2.4000000000000004	1.9000000000000004
0.5	500000	-1.9000000000000004	-1.6500000000000004	1.9000000000000004	1.6500000000000004
0.1	100000	-1.4250000000000007	-1.375	1.4250000000000007	1.375
0.01	10000	-1.42	-1.4149999999999991	1.42	1.4149999999999991
2.0	2000000	-3.0999999999999996	-2.0999999999999996	3.0999999999999996	2.0999999999999996
1.0	1000000	-2.1500000000000004	-1.6500000000000004	2.1500000000000004	1.6500000000000004
0.5	500000	-1.6500000000000004	-1.4000000000000004	1.6500000000000004	1.4000000000000004
0.1	100000	-1.2449999999999992	-1.1950000000000003	1.2449999999999992	1.1950000000000003
0.01	10000	-0.6760000000000002	-0.6709999999999994	0.6760000000000002	0.6709999999999994
2.0	2000000	-3.3000000000000007	-2.3000000000000007	3.3000000000000007	2.3000000000000007
1.0	1000000	-1.0500000000000007	-0.5500000000000007	1.0500000000000007	0.5500000000000007
0.5	500000	-0.8000000000000007	-0.5500000000000007	0.8000000000000007	0.5500000000000007
0.1	100000	-1.3599999999999994	-1.3100000000000005	1.3599999999999994	1.3100000000000005
0.01	10000	-0.9120000000000008	-0.907	0.9120000000000008	0.907
2.0	2000000	-3.3000000000000007	-2.3000000000000007	3.3000000000000007	2.3000000000000007
1.0	1000000	-2.3499999999999996	-1.8499999999999996	2.3499999999999996	1.8499999999999996
0.5	500000	-1.875	-1.625	1.875	1.625
0.1	100000	-0.3000000000000007	-0.25	0.3000000000000007	0.25
0.01	10000	0.9510000000000005	0.9559999999999995	0.9510000000000005	0.9559999999999995
2.0	2000000	-2.6999999999999993	-1.6999999999999993	2.6999999999999993	1.6999999999999993
1.0	1000000	-1.6999999999999993	-1.1999999999999993	1.6999999999999993	1.1999999999999993
0.5	500000	-1.3249999999999993	-1.0749999999999993	1.3249999999999993	1.0749999999999993
0.1	100000	-0.8450000000000006	-0.7949999999999999	0.8450000000000006	0.7949999999999999
0.01	10000	0.5640000000000001	0.5690000000000008	0.5640000000000001	0.5690000000000008
2.0	2000000	-1.4000000000000004	-0.40000000000000036	1.4000000000000004	0.40000000000000036
1.0	1000000	-0.4499999999999993	0.05000000000000071	0.4499999999999993	0.05000000000000071
0.5	500000	-0.5	-0.25	0.5	0.25
0.1	100000	0.9849999999999994	1.0350000000000001	0.9849999999999994	1.0350000000000001
0.01	10000	0.5099999999999998	0.5150000000000006	0.5099999999999998	0.5150000000000006
2.0	2000000	0.8000000000000007	1.8000000000000007	0.8000000000000007	1.8000000000000007
1.0	1000000	0.8000000000000007	1.3000000000000007	0.8000000000000007	1.3000000000000007
0.5	500000	0.8499999999999996	1.1000000000000014	0.8499999999999996	1.1000000000000014
0.1	100000	0.9199999999999999	0.9700000000000006	0.9199999999999999	0.9700000000000006
0.01	10000	-0.3569999999999993	-0.3520000000000003	0.3569999999999993	0.3520000000000003
2.0	2000000	-2.9000000000000004	-1.9000000000000004	2.9000000000000004	1.9000000000000004
1.0	1000000	-1.8499999999999996	-1.3499999999999996	1.8499999999999996	1.3499999999999996
0.5	500000	-1.3000000000000007	-1.0500000000000007	1.3000000000000007	1.0500000000000007
0.1	100000	-1.2799999999999994	-1.2300000000000004	1.2799999999999994	1.2300000000000004
0.01	10000	0.8819999999999997	0.8870000000000005	0.8819999999999997	0.8870000000000005
2.0	2000000	1.3000000000000007	2.3000000000000007	1.3000000000000007	2.3000000000000007
1.0	1000000	1.4499999999999993	1.9499999999999993	1.4499999999999993	1.9499999999999993
0.5	500000	1.4250000000000007	1.6750000000000007	1.4250000000000007	1.6750000000000007
0.1	100000	1.4549999999999983	1.504999999999999	1.4549999999999983	1.504999999999999
0.01	10000	1.4619999999999997	1.4669999999999987	1.4619999999999997	1.4669999999999987
2.0	2000000	1.3999999999999986	2.3999999999999986	1.3999999999999986	2.3999999999999986
1.0	1000000	1.3999999999999986	1.8999999999999986	1.3999999999999986	1.8999999999999986
0.5	500000	1.375	1.625	1.375	1.625
0.1	100000	1.4649999999999999	1.5150000000000006	1.4649999999999999	1.5150000000000006
0.01	10000	1.4609999999999985	1.466000000000001	1.4609999999999985	1.466000000000001
2.0	2000000	0.0	1.0	0.0	1.0
1.0	1000000	1.4499999999999993	1.9499999999999993	1.4499999999999993	1.9499999999999993
0.5	500000	0.07499999999999929	0.3249999999999993	0.07499999999999929	0.3249999999999993
0.1	100000	-0.48499999999999943	-0.4350000000000005	0.48499999999999943	0.4350000000000005
0.01	10000	-0.40000000000000036	-0.3949999999999996	0.40000000000000036	0.3949999999999996
2.0	2000000	1.3999999999999986	2.3999999999999986	1.3999999999999986	2.3999999999999986
1.0	1000000	1.3999999999999986	1.8999999999999986	1.3999999999999986	1.8999999999999986
0.5	500000	1.4250000000000007	1.6750000000000007	1.4250000000000007	1.6750000000000007
0.1	100000	0.5749999999999993	0.625	0.5749999999999993	0.625
0.01	10000	-0.9130000000000003	-0.9079999999999995	0.9130000000000003	0.9079999999999995
2.0	2000000	0.8000000000000007	1.8000000000000007	0.8000000000000007	1.8000000000000007
1.0	1000000	1.4499999999999993	1.9499999999999993	1.4499999999999993	1.9499999999999993
0.5	500000	0.7750000000000004	1.0249999999999986	0.7750000000000004	1.0249999999999986
0.1	100000	-0.09999999999999964	-0.05000000000000071	0.09999999999999964	0.05000000000000071
0.01	10000	-1.1460000000000008	-1.141	1.1460000000000008	1.141
2.0	2000000	0.9000000000000004	1.8999999999999986	0.9000000000000004	1.8999999999999986
1.0	1000000	0.9000000000000004	1.3999999999999986	0.9000000000000004	1.3999999999999986
0.5	500000	0.9000000000000004	1.1499999999999986	0.9000000000000004	1.1499999999999986
0.1	100000	0.8949999999999996	0.9450000000000003	0.8949999999999996	0.9450000000000003
0.01	10000	-0.02800000000000047	-0.022999999999999687	0.02800000000000047	0.022999999999999687
2.0	2000000	1.3999999999999986	2.3999999999999986	1.3999999999999986	2.3999999999999986
1.0	1000000	1.3999999999999986	1.8999999999999986	1.3999999999999986	1.8999999999999986
0.5	500000	1.3999999999999986	1.6499999999999986	1.3999999999999986	1.6499999999999986
0.1	100000	1.0399999999999991	1.0899999999999999	1.0399999999999991	1.0899999999999999
0.01	10000	0.9830000000000005	0.9879999999999995	0.9830000000000005	0.9879999999999995
2.0	2000000	-2.5	-1.5	2.5	1.5
1.0	1000000	1.3500000000000014	1.8500000000000014	1.3500000000000014	1.8500000000000014
0.5	500000	1.375	1.625	1.375	1.625
0.1	100000	1.3649999999999984	1.4149999999999991	1.3649999999999984	1.4149999999999991
0.01	10000	0.06700000000000017	0.07199999999999918	0.06700000000000017	0.07199999999999918
2.0	2000000	0.8000000000000007	1.8000000000000007	0.8000000000000007	1.8000000000000007
1.0	1000000	1.25	1.75	1.25	1.75
0.5	500000	0.7750000000000004	1.0249999999999986	0.7750000000000004	1.0249999999999986
0.1	100000	0.09500000000000064	0.14499999999999957	0.09500000000000064	0.14499999999999957
0.01	10000	1.2609999999999992	1.2659999999999982	1.2609999999999992	1.2659999999999982
2.0	2000000	-3.3000000000000007	-2.3000000000000007	3.3000000000000007	2.3000000000000007
1.0	1000000	-2.3000000000000007	-1.8000000000000007	2.3000000000000007	1.8000000000000007
0.5	500000	0.05000000000000071	0.3000000000000007	0.05000000000000071	0.3000000000000007
0.1	100000	0.21000000000000085	0.2599999999999998	0.21000000000000085	0.2599999999999998
0.01	10000	1.0440000000000005	1.0489999999999995	1.0440000000000005	1.0489999999999995
2.0	2000000	1.1999999999999993	2.1999999999999993	1.1999999999999993	2.1999999999999993
1.0	1000000	1.1499999999999986	1.6499999999999986	1.1499999999999986	1.6499999999999986
0.5	500000	1.125	1.375	1.125	1.375
0.1	100000	0.5	0.5500000000000007	0.5	0.5500000000000007
0.01	10000	-0.9949999999999992	-0.9900000000000002	0.9949999999999992	0.9900000000000002
2.0	2000000	-1.0999999999999996	-0.09999999999999964	1.0999999999999996	0.09999999999999964
1.0	1000000	-2.4499999999999993	-1.9499999999999993	2.4499999999999993	1.9499999999999993
0.5	500000	-1.9749999999999996	-1.7249999999999996	1.9749999999999996	1.7249999999999996
0.1	100000	-1.5899999999999999	-1.5399999999999991	1.5899999999999999	1.5399999999999991
0.01	10000	-0.1980000000000004	-0.19299999999999962	0.1980000000000004	0.19299999999999962
2.0	2000000	-2.9000000000000004	-1.9000000000000004	2.9000000000000004	1.9000000000000004
1.0	1000000	1.4499999999999993	1.9499999999999993	1.4499999999999993	1.9499999999999993
0.5	500000	1.4250000000000007	1.6750000000000007	1.4250000000000007	1.6750000000000007
0.1	100000	1.25	1.3000000000000007	1.25	1.3000000000000007
0.01	10000	0.35999999999999943	0.3650000000000002	0.35999999999999943	0.3650000000000002
2.0	2000000	-3.4000000000000004	-2.4000000000000004	3.4000000000000004	2.4000000000000004
1.0	1000000	-2.3499999999999996	-1.8499999999999996	2.3499999999999996	1.8499999999999996
0.5	500000	-1.9749999999999996	-1.7249999999999996	1.9749999999999996	1.7249999999999996
0.1	100000	-0.34999999999999964	-0.3000000000000007	0.34999999999999964	0.3000000000000007
0.01	10000	1.004999999999999	1.0100000000000016	1.004999999999999	1.0100000000000016
2.0	2000000	-3.1999999999999993	-2.1999999999999993	3.1999999999999993	2.1999999999999993
1.0	1000000	-2.25	-1.75	2.25	1.75
0.5	500000	-1.75	-1.5	1.75	1.5
0.1	100000	-1.33	-1.2799999999999994	1.33	1.2799999999999994
0.01	10000	-1.263	-1.2579999999999991	1.263	1.2579999999999991
2.0	2000000	1.3999999999999986	2.3999999999999986	1.3999999999999986	2.3999999999999986
1.0	1000000	1.3999999999999986	1.8999999999999986	1.3999999999999986	1.8999999999999986
0.5	500000	1.3999999999999986	1.6499999999999986	1.3999999999999986	1.6499999999999986
0.1	100000	-0.8949999999999996	-0.8450000000000006	0.8949999999999996	0.8450000000000006
0.01	10000	1.4259999999999984	1.431000000000001	1.4259999999999984	1.431000000000001
2.0	2000000	1.1999999999999993	2.1999999999999993	1.1999999999999993	2.1999999999999993
1.0	1000000	1.3500000000000014	1.8500000000000014	1.3500000000000014	1.8500000000000014
0.5	500000	1.3500000000000014	1.6000000000000014	1.3500000000000014	1.6000000000000014
0.1	100000	-0.7799999999999994	-0.7300000000000004	0.7799999999999994	0.7300000000000004
0.01	10000	0.3360000000000003	0.3409999999999993	0.3360000000000003	0.3409999999999993
2.0	2000000	-3.0999999999999996	-2.0999999999999996	3.0999999999999996	2.0999999999999996
1.0	1000000	-2.0999999999999996	-1.5999999999999996	2.0999999999999996	1.5999999999999996
0.5	500000	-1.3000000000000007	-1.0500000000000007	1.3000000000000007	1.0500000000000007
0.1	100000	-1.1950000000000003	-1.1449999999999996	1.1950000000000003	1.1449999999999996
0.01	10000	0.8529999999999998	0.8580000000000005	0.8529999999999998	0.8580000000000005
2.0	2000000	-3.1999999999999993	-2.1999999999999993	3.1999999999999993	2.1999999999999993
1.0	1000000	-2.4499999999999993	-1.9499999999999993	2.4499999999999993	1.9499999999999993
0.5	500000	-1.9499999999999993	-1.6999999999999993	1.9499999999999993	1.6999999999999993
0.1	100000	0.41999999999999993	0.47000000000000064	0.41999999999999993	0.47000000000000064
0.01	10000	-1.3070000000000004	-1.3019999999999996	1.3070000000000004	1.3019999999999996
2.0	2000000	0.5999999999999996	1.6000000000000014	0.5999999999999996	1.6000000000000014
1.0	1000000	1.3500000000000014	1.8500000000000014	1.3500000000000014	1.8500000000000014
0.5	500000	1.3500000000000014	1.6000000000000014	1.3500000000000014	1.6000000000000014
0.1	100000	-0.40000000000000036	-0.34999999999999964	0.40000000000000036	0.34999999999999964
0.01	10000	0.8979999999999997	0.9030000000000005	0.8979999999999997	0.9030000000000005
2.0	2000000	1.3999999999999986	2.3999999999999986	1.3999999999999986	2.3999999999999986
1.0	1000000	1.3999999999999986	1.8999999999999986	1.3999999999999986	1.8999999999999986
0.5	500000	1.3999999999999986	1.6499999999999986	1.3999999999999986	1.6499999999999986
0.1	100000	1.4299999999999997	1.4800000000000004	1.4299999999999997	1.4800000000000004
0.01	10000	1.4400000000000013	1.4450000000000003	1.4400000000000013	1.4450000000000003
2.0	2000000	-3.4000000000000004	-2.4000000000000004	3.4000000000000004	2.4000000000000004
1.0	1000000	-2.4000000000000004	-1.9000000000000004	2.4000000000000004	1.9000000000000004
0.5	500000	-1.9000000000000004	-1.6500000000000004	1.9000000000000004	1.6500000000000004
0.1	100000	0.6699999999999999	0.7200000000000006	0.6699999999999999	0.7200000000000006
0.01	10000	1.2899999999999991	1.2950000000000017	1.2899999999999991	1.2950000000000017
2.0	2000000	-3.4000000000000004	-2.4000000000000004	3.4000000000000004	2.4000000000000004
1.0	1000000	-2.4499999999999993	-1.9499999999999993	2.4499999999999993	1.9499999999999993
0.5	500000	-1.9499999999999993	-1.6999999999999993	1.9499999999999993	1.6999999999999993
0.1	100000	-1.4800000000000004	-1.4299999999999997	1.4800000000000004	1.4299999999999997
0.01	10000	-1.4749999999999996	-1.4700000000000006	1.4749999999999996	1.4700000000000006
2.0	2000000	-3.4000000000000004	-2.4000000000000004	3.4000000000000004	2.4000000000000004
1.0	1000000	1.4499999999999993	1.9499999999999993	1.4499999999999993	1.9499999999999993
0.5	500000	1.4499999999999993	1.6999999999999993	1.4499999999999993	1.6999999999999993
0.1	100000	-1.2200000000000006	-1.17	1.2200000000000006	1.17
0.01	10000	1.4600000000000009	1.4649999999999999	1.4600000000000009	1.4649999999999999
2.0	2000000	-3.3000000000000007	-2.3000000000000007	3.3000000000000007	2.3000000000000007
1.0	1000000	-2.3000000000000007	-1.8000000000000007	2.3000000000000007	1.8000000000000007
0.5	500000	-1.8249999999999993	-1.5749999999999993	1.8249999999999993	1.5749999999999993
0.1	100000	0.3550000000000004	0.40499999999999936	0.3550000000000004	0.40499999999999936
0.01	10000	0.6470000000000002	0.6519999999999992	0.6470000000000002	0.6519999999999992
2.0	2000000	-3.4000000000000004	-2.4000000000000004	3.4000000000000004	2.4000000000000004
1.0	1000000	-2.4000000000000004	-1.9000000000000004	2.4000000000000004	1.9000000000000004
0.5	500000	-0.875	-0.625	0.875	0.625
0.1	100000	0.7599999999999998	0.8100000000000005	0.7599999999999998	0.8100000000000005
0.01	10000	-0.45199999999999996	-0.4469999999999992	0.45199999999999996	0.4469999999999992
2.0	2000000	-3.0999999999999996	-2.0999999999999996	3.0999999999999996	2.0999999999999996
1.0	1000000	1.4499999999999993	1.9499999999999993	1.4499999999999993	1.9499999999999993
0.5	500000	1.4499999999999993	1.6999999999999993	1.4499999999999993	1.6999999999999993
0.1	100000	-1.3599999999999994	-1.3100000000000005	1.3599999999999994	1.3100000000000005
0.01	10000	-1.311	-1.3059999999999992	1.311	1.3059999999999992
2.0	2000000	-3.4000000000000004	-2.4000000000000004	3.4000000000000004	2.4000000000000004
1.0	1000000	-2.4499999999999993	-1.9499999999999993	2.4499999999999993	1.9499999999999993
0.5	500000	-1.9499999999999993	-1.6999999999999993	1.9499999999999993	1.6999999999999993
0.1	100000	-1.5700000000000003	-1.5199999999999996	1.5700000000000003	1.5199999999999996
0.01	10000	0.5410000000000004	0.5459999999999994	0.5410000000000004	0.5459999999999994
2.0	2000000	-0.8000000000000007	0.1999999999999993	0.8000000000000007	0.1999999999999993
1.0	1000000	-0.5999999999999996	-0.09999999999999964	0.5999999999999996	0.09999999999999964
0.5	500000	-0.5250000000000004	-0.27500000000000036	0.5250000000000004	0.27500000000000036
0.1	100000	-0.5099999999999998	-0.46000000000000085	0.5099999999999998	0.46000000000000085
0.01	10000	-0.2129999999999992	-0.20800000000000018	0.2129999999999992	0.20800000000000018
2.0	2000000	1.3000000000000007	2.3000000000000007	1.3000000000000007	2.3000000000000007
1.0	1000000	-2.3499999999999996	-1.8499999999999996	2.3499999999999996	1.8499999999999996
0.5	500000	-1.9250000000000007	-1.6750000000000007	1.9250000000000007	1.6750000000000007
0.1	100000	-0.6449999999999996	-0.5950000000000006	0.6449999999999996	0.5950000000000006
0.01	10000	1.3790000000000013	1.3840000000000003	1.3790000000000013	1.3840000000000003
2.0	2000000	1.3999999999999986	2.3999999999999986	1.3999999999999986	2.3999999999999986
1.0	1000000	1.3999999999999986	1.8999999999999986	1.3999999999999986	1.8999999999999986
0.5	500000	1.3999999999999986	1.6499999999999986	1.3999999999999986	1.6499999999999986
0.1	100000	1.3949999999999996	1.4450000000000003	1.3949999999999996	1.4450000000000003
0.01	10000	-0.9130000000000003	-0.9079999999999995	0.9130000000000003	0.9079999999999995
2.0	2000000	-2.8000000000000007	-1.8000000000000007	2.8000000000000007	1.8000000000000007
1.0	1000000	-1.8000000000000007	-1.3000000000000007	1.8000000000000007	1.3000000000000007
0.5	500000	-1.3000000000000007	-1.0500000000000007	1.3000000000000007	1.0500000000000007
0.1	100000	0.07499999999999929	0.125	0.07499999999999929	0.125
0.01	10000	-0.8710000000000004	-0.8659999999999997	0.8710000000000004	0.8659999999999997
2.0	2000000	0.8000000000000007	1.8000000000000007	0.8000000000000007	1.8000000000000007
1.0	1000000	0.5500000000000007	1.0500000000000007	0.5500000000000007	1.0500000000000007
0.5	500000	-1.125	-0.875	1.125	0.875
0.1	100000	-0.47000000000000064	-0.41999999999999993	0.47000000000000064	0.41999999999999993
0.01	10000	-0.6579999999999995	-0.6530000000000005	0.6579999999999995	0.6530000000000005
2.0	2000000	0.3000000000000007	1.3000000000000007	0.3000000000000007	1.3000000000000007
1.0	1000000	0.09999999999999964	0.5999999999999996	0.09999999999999964	0.5999999999999996
0.5	500000	0.5250000000000004	0.7750000000000004	0.5250000000000004	0.7750000000000004
0.1	100000	0.3149999999999995	0.3650000000000002	0.3149999999999995	0.3650000000000002
0.01	10000	0.7970000000000006	0.8019999999999996	0.7970000000000006	0.8019999999999996
2.0	2000000	1.3000000000000007	2.3000000000000007	1.3000000000000007	2.3000000000000007
1.0	1000000	-2.4499999999999993	-1.9499999999999993	2.4499999999999993	1.9499999999999993
0.5	500000	-1.9499999999999993	-1.6999999999999993	1.9499999999999993	1.6999999999999993
0.1	100000	1.2749999999999986	1.3249999999999993	1.2749999999999986	1.3249999999999993
0.01	10000	0.08999999999999986	0.09500000000000064	0.08999999999999986	0.09500000000000064
2.0	2000000	-3.4000000000000004	-2.4000000000000004	3.4000000000000004	2.4000000000000004
1.0	1000000	-2.4000000000000004	-1.9000000000000004	2.4000000000000004	1.9000000000000004
0.5	500000	-1.9250000000000007	-1.6750000000000007	1.9250000000000007	1.6750000000000007
0.1	100000	0.5600000000000005	0.6099999999999994	0.5600000000000005	0.6099999999999994
0.01	10000	1.2390000000000008	1.2439999999999998	1.2390000000000008	1.2439999999999998
2.0	2000000	-3.0	-2.0	3.0	2.0
1.0	1000000	-1.4000000000000004	-0.9000000000000004	1.4000000000000004	0.9000000000000004
0.5	500000	1.4750000000000014	1.7250000000000014	1.4750000000000014	1.7250000000000014
0.1	100000	-0.6099999999999994	-0.5600000000000005	0.6099999999999994	0.5600000000000005
0.01	10000	0.8770000000000007	0.8819999999999997	0.8770000000000007	0.8819999999999997
2.0	2000000	-3.1999999999999993	-2.1999999999999993	3.1999999999999993	2.1999999999999993
1.0	1000000	-2.3499999999999996	-1.8499999999999996	2.3499999999999996	1.8499999999999996
0.5	500000	-1.875	-1.625	1.875	1.625
0.1	100000	-0.4399999999999995	-0.39000000000000057	0.4399999999999995	0.39000000000000057
0.01	10000	0.8490000000000002	0.8539999999999992	0.8490000000000002	0.8539999999999992
2.0	2000000	1.3999999999999986	2.3999999999999986	1.3999999999999986	2.3999999999999986
1.0	1000000	1.4499999999999993	1.9499999999999993	1.4499999999999993	1.9499999999999993
0.5	500000	1.4499999999999993	1.6999999999999993	1.4499999999999993	1.6999999999999993
0.1	100000	1.4450000000000003	1.495000000000001	1.4450000000000003	1.495000000000001
0.01	10000	1.4450000000000003	1.4499999999999993	1.4450000000000003	1.4499999999999993
2.0	2000000	1.1000000000000014	2.1000000000000014	1.1000000000000014	2.1000000000000014
1.0	1000000	1.4499999999999993	1.9499999999999993	1.4499999999999993	1.9499999999999993
0.5	500000	1.4499999999999993	1.6999999999999993	1.4499999999999993	1.6999999999999993
0.1	100000	-0.9299999999999997	-0.8800000000000008	0.9299999999999997	0.8800000000000008
0.01	10000	0.0039999999999995595	0.009000000000000341	0.0039999999999995595	0.009000000000000341
2.0	2000000	-3.0999999999999996	-2.0999999999999996	3.0999999999999996	2.0999999999999996
1.0	1000000	-2.1500000000000004	-1.6500000000000004	2.1500000000000004	1.6500000000000004
0.5	500000	-1.6750000000000007	-1.4250000000000007	1.6750000000000007	1.4250000000000007
0.1	100000	-1.2300000000000004	-1.1799999999999997	1.2300000000000004	1.1799999999999997
0.01	10000	0.5830000000000002	0.5879999999999992	0.5830000000000002	0.5879999999999992
2.0	2000000	1.1999999999999993	2.1999999999999993	1.1999999999999993	2.1999999999999993
1.0	1000000	1.1999999999999993	1.6999999999999993	1.1999999999999993	1.6999999999999993
0.5	500000	-0.27500000000000036	-0.025000000000000355	0.27500000000000036	0.025000000000000355
0.1	100000	-0.16000000000000014	-0.10999999999999943	0.16000000000000014	0.10999999999999943
0.01	10000	-1.2230000000000008	-1.218	1.2230000000000008	1.218
2.0	2000000	1.3999999999999986	2.3999999999999986	1.3999999999999986	2.3999999999999986
1.0	1000000	1.3999999999999986	1.8999999999999986	1.3999999999999986	1.8999999999999986
0.5	500000	1.3999999999999986	1.6499999999999986	1.3999999999999986	1.6499999999999986
0.1	100000	0.9100000000000001	0.9600000000000009	0.9100000000000001	0.9600000000000009
0.01	10000	-0.8629999999999995	-0.8580000000000005	0.8629999999999995	0.8580000000000005
2.0	2000000	-3.4000000000000004	-2.4000000000000004	3.4000000000000004	2.4000000000000004
1.0	1000000	-2.4499999999999993	-1.9499999999999993	2.4499999999999993	1.9499999999999993
0.5	500000	-1.9749999999999996	-1.7249999999999996	1.9749999999999996	1.7249999999999996
0.1	100000	-1.5899999999999999	-1.5399999999999991	1.5899999999999999	1.5399999999999991
0.01	10000	-1.5009999999999994	-1.4960000000000004	1.5009999999999994	1.4960000000000004
2.0	2000000	-3.4000000000000004	-2.4000000000000004	3.4000000000000004	2.4000000000000004
1.0	1000000	-2.4000000000000004	-1.9000000000000004	2.4000000000000004	1.9000000000000004
0.5	500000	-1.9000000000000004	-1.6500000000000004	1.9000000000000004	1.6500000000000004
0.1	100000	-0.9550000000000001	-0.9049999999999994	0.9550000000000001	0.9049999999999994
0.01	10000	-0.8439999999999994	-0.8390000000000004	0.8439999999999994	0.8390000000000004
2.0	2000000	-3.4000000000000004	-2.4000000000000004	3.4000000000000004	2.4000000000000004
1.0	1000000	-2.4499999999999993	-1.9499999999999993	2.4499999999999993	1.9499999999999993
0.5	500000	-1.9499999999999993	-1.6999999999999993	1.9499999999999993	1.6999999999999993
0.1	100000	-0.6750000000000007	-0.625	0.6750000000000007	0.625
0.01	10000	-0.4689999999999994	-0.4640000000000004	0.4689999999999994	0.4640000000000004
2.0	2000000	0.5999999999999996	1.6000000000000014	0.5999999999999996	1.6000000000000014
1.0	1000000	0.25	0.75	0.25	0.75
0.5	500000	0.375	0.625	0.375	0.625
0.1	100000	0.5700000000000003	0.6199999999999992	0.5700000000000003	0.6199999999999992
0.01	10000	1.1170000000000009	1.1219999999999999	1.1170000000000009	1.1219999999999999
2.0	2000000	1.3000000000000007	2.3000000000000007	1.3000000000000007	2.3000000000000007
1.0	1000000	1.3000000000000007	1.8000000000000007	1.3000000000000007	1.8000000000000007
0.5	500000	1.3000000000000007	1.5500000000000007	1.3000000000000007	1.5500000000000007
0.1	100000	-1.2899999999999991	-1.2400000000000002	1.2899999999999991	1.2400000000000002
0.01	10000	-0.21700000000000053	-0.21199999999999974	0.21700000000000053	0.21199999999999974
2.0	2000000	1.3999999999999986	2.3999999999999986	1.3999999999999986	2.3999999999999986
1.0	1000000	1.4499999999999993	1.9499999999999993	1.4499999999999993	1.9499999999999993
0.5	500000	1.4499999999999993	1.6999999999999993	1.4499999999999993	1.6999999999999993
0.1	100000	0.3550000000000004	0.40499999999999936	0.3550000000000004	0.40499999999999936
0.01	10000	-1.4589999999999996	-1.4540000000000006	1.4589999999999996	1.4540000000000006
2.0	2000000	1.3999999999999986	2.3999999999999986	1.3999999999999986	2.3999999999999986
1.0	1000000	1.4499999999999993	1.9499999999999993	1.4499999999999993	1.9499999999999993
0.5	500000	1.4250000000000007	1.6750000000000007	1.4250000000000007	1.6750000000000007
0.1	100000	1.4100000000000001	1.4600000000000009	1.4100000000000001	1.4600000000000009
0.01	10000	-0.41999999999999993	-0.41499999999999915	0.41999999999999993	0.41499999999999915
2.0	2000000	1.3999999999999986	2.3999999999999986	1.3999999999999986	2.3999999999999986
1.0	1000000	1.4499999999999993	1.9499999999999993	1.4499999999999993	1.9499999999999993
0.5	500000	1.4499999999999993	1.6999999999999993	1.4499999999999993	1.6999999999999993
0.1	100000	-1.2599999999999998	-1.2100000000000009	1.2599999999999998	1.2100000000000009
0.01	10000	-1.2739999999999991	-1.2690000000000001	1.2739999999999991	1.2690000000000001
2.0	2000000	1.1000000000000014	2.1000000000000014	1.1000000000000014	2.1000000000000014
1.0	1000000	1.0500000000000007	1.5500000000000007	1.0500000000000007	1.5500000000000007
0.5	500000	1.0500000000000007	1.3000000000000007	1.0500000000000007	1.3000000000000007
0.1	100000	1.254999999999999	1.3049999999999997	1.254999999999999	1.3049999999999997
0.01	10000	-1.0990000000000002	-1.0939999999999994	1.0990000000000002	1.0939999999999994
2.0	2000000	1.3000000000000007	2.3000000000000007	1.3000000000000007	2.3000000000000007
1.0	1000000	1.3000000000000007	1.8000000000000007	1.3000000000000007	1.8000000000000007
0.5	500000	1.3000000000000007	1.5500000000000007	1.3000000000000007	1.5500000000000007
0.1	100000	1.3350000000000009	1.3850000000000016	1.3350000000000009	1.3850000000000016
0.01	10000	-1.1609999999999996	-1.1560000000000006	1.1609999999999996	1.1560000000000006
2.0	2000000	-3.3000000000000007	-2.3000000000000007	3.3000000000000007	2.3000000000000007
1.0	1000000	-2.3000000000000007	-1.8000000000000007	2.3000000000000007	1.8000000000000007
0.5	500000	-1.8249999999999993	-1.5749999999999993	1.8249999999999993	1.5749999999999993
0.1	100000	-0.8399999999999999	-0.7899999999999991	0.8399999999999999	0.7899999999999991
0.01	10000	0.09200000000000053	0.09699999999999953	0.09200000000000053	0.09699999999999953
2.0	2000000	-0.9000000000000004	0.09999999999999964	0.9000000000000004	0.09999999999999964
1.0	1000000	-2.4499999999999993	-1.9499999999999993	2.4499999999999993	1.9499999999999993
0.5	500000	-0.9499999999999993	-0.6999999999999993	0.9499999999999993	0.6999999999999993
0.1	100000	-0.5299999999999994	-0.4800000000000004	0.5299999999999994	0.4800000000000004
0.01	10000	-0.7750000000000004	-0.7699999999999996	0.7750000000000004	0.7699999999999996
2.0	2000000	1.3999999999999986	2.3999999999999986	1.3999999999999986	2.3999999999999986
1.0	1000000	1.4499999999999993	1.9499999999999993	1.4499999999999993	1.9499999999999993
0.5	500000	1.4250000000000007	1.6750000000000007	1.4250000000000007	1.6750000000000007
0.1	100000	1.4149999999999991	1.4649999999999999	1.4149999999999991	1.4649999999999999
0.01	10000	-0.4610000000000003	-0.4559999999999995	0.4610000000000003	0.4559999999999995
2.0	2000000	-3.4000000000000004	-2.4000000000000004	3.4000000000000004	2.4000000000000004
1.0	1000000	-2.4499999999999993	-1.9499999999999993	2.4499999999999993	1.9499999999999993
0.5	500000	-1.9499999999999993	-1.6999999999999993	1.9499999999999993	1.6999999999999993
0.1	100000	1.3599999999999994	1.4100000000000001	1.3599999999999994	1.4100000000000001
0.01	10000	-0.6530000000000005	-0.6479999999999997	0.6530000000000005	0.6479999999999997
2.0	2000000	-3.0999999999999996	-2.0999999999999996	3.0999999999999996	2.0999999999999996
1.0	1000000	-2.3499999999999996	-1.8499999999999996	2.3499999999999996	1.8499999999999996
0.5	500000	-1.875	-1.625	1.875	1.625
0.1	100000	-0.1999999999999993	-0.15000000000000036	0.1999999999999993	0.15000000000000036
0.01	10000	-0.15399999999999991	-0.14899999999999913	0.15399999999999991	0.14899999999999913
2.0	2000000	-0.9000000000000004	0.09999999999999964	0.9000000000000004	0.09999999999999964
1.0	1000000	-0.3000000000000007	0.1999999999999993	0.3000000000000007	0.1999999999999993
0.5	500000	-0.15000000000000036	0.09999999999999964	0.15000000000000036	0.09999999999999964
0.1	100000	0.09500000000000064	0.14499999999999957	0.09500000000000064	0.14499999999999957
0.01	10000	0.6699999999999999	0.6750000000000007	0.6699999999999999	0.6750000000000007
2.0	2000000	-3.4000000000000004	-2.4000000000000004	3.4000000000000004	2.4000000000000004
1.0	1000000	-2.4000000000000004	-1.9000000000000004	2.4000000000000004	1.9000000000000004
0.5	500000	0.6999999999999993	0.9499999999999993	0.6999999999999993	0.9499999999999993
0.1	100000	0.6799999999999997	0.7300000000000004	0.6799999999999997	0.7300000000000004
0.01	10000	0.7769999999999992	0.782	0.7769999999999992	0.782
2.0	2000000	1.3000000000000007	2.3000000000000007	1.3000000000000007	2.3000000000000007
1.0	1000000	-2.4499999999999993	-1.9499999999999993	2.4499999999999993	1.9499999999999993
0.5	500000	-1.9749999999999996	-1.7249999999999996	1.9749999999999996	1.7249999999999996
0.1	100000	-1.0299999999999994	-0.9800000000000004	1.0299999999999994	0.9800000000000004
0.01	10000	1.1799999999999997	1.1849999999999987	1.1799999999999997	1.1849999999999987
2.0	2000000	-3.1999999999999993	-2.1999999999999993	3.1999999999999993	2.1999999999999993
1.0	1000000	-2.1999999999999993	-1.6999999999999993	2.1999999999999993	1.6999999999999993
0.5	500000	-1.7249999999999996	-1.4749999999999996	1.7249999999999996	1.4749999999999996
0.1	100000	-1.0500000000000007	-1.0	1.0500000000000007	1.0
0.01	10000	0.7200000000000006	0.7249999999999996	0.7200000000000006	0.7249999999999996
2.0	2000000	-3.4000000000000004	-2.4000000000000004	3.4000000000000004	2.4000000000000004
1.0	1000000	-2.4000000000000004	-1.9000000000000004	2.4000000000000004	1.9000000000000004
0.5	500000	-1.9000000000000004	-1.6500000000000004	1.9000000000000004	1.6500000000000004
0.1	100000	-1.5150000000000006	-1.4649999999999999	1.5150000000000006	1.4649999999999999
0.01	10000	-0.3960000000000008	-0.391	0.3960000000000008	0.391
2.0	2000000	-1.0999999999999996	-0.09999999999999964	1.0999999999999996	0.09999999999999964
1.0	1000000	-1.0500000000000007	-0.5500000000000007	1.0500000000000007	0.5500000000000007
0.5	500000	-1.0250000000000004	-0.7750000000000004	1.0250000000000004	0.7750000000000004
0.1	100000	-0.17999999999999972	-0.13000000000000078	0.17999999999999972	0.13000000000000078
0.01	10000	-0.8300000000000001	-0.8249999999999993	0.8300000000000001	0.8249999999999993
2.0	2000000	-3.4000000000000004	-2.4000000000000004	3.4000000000000004	2.4000000000000004
1.0	1000000	-2.4499999999999993	-1.9499999999999993	2.4499999999999993	1.9499999999999993
0.5	500000	-1.9499999999999993	-1.6999999999999993	1.9499999999999993	1.6999999999999993
0.1	100000	1.0399999999999991	1.0899999999999999	1.0399999999999991	1.0899999999999999
0.01	10000	-0.4139999999999997	-0.4090000000000007	0.4139999999999997	0.4090000000000007
2.0	2000000	-3.0	-2.0	3.0	2.0
1.0	1000000	-2.0	-1.5	2.0	1.5
0.5	500000	-1.3499999999999996	-1.0999999999999996	1.3499999999999996	1.0999999999999996
0.1	100000	-1.33	-1.2799999999999994	1.33	1.2799999999999994
0.01	10000	-1.0150000000000006	-1.0099999999999998	1.0150000000000006	1.0099999999999998
2.0	2000000	-3.4000000000000004	-2.4000000000000004	3.4000000000000004	2.4000000000000004
1.0	1000000	-2.4000000000000004	-1.9000000000000004	2.4000000000000004	1.9000000000000004
0.5	500000	-0.9250000000000007	-0.6750000000000007	0.9250000000000007	0.6750000000000007
0.1	100000	-0.8450000000000006	-0.7949999999999999	0.8450000000000006	0.7949999999999999
0.01	10000	-0.8179999999999996	-0.8130000000000006	0.8179999999999996	0.8130000000000006
2.0	2000000	0.8000000000000007	1.8000000000000007	0.8000000000000007	1.8000000000000007
1.0	1000000	1.3500000000000014	1.8500000000000014	1.3500000000000014	1.8500000000000014
0.5	500000	0.9250000000000007	1.1750000000000007	0.9250000000000007	1.1750000000000007
0.1	100000	1.0399999999999991	1.0899999999999999	1.0399999999999991	1.0899999999999999
0.01	10000	1.064	1.068999999999999	1.064	1.068999999999999
2.0	2000000	-3.4000000000000004	-2.4000000000000004	3.4000000000000004	2.4000000000000004
1.0	1000000	-2.4499999999999993	-1.9499999999999993	2.4499999999999993	1.9499999999999993
0.5	500000	-1.9749999999999996	-1.7249999999999996	1.9749999999999996	1.7249999999999996
0.1	100000	-0.09999999999999964	-0.05000000000000071	0.09999999999999964	0.05000000000000071
0.01	10000	-0.4399999999999995	-0.4350000000000005	0.4399999999999995	0.4350000000000005
2.0	2000000	-3.4000000000000004	-2.4000000000000004	3.4000000000000004	2.4000000000000004
1.0	1000000	-2.4000000000000004	-1.9000000000000004	2.4000000000000004	1.9000000000000004
0.5	500000	-1.9250000000000007	-1.6750000000000007	1.9250000000000007	1.6750000000000007
0.1	100000	-1.5399999999999991	-1.4900000000000002	1.5399999999999991	1.4900000000000002
0.01	10000	-0.019999999999999574	-0.015000000000000568	0.019999999999999574	0.015000000000000568
2.0	2000000	1.3000000000000007	2.3000000000000007	1.3000000000000007	2.3000000000000007
1.0	1000000	1.3000000000000007	1.8000000000000007	1.3000000000000007	1.8000000000000007
0.5	500000	1.3000000000000007	1.5500000000000007	1.3000000000000007	1.5500000000000007
0.1	100000	1.0450000000000017	1.0949999999999989	1.0450000000000017	1.0949999999999989
0.01	10000	0.5760000000000005	0.5809999999999995	0.5760000000000005	0.5809999999999995
2.0	2000000	0.8000000000000007	1.8000000000000007	0.8000000000000007	1.8000000000000007
1.0	1000000	0.8499999999999996	1.3500000000000014	0.8499999999999996	1.3500000000000014
0.5	500000	0.8000000000000007	1.0500000000000007	0.8000000000000007	1.0500000000000007
0.1	100000	0.8650000000000002	0.9149999999999991	0.8650000000000002	0.9149999999999991
0.01	10000	1.283999999999999	1.2890000000000015	1.283999999999999	1.2890000000000015
2.0	2000000	-3.3000000000000007	-2.3000000000000007	3.3000000000000007	2.3000000000000007
1.0	1000000	-2.3499999999999996	-1.8499999999999996	2.3499999999999996	1.8499999999999996
0.5	500000	-0.025000000000000355	0.22499999999999964	0.025000000000000355	0.22499999999999964
0.1	100000	-1.4499999999999993	-1.4000000000000004	1.4499999999999993	1.4000000000000004
0.01	10000	-0.42600000000000016	-0.4209999999999994	0.42600000000000016	0.4209999999999994
2.0	2000000	1.1000000000000014	2.1000000000000014	1.1000000000000014	2.1000000000000014
1.0	1000000	-1.3000000000000007	-0.8000000000000007	1.3000000000000007	0.8000000000000007
0.5	500000	-1.0999999999999996	-0.8499999999999996	1.0999999999999996	0.8499999999999996
0.1	100000	-1.2799999999999994	-1.2300000000000004	1.2799999999999994	1.2300000000000004
0.01	10000	-0.6609999999999996	-0.6560000000000006	0.6609999999999996	0.6560000000000006
2.0	2000000	-3.4000000000000004	-2.4000000000000004	3.4000000000000004	2.4000000000000004
1.0	1000000	-2.4000000000000004	-1.9000000000000004	2.4000000000000004	1.9000000000000004
0.5	500000	-1.9000000000000004	-1.6500000000000004	1.9000000000000004	1.6500000000000004
0.1	100000	-1.5199999999999996	-1.4700000000000006	1.5199999999999996	1.4700000000000006
0.01	10000	-0.7400000000000002	-0.7349999999999994	0.7400000000000002	0.7349999999999994
2.0	2000000	-3.4000000000000004	-2.4000000000000004	3.4000000000000004	2.4000000000000004
1.0	1000000	-2.4000000000000004	-1.9000000000000004	2.4000000000000004	1.9000000000000004
0.5	500000	-1.9000000000000004	-1.6500000000000004	1.9000000000000004	1.6500000000000004
0.1	100000	-1.3350000000000009	-1.2850000000000001	1.3350000000000009	1.2850000000000001
0.01	10000	-1.4260000000000002	-1.4209999999999994	1.4260000000000002	1.4209999999999994
2.0	2000000	-2.5999999999999996	-1.5999999999999996	2.5999999999999996	1.5999999999999996
1.0	1000000	-0.8000000000000007	-0.3000000000000007	0.8000000000000007	0.3000000000000007
0.5	500000	-1.1500000000000004	-0.9000000000000004	1.1500000000000004	0.9000000000000004
0.1	100000	-1.1050000000000004	-1.0549999999999997	1.1050000000000004	1.0549999999999997
0.01	10000	-1.0239999999999991	-1.0190000000000001	1.0239999999999991	1.0190000000000001
2.0	2000000	1.3999999999999986	2.3999999999999986	1.3999999999999986	2.3999999999999986
1.0	1000000	1.3500000000000014	1.8500000000000014	1.3500000000000014	1.8500000000000014
0.5	500000	1.3249999999999993	1.5749999999999993	1.3249999999999993	1.5749999999999993
0.1	100000	1.4050000000000011	1.4549999999999983	1.4050000000000011	1.4549999999999983
0.01	10000	1.4110000000000014	1.4160000000000004	1.4110000000000014	1.4160000000000004
2.0	2000000	1.1999999999999993	2.1999999999999993	1.1999999999999993	2.1999999999999993
1.0	1000000	1.1999999999999993	1.6999999999999993	1.1999999999999993	1.6999999999999993
0.5	500000	1.2749999999999986	1.5249999999999986	1.2749999999999986	1.5249999999999986
0.1	100000	1.3449999999999989	1.3949999999999996	1.3449999999999989	1.3949999999999996
0.01	10000	-0.1590000000000007	-0.15399999999999991	0.1590000000000007	0.15399999999999991
2.0	2000000	-3.3000000000000007	-2.3000000000000007	3.3000000000000007	2.3000000000000007
1.0	1000000	1.3500000000000014	1.8500000000000014	1.3500000000000014	1.8500000000000014
0.5	500000	1.3500000000000014	1.6000000000000014	1.3500000000000014	1.6000000000000014
0.1	100000	1.0549999999999997	1.1050000000000004	1.0549999999999997	1.1050000000000004
0.01	10000	-1.3170000000000002	-1.3119999999999994	1.3170000000000002	1.3119999999999994
