window	threshold	n_snps	qtl_signal	gw_noise	discriminability	fwhm	peak_err	detected
"2 Mb / 200 kb
(conventional)"	All SNPs	12000	0.4387416711428043	0.18856335274982242	2.32676002385738	2.8	0.40000000000000036	1
"2 Mb / 200 kb
(conventional)"	p95	600	0.8100409794654857	0.19076181655903418	4.246347587148322	4.8	0.8000000000000007	1
"2 Mb / 200 kb
(conventional)"	p99	120	0.9321177130199003	0.006996506517483561	133.22616232696026	4.8	2.4000000000000004	1
"500 kb / 50 kb
(medium)"	All SNPs	12000	0.4335453123533365	0.2109495907541551	2.055208122487419	2.95	0.9000000000000004	1
"500 kb / 50 kb
(medium)"	p95	600	0.8200413649120732	0.0057657481213802975	142.22635946777336	3.4	0.05000000000000071	1
"500 kb / 50 kb
(medium)"	p99	120	0.9325819167301901	0.008106674229507357	115.03878043300416	3.35	1.6500000000000004	1
"100 kb / 10 kb
(fine-scale)"	All SNPs	12000	0.4351120304068876	0.21766970615128697	1.9989553810692964	2.99	0.14000000000000057	1
"100 kb / 10 kb
(fine-scale)"	p95	600	0.8205088504361611	0.014331311543211182	57.252879330841175	3.06	0.08999999999999986	1
"100 kb / 10 kb
(fine-scale)"	p99	120	0.9318549291989301	0.01969141988513585	47.3228916266391	2.99	1.4299999999999997	1
"2 Mb / 200 kb
(conventional)"	All SNPs	12000	0.4307523655553803	0.18695917125112804	2.303991629149786	2.8	0.40000000000000036	1
"2 Mb / 200 kb
(conventional)"	p95	600	0.8187461975510746	0.3077803480726348	2.6601639860315385	4.8	2.1999999999999993	1
"2 Mb / 200 kb
(conventional)"	p99	120	0.9312020126791843	0.004302125013766347	216.45163952684683	4.8	2.4000000000000004	1
"500 kb / 50 kb
(medium)"	All SNPs	12000	0.42723627292462774	0.20940020150926694	2.0402858729136444	2.95	0.9000000000000004	1
"500 kb / 50 kb
(medium)"	p95	600	0.8184300039845461	0.00575584999314472	142.19098916047244	3.4	1.6999999999999993	1
"500 kb / 50 kb
(medium)"	p99	120	0.9312659553924089	0.0074123691138772135	125.63674866769935	3.4	1.6999999999999993	1
"100 kb / 10 kb
(fine-scale)"	All SNPs	12000	0.43294702508691846	0.2172473829911322	1.9928756753060215	2.99	0.8100000000000005	1
"100 kb / 10 kb
(fine-scale)"	p95	600	0.8181995969053331	0.013064429139239442	62.62804047425568	3.08	1.5199999999999996	1
"100 kb / 10 kb
(fine-scale)"	p99	120	0.9330044576715085	0.020683637293986448	45.1083358507147	3.06	1.0600000000000005	1
"2 Mb / 200 kb
(conventional)"	All SNPs	12000	0.4295247839771197	0.18656968160601287	2.3022217772990867	2.8	0.1999999999999993	1
"2 Mb / 200 kb
(conventional)"	p95	600	0.8123246482170348	0.004748607410531526	171.06586794592667	4.8	2.3999999999999986	1
"2 Mb / 200 kb
(conventional)"	p99	120	0.911297999273424	0.011768036354410415	77.43840788968063	4.8	2.4000000000000004	1
"500 kb / 50 kb
(medium)"	All SNPs	12000	0.42580000777370147	0.20953881520212395	2.0320817761757843	2.95	0.8000000000000007	1
"500 kb / 50 kb
(medium)"	p95	600	0.8125746291568718	0.006832763485257957	118.92327766211197	3.4	1.6999999999999993	1
"500 kb / 50 kb
(medium)"	p99	120	0.9120078276099964	0.014973350400427823	60.90873473340598	3.4	1.6999999999999993	1
"100 kb / 10 kb
(fine-scale)"	All SNPs	12000	0.42942585098504804	0.21693004562171472	1.9795591235613628	2.98	0.09999999999999964	1
"100 kb / 10 kb
(fine-scale)"	p95	600	0.8115844086107266	0.014812806743313294	54.78937399740849	3.07	1.4899999999999984	1
"100 kb / 10 kb
(fine-scale)"	p99	120	0.9081735442687903	0.020744759268388053	43.77845664628717	3.05	0.3800000000000008	1
"2 Mb / 200 kb
(conventional)"	All SNPs	12000	0.43326798841688186	0.1875077125947738	2.3106675582631895	2.8	0.40000000000000036	1
"2 Mb / 200 kb
(conventional)"	p95	600	0.8090626720367404	0.020458576450965577	39.5463816349038	4.8	2.3999999999999986	1
"2 Mb / 200 kb
(conventional)"	p99	120	0.8863303924532531	0.10650746705119216	8.32176763744878	4.6	1.4000000000000004	1
"500 kb / 50 kb
(medium)"	All SNPs	12000	0.4314330569967281	0.20905660761836053	2.06371404334812	2.9	0.5	1
"500 kb / 50 kb
(medium)"	p95	600	0.8160724617244801	0.00726504130560212	112.32867473103029	3.4	1.6999999999999993	1
"500 kb / 50 kb
(medium)"	p99	120	0.9232559754982889	0.009369670240677612	98.53665623044587	3.4	1.6999999999999993	1
"100 kb / 10 kb
(fine-scale)"	All SNPs	12000	0.43537557037528757	0.21591561647612387	2.016415382457673	2.97	0.05000000000000071	1
"100 kb / 10 kb
(fine-scale)"	p95	600	0.8150139152242677	0.01522857359804444	53.51872977315004	3.07	1.5299999999999994	1
"100 kb / 10 kb
(fine-scale)"	p99	120	0.9249674757355031	0.019546536877482024	47.32129694038451	3.03	0.16000000000000014	1
"2 Mb / 200 kb
(conventional)"	All SNPs	12000	0.43214178900992084	0.18796017581829735	2.2991135602452077	2.8	0.1999999999999993	1
"2 Mb / 200 kb
(conventional)"	p95	600	0.8170593117464358	0.004081796807360995	200.17148092060202	4.8	2.4000000000000004	1
"2 Mb / 200 kb
(conventional)"	p99	120	0.9224822023339427	0.009640962612624563	95.68361992463063	4.8	2.3999999999999986	1
"500 kb / 50 kb
(medium)"	All SNPs	12000	0.429005287158776	0.21007982269435557	2.0421060987990947	2.95	0.9499999999999993	1
"500 kb / 50 kb
(medium)"	p95	600	0.8161452168670114	0.00733715237992279	111.23460091960088	3.4	1.6999999999999993	1
"500 kb / 50 kb
(medium)"	p99	120	0.9209358965945139	0.01117490525837396	82.41106974078433	3.35	1.6499999999999986	1
"100 kb / 10 kb
(fine-scale)"	All SNPs	12000	0.4327326793288131	0.21676582083035964	1.996314168309166	2.96	0.75	1
"100 kb / 10 kb
(fine-scale)"	p95	600	0.8162798449794505	0.016234645802638517	50.280114201616	3.06	1.5299999999999994	1
"100 kb / 10 kb
(fine-scale)"	p99	120	0.9218385210253706	0.019997636226788282	46.09737423818627	2.98	0.9399999999999995	1
"2 Mb / 200 kb
(conventional)"	All SNPs	12000	0.4279956598254768	0.18738798732075526	2.2840079876244643	2.8	0.1999999999999993	1
"2 Mb / 200 kb
(conventional)"	p95	600	0.8102948312760567	0.003844215970483935	210.78285858482906	4.8	0.1999999999999993	1
"2 Mb / 200 kb
(conventional)"	p99	120	0.9211661786128948	0.009697923857912601	94.98591575982618	4.8	2.3999999999999986	1
"500 kb / 50 kb
(medium)"	All SNPs	12000	0.42273418081089853	0.21000282411890597	2.0129928375227073	2.9	1.1000000000000014	1
"500 kb / 50 kb
(medium)"	p95	600	0.8100711105522911	0.007854665997083041	103.13247066815117	3.4	0.25	1
"500 kb / 50 kb
(medium)"	p99	120	0.9220004344721083	0.013449859109707349	68.55093625528467	3.35	1.6999999999999993	1
"100 kb / 10 kb
(fine-scale)"	All SNPs	12000	0.42877299142860903	0.21772418529956883	1.9693402037015597	2.96	0.6999999999999993	1
"100 kb / 10 kb
(fine-scale)"	p95	600	0.8112545720785393	0.016430124817605515	49.37604437485762	3.07	0.7100000000000009	1
"100 kb / 10 kb
(fine-scale)"	p99	120	0.9198903350439243	0.027118721453341627	33.92085930845288	3.01	0.0600000000000005	1
"2 Mb / 200 kb
(conventional)"	All SNPs	12000	0.42708924391176223	0.18506731688840056	2.307750774650858	2.8	0.1999999999999993	1
"2 Mb / 200 kb
(conventional)"	p95	600	0.8129355830433447	0.15633996756029453	5.199793729839592	4.8	2.3999999999999986	1
"2 Mb / 200 kb
(conventional)"	p99	120	0.9215875483903742	0.011849217085005357	77.77623971094268	4.8	2.4000000000000004	1
"500 kb / 50 kb
(medium)"	All SNPs	12000	0.4270010805544776	0.20836479198148264	2.0492957399080414	2.95	1.0	1
"500 kb / 50 kb
(medium)"	p95	600	0.8118469699877916	0.009449564670594808	85.91369002575327	3.4	1.6499999999999986	1
"500 kb / 50 kb
(medium)"	p99	120	0.9183545219524899	0.013375322959868095	68.66036242324473	3.35	1.6500000000000004	1
"100 kb / 10 kb
(fine-scale)"	All SNPs	12000	0.4327129537669203	0.21591190903550192	2.0041180484202483	2.98	1.4499999999999993	1
"100 kb / 10 kb
(fine-scale)"	p95	600	0.8117205833722311	0.017447087899165475	46.524703037178895	3.08	1.1099999999999994	1
"100 kb / 10 kb
(fine-scale)"	p99	120	0.9170536496985743	0.020552563210295333	44.619916275902625	3.0	0.9000000000000004	1
"2 Mb / 200 kb
(conventional)"	All SNPs	12000	0.43019657942748635	0.1865945680816711	2.3055150203471753	2.8	0.1999999999999993	1
"2 Mb / 200 kb
(conventional)"	p95	600	0.8158885200300467	0.003682782401440018	221.54133236626288	4.8	1.8000000000000007	1
"2 Mb / 200 kb
(conventional)"	p99	120	0.9306857045435994	0.008902842947867046	104.53803464730042	4.8	2.1999999999999993	1
"500 kb / 50 kb
(medium)"	All SNPs	12000	0.42938781750278804	0.20984803190688672	2.0461846299007225	2.9	1.0500000000000007	1
"500 kb / 50 kb
(medium)"	p95	600	0.8158158261938531	0.006220122947537234	131.15750815132412	3.4	0.9499999999999993	1
"500 kb / 50 kb
(medium)"	p99	120	0.9298294796223144	0.010213038386168353	91.04337460256629	3.35	1.1000000000000014	1
"100 kb / 10 kb
(fine-scale)"	All SNPs	12000	0.431853467319465	0.2170961667658869	1.9892265890865268	2.99	0.8499999999999996	1
"100 kb / 10 kb
(fine-scale)"	p95	600	0.8159809680419187	0.014697112151847543	55.51981638374743	3.08	0.8000000000000007	1
"100 kb / 10 kb
(fine-scale)"	p99	120	0.9287306504730737	0.01950493538402389	47.61516160847058	3.01	0.1999999999999993	1
"2 Mb / 200 kb
(conventional)"	All SNPs	12000	0.43336250720452535	0.1885107980441589	2.2988736544577653	2.8	0.1999999999999993	1
"2 Mb / 200 kb
(conventional)"	p95	600	0.8185780707141759	0.006386390640890512	128.17538367806986	4.8	1.8000000000000007	1
"2 Mb / 200 kb
(conventional)"	p99	120	0.9295061706945732	0.008508165715015314	109.24871492032288	4.8	2.1999999999999993	1
"500 kb / 50 kb
(medium)"	All SNPs	12000	0.42956719752211714	0.21118884924670758	2.0340429859547333	2.95	0.8499999999999996	1
"500 kb / 50 kb
(medium)"	p95	600	0.8177501622257003	0.008279385310427795	98.7694293193183	3.4	1.5500000000000007	1
"500 kb / 50 kb
(medium)"	p99	120	0.9284234218718318	0.012267966029927291	75.67867563432878	3.35	1.5500000000000007	1
"100 kb / 10 kb
(fine-scale)"	All SNPs	12000	0.4316761780151417	0.21801122705815987	1.9800639803746503	2.97	0.6300000000000008	1
"100 kb / 10 kb
(fine-scale)"	p95	600	0.8178772075348612	0.01677258470371211	48.76274122221893	3.05	1.1099999999999994	1
"100 kb / 10 kb
(fine-scale)"	p99	120	0.9291124296512188	0.02275510364158511	40.83094695087476	2.99	1.3499999999999996	1
"2 Mb / 200 kb
(conventional)"	All SNPs	12000	0.4329561781418228	0.1883516209384896	2.298659156658993	2.8	0.1999999999999993	1
"2 Mb / 200 kb
(conventional)"	p95	600	0.8112649008317564	0.010975889495847749	73.913362660827	4.8	2.4000000000000004	1
"2 Mb / 200 kb
(conventional)"	p99	120	0.9270377084242483	0.00708177673574588	130.90467872913098	4.8	2.1999999999999993	1
"500 kb / 50 kb
(medium)"	All SNPs	12000	0.4234137339474971	0.21016242304445362	2.014697622028922	2.95	0.9499999999999993	1
"500 kb / 50 kb
(medium)"	p95	600	0.8155825515889148	0.007316992034923897	111.4641846944962	3.4	1.6999999999999993	1
"500 kb / 50 kb
(medium)"	p99	120	0.9272813979024176	0.011641853108280451	79.65066980984962	3.4	1.6999999999999993	1
"100 kb / 10 kb
(fine-scale)"	All SNPs	12000	0.4269864516539831	0.21755667226425493	1.9626447086639776	2.98	0.9000000000000004	1
"100 kb / 10 kb
(fine-scale)"	p95	600	0.8153502022362102	0.01662782524926214	49.03528813982402	3.07	1.5399999999999991	1
"100 kb / 10 kb
(fine-scale)"	p99	120	0.9262290191320486	0.0220739560089791	41.96026388542602	3.05	0.09999999999999964	1
"2 Mb / 200 kb
(conventional)"	All SNPs	12000	0.43126369833590367	0.18633837748092905	2.3144115783665753	2.8	0.40000000000000036	1
"2 Mb / 200 kb
(conventional)"	p95	600	0.8131202645457498	0.6803893101497975	1.1950808932708388	4.8	2.3999999999999986	1
"2 Mb / 200 kb
(conventional)"	p99	120	0.9203887963664811	0.006004802053699881	153.2754598961976	4.6	2.0	1
"500 kb / 50 kb
(medium)"	All SNPs	12000	0.4232771048829299	0.20861585478575012	2.028978599529927	2.95	1.25	1
"500 kb / 50 kb
(medium)"	p95	600	0.8122959318849494	0.008294081930044888	97.93681069660632	3.4	1.6499999999999986	1
"500 kb / 50 kb
(medium)"	p99	120	0.9201504064945716	0.010124827989882892	90.88059643225745	3.25	1.6999999999999993	1
"100 kb / 10 kb
(fine-scale)"	All SNPs	12000	0.42474542111613606	0.21528856850644934	1.9729120968325453	2.97	0.28999999999999915	1
"100 kb / 10 kb
(fine-scale)"	p95	600	0.811027062140366	0.014174703299760696	57.216510637937525	3.05	1.4400000000000013	1
"100 kb / 10 kb
(fine-scale)"	p99	120	0.9188895727419638	0.02277784098412328	40.34138149363904	2.9	0.6300000000000008	1
"2 Mb / 200 kb
(conventional)"	All SNPs	12000	0.43014368446479767	0.18797707661840696	2.288277337869172	2.8	0.40000000000000036	1
"2 Mb / 200 kb
(conventional)"	p95	600	0.8135799234280806	0.008752168038205036	92.95753005159806	4.8	2.1999999999999993	1
"2 Mb / 200 kb
(conventional)"	p99	120	0.9248852937291169	0.014342815285597344	64.4842226098987	4.6	2.3999999999999986	1
"500 kb / 50 kb
(medium)"	All SNPs	12000	0.4269514904532101	0.21060661214349768	2.0272463723138237	2.95	0.05000000000000071	1
"500 kb / 50 kb
(medium)"	p95	600	0.8147392565883123	0.010750894758895771	75.78339057911069	3.4	1.6000000000000014	1
"500 kb / 50 kb
(medium)"	p99	120	0.9240989088735857	0.014140775275604468	65.34994658092279	3.3	1.6499999999999986	1
"100 kb / 10 kb
(fine-scale)"	All SNPs	12000	0.4283329427608672	0.21720174787052174	1.9720510859618172	2.99	0.2699999999999996	1
"100 kb / 10 kb
(fine-scale)"	p95	600	0.8151038486879467	0.01801012228584159	45.258096294478214	3.08	1.5300000000000011	1
"100 kb / 10 kb
(fine-scale)"	p99	120	0.9233464556513644	0.020510775986639584	45.01762664917303	2.95	1.4499999999999993	1
"2 Mb / 200 kb
(conventional)"	All SNPs	12000	0.43089450779111066	0.18822182575733082	2.2892908729227344	2.8	0.40000000000000036	1
"2 Mb / 200 kb
(conventional)"	p95	600	0.8105507989512624	0.01955445487227705	41.45095346536124	4.8	2.4000000000000004	1
"2 Mb / 200 kb
(conventional)"	p99	120	0.920441212730547	0.00873073280581352	105.42542455515924	4.8	2.0	1
"500 kb / 50 kb
(medium)"	All SNPs	12000	0.427675138598451	0.2111420089872341	2.0255331501762344	2.95	1.1000000000000014	1
"500 kb / 50 kb
(medium)"	p95	600	0.8156458322287166	0.005620727529620628	145.11392483096736	3.4	0.15000000000000036	1
"500 kb / 50 kb
(medium)"	p99	120	0.9188037751788896	0.0111368403486381	82.50129717368608	3.35	1.0500000000000007	1
"100 kb / 10 kb
(fine-scale)"	All SNPs	12000	0.4313801499038033	0.21832201302991924	1.9758893934561064	2.98	1.2199999999999989	1
"100 kb / 10 kb
(fine-scale)"	p95	600	0.8154535305756285	0.015107915398772136	53.97525132037096	3.07	1.0600000000000005	1
"100 kb / 10 kb
(fine-scale)"	p99	120	0.9192785957340724	0.021207621596338128	43.34661440266372	3.03	1.2399999999999984	1
"2 Mb / 200 kb
(conventional)"	All SNPs	12000	0.4301007994937938	0.1880024940466246	2.2877398604463663	2.8	0.0	1
"2 Mb / 200 kb
(conventional)"	p95	600	0.8154311578008975	0.15691354708891853	5.196690616768834	4.8	0.1999999999999993	1
"2 Mb / 200 kb
(conventional)"	p99	120	0.929878965416954	0.007180868488690691	129.49394169820002	4.8	2.4000000000000004	1
"500 kb / 50 kb
(medium)"	All SNPs	12000	0.43164215145401946	0.21205533817425043	2.0355165551141647	2.9	0.25	1
"500 kb / 50 kb
(medium)"	p95	600	0.8164853955732265	0.008680639889754246	94.05820376639788	3.4	0.5	1
"500 kb / 50 kb
(medium)"	p99	120	0.9307068647611135	0.010922765442171672	85.2079878203509	3.4	1.6999999999999993	1
"100 kb / 10 kb
(fine-scale)"	All SNPs	12000	0.43683026689086896	0.21931902495065544	1.991757290500226	3.01	0.46000000000000085	1
"100 kb / 10 kb
(fine-scale)"	p95	600	0.8178880700752299	0.01708947949000474	47.85915630453196	3.08	0.019999999999999574	1
"100 kb / 10 kb
(fine-scale)"	p99	120	0.9286750892514443	0.021166977771097686	43.87376881547529	3.01	1.5099999999999998	1
"2 Mb / 200 kb
(conventional)"	All SNPs	12000	0.4420309061352687	0.19059477815812265	2.3192183458906084	2.8	0.1999999999999993	1
"2 Mb / 200 kb
(conventional)"	p95	600	0.8190883320409728	0.24919967549328145	3.2868755965256296	4.8	2.3999999999999986	1
"2 Mb / 200 kb
(conventional)"	p99	120	0.9303983422168399	0.005897981868718804	157.7485931503799	4.8	2.3999999999999986	1
"500 kb / 50 kb
(medium)"	All SNPs	12000	0.43509139650970396	0.21245883355914127	2.047885650226868	3.0	0.05000000000000071	1
"500 kb / 50 kb
(medium)"	p95	600	0.8186613200452109	0.008871155367166176	92.2835060555056	3.4	1.6999999999999993	1
"500 kb / 50 kb
(medium)"	p99	120	0.9311336433493423	0.00955216667498746	97.4787893711627	3.4	1.6999999999999993	1
"100 kb / 10 kb
(fine-scale)"	All SNPs	12000	0.43699983029638767	0.21809263360513526	2.003734940848997	3.01	0.08999999999999986	1
"100 kb / 10 kb
(fine-scale)"	p95	600	0.8177846521830873	0.01681095429544641	48.64593870227825	3.08	1.5399999999999991	1
"100 kb / 10 kb
(fine-scale)"	p99	120	0.9292274482634444	0.02432631773471327	38.19844246042432	3.05	0.6999999999999993	1
"2 Mb / 200 kb
(conventional)"	All SNPs	12000	0.4313501921165191	0.18969141853763746	2.2739573326082385	2.8	0.40000000000000036	1
"2 Mb / 200 kb
(conventional)"	p95	600	0.8283147786013633	0.021935359462186478	37.76162319241968	5.2	2.1999999999999993	1
"2 Mb / 200 kb
(conventional)"	p99	120	0.9393806083632278	0.004871757656347028	192.82170309505915	4.8	2.4000000000000004	1
"500 kb / 50 kb
(medium)"	All SNPs	12000	0.4306412580787909	0.21300929003352853	2.0217017671436124	2.9	1.1999999999999993	1
"500 kb / 50 kb
(medium)"	p95	600	0.8287567477399446	0.007519002572254369	110.22163375739667	3.4	1.6000000000000014	1
"500 kb / 50 kb
(medium)"	p99	120	0.9382884167396324	0.006038196299734203	155.39216848265355	3.3	1.6500000000000004	1
"100 kb / 10 kb
(fine-scale)"	All SNPs	12000	0.4343780009006755	0.2202706470291424	1.972019453155763	2.99	1.2699999999999996	1
"100 kb / 10 kb
(fine-scale)"	p95	600	0.828611976070575	0.014655030345046461	56.54113001210221	3.07	0.5800000000000001	1
"100 kb / 10 kb
(fine-scale)"	p99	120	0.9378061474044788	0.016375185701639032	57.26995494839558	2.93	0.3000000000000007	1
"2 Mb / 200 kb
(conventional)"	All SNPs	12000	0.4296638927726171	0.18567958140512775	2.3140072242792735	2.8	0.40000000000000036	1
"2 Mb / 200 kb
(conventional)"	p95	600	0.8128158045078017	0.009420665371388118	86.28008452316301	4.8	2.3999999999999986	1
"2 Mb / 200 kb
(conventional)"	p99	120	0.9208608022990536	0.007979863402639013	115.39806583587843	4.8	2.4000000000000004	1
"500 kb / 50 kb
(medium)"	All SNPs	12000	0.4255359101722192	0.20891148481587996	2.0369196578505817	3.0	0.8499999999999996	1
"500 kb / 50 kb
(medium)"	p95	600	0.8119154619427239	0.012154942596518425	66.79714490591532	3.4	1.6999999999999993	1
"500 kb / 50 kb
(medium)"	p99	120	0.9191699452328431	0.011591144201065256	79.29932794282458	3.4	1.6500000000000004	1
"100 kb / 10 kb
(fine-scale)"	All SNPs	12000	0.4294080711637409	0.2153326853963447	1.9941611296648518	2.99	1.370000000000001	1
"100 kb / 10 kb
(fine-scale)"	p95	600	0.8092878064375194	0.018006135329404375	44.94511407541942	3.07	1.5	1
"100 kb / 10 kb
(fine-scale)"	p99	120	0.9184837787937978	0.021515081509040503	42.690230032726426	3.0	1.3299999999999983	1
"2 Mb / 200 kb
(conventional)"	All SNPs	12000	0.43844720957308314	0.18866269446466952	2.3239740682023933	2.8	0.1999999999999993	1
"2 Mb / 200 kb
(conventional)"	p95	600	0.8141969972749565	0.008868907743755027	91.80352539446214	4.8	2.3999999999999986	1
"2 Mb / 200 kb
(conventional)"	p99	120	0.9260242860523327	0.006322830656381348	146.4572335363336	4.8	1.8000000000000007	1
"500 kb / 50 kb
(medium)"	All SNPs	12000	0.4360935037078209	0.2101639261790828	2.0750159727041892	2.95	1.0	1
"500 kb / 50 kb
(medium)"	p95	600	0.8140211695983206	0.00986724150067706	82.497339255603	3.4	1.6999999999999993	1
"500 kb / 50 kb
(medium)"	p99	120	0.9253521392515652	0.00950153324994957	97.38977014646312	3.4	1.0	1
"100 kb / 10 kb
(fine-scale)"	All SNPs	12000	0.43798622758207784	0.21648356063131013	2.0231846995902174	2.97	0.33000000000000007	1
"100 kb / 10 kb
(fine-scale)"	p95	600	0.8142819751596988	0.015770421565140982	51.633494500844016	3.07	1.0700000000000003	1
"100 kb / 10 kb
(fine-scale)"	p99	120	0.9270871012436449	0.020734050316833428	44.71326571880494	3.04	0.9800000000000004	1
"2 Mb / 200 kb
(conventional)"	All SNPs	12000	0.43371467803575625	0.18850799920837272	2.300775987528982	2.8	0.40000000000000036	1
"2 Mb / 200 kb
(conventional)"	p95	600	0.8164488542832764	0.25680192757922315	3.1792941041355802	4.8	2.3999999999999986	1
"2 Mb / 200 kb
(conventional)"	p99	120	0.9235577044023419	0.005028858470810748	183.65156024234795	4.8	2.4000000000000004	1
"500 kb / 50 kb
(medium)"	All SNPs	12000	0.42813439646930546	0.21021426334153712	2.036657216611945	3.0	0.5999999999999996	1
"500 kb / 50 kb
(medium)"	p95	600	0.8162806415038751	0.00865805126935683	94.27995008448514	3.4	0.5999999999999996	1
"500 kb / 50 kb
(medium)"	p99	120	0.9241166475469964	0.006778263271486794	136.3353134178711	3.35	1.6999999999999993	1
"100 kb / 10 kb
(fine-scale)"	All SNPs	12000	0.43004830352800494	0.2175263825539342	1.9769937718767394	2.99	0.41000000000000014	1
"100 kb / 10 kb
(fine-scale)"	p95	600	0.8168323959352157	0.01658912002982528	49.239043087677196	3.07	0.3800000000000008	1
"100 kb / 10 kb
(fine-scale)"	p99	120	0.9248501725268243	0.0180995235659028	51.09803963398929	2.99	0.009999999999999787	1
"2 Mb / 200 kb
(conventional)"	All SNPs	12000	0.4318607168963574	0.18717292345969716	2.307281998452877	2.8	0.40000000000000036	1
"2 Mb / 200 kb
(conventional)"	p95	600	0.8176442817432408	0.19368381956842004	4.221541497710926	14.4	2.1999999999999993	1
"2 Mb / 200 kb
(conventional)"	p99	120	0.9314350944800968	0.01208077157530243	77.10062959755774	4.8	1.8000000000000007	1
"500 kb / 50 kb
(medium)"	All SNPs	12000	0.42786006573056395	0.20899529136636483	2.0472234706021837	2.9	1.0999999999999996	1
"500 kb / 50 kb
(medium)"	p95	600	0.8172042396380217	0.007434000559961496	109.92792279830745	3.4	1.4499999999999993	1
"500 kb / 50 kb
(medium)"	p99	120	0.9325281860019403	0.012970969776394602	71.8934822976008	3.35	1.0	1
"100 kb / 10 kb
(fine-scale)"	All SNPs	12000	0.433870310746293	0.21682659502518797	2.0010013563875404	2.98	1.2799999999999994	1
"100 kb / 10 kb
(fine-scale)"	p95	600	0.8177768443028508	0.017323627588012917	47.20586610097249	3.07	0.0600000000000005	1
"100 kb / 10 kb
(fine-scale)"	p99	120	0.9336277045107911	0.01908653857160692	48.91550665449905	2.96	0.8000000000000007	1
"2 Mb / 200 kb
(conventional)"	All SNPs	12000	0.4322949396666002	0.18757978592011626	2.3045923501090875	2.8	0.40000000000000036	1
"2 Mb / 200 kb
(conventional)"	p95	600	0.8112316898287806	0.0037283237885977656	217.58616896680195	4.8	2.3999999999999986	1
"2 Mb / 200 kb
(conventional)"	p99	120	0.9180304035182054	0.010040321408236717	91.43436411956758	4.8	2.1999999999999993	1
"500 kb / 50 kb
(medium)"	All SNPs	12000	0.4288107441157039	0.20986220692729007	2.0432966487590205	3.0	1.0	1
"500 kb / 50 kb
(medium)"	p95	600	0.8096359040115969	0.0072408176618631165	111.81553545753444	3.4	1.1999999999999993	1
"500 kb / 50 kb
(medium)"	p99	120	0.9184444640897798	0.01169436195097316	78.53737279042832	3.35	1.1000000000000014	1
"100 kb / 10 kb
(fine-scale)"	All SNPs	12000	0.43114765180597836	0.2165303445252178	1.9911650385600599	2.99	0.8399999999999999	1
"100 kb / 10 kb
(fine-scale)"	p95	600	0.8093720753772661	0.014646795511398884	55.259327867817326	3.05	1.5299999999999994	1
"100 kb / 10 kb
(fine-scale)"	p99	120	0.9205117840213679	0.02465818415042903	37.33088285843432	3.0	0.8900000000000006	1
"2 Mb / 200 kb
(conventional)"	All SNPs	12000	0.42782029880497113	0.18707449413637287	2.28689806582131	2.8	0.1999999999999993	1
"2 Mb / 200 kb
(conventional)"	p95	600	0.8210838765413476	0.005967445276732757	137.59386780516908	4.8	2.1999999999999993	1
"2 Mb / 200 kb
(conventional)"	p99	120	0.9304737396160175	0.005484020121436777	169.67000831722686	4.8	2.0	1
"500 kb / 50 kb
(medium)"	All SNPs	12000	0.42340940711785857	0.2107183335949815	2.009361975743826	2.9	0.75	1
"500 kb / 50 kb
(medium)"	p95	600	0.8215251901277373	0.006584690120397358	124.76292355549175	3.4	1.6999999999999993	1
"500 kb / 50 kb
(medium)"	p99	120	0.9295840300169576	0.008151648000382065	114.03633105519133	3.4	0.8499999999999996	1
"100 kb / 10 kb
(fine-scale)"	All SNPs	12000	0.4300478786004522	0.2179634762517787	1.973027252068993	2.97	0.5899999999999999	1
"100 kb / 10 kb
(fine-scale)"	p95	600	0.8222397362184753	0.013200614508361325	62.28798937334813	3.07	0.4399999999999995	1
"100 kb / 10 kb
(fine-scale)"	p99	120	0.9313728314338962	0.016678403673243247	55.84304407549954	3.04	1.2699999999999996	1
"2 Mb / 200 kb
(conventional)"	All SNPs	12000	0.42864608343653754	0.1869354201484448	2.2930169311741513	2.8	0.40000000000000036	1
"2 Mb / 200 kb
(conventional)"	p95	600	0.8090998906444063	0.24938611792214851	3.2443661956235474	7.2	2.1999999999999993	1
"2 Mb / 200 kb
(conventional)"	p99	120	0.9273490543088582	0.010693717327198727	86.71905436944834	4.8	2.0	1
"500 kb / 50 kb
(medium)"	All SNPs	12000	0.4262774896367981	0.20900477002449566	2.0395586645550616	2.9	0.5500000000000007	1
"500 kb / 50 kb
(medium)"	p95	600	0.8125034948041052	0.01134620890760304	71.61012999325709	3.4	1.4499999999999993	1
"500 kb / 50 kb
(medium)"	p99	120	0.9253759426260362	0.013423325104446413	68.93790736838443	3.35	1.3500000000000014	1
"100 kb / 10 kb
(fine-scale)"	All SNPs	12000	0.43305496303675145	0.21700088743536777	1.995636829668422	3.0	0.39000000000000057	1
"100 kb / 10 kb
(fine-scale)"	p95	600	0.8115633961115961	0.018407498538087437	44.088738860001484	3.08	1.3299999999999983	1
"100 kb / 10 kb
(fine-scale)"	p99	120	0.9259987244900546	0.022275530100472743	41.570221687806324	2.99	1.1700000000000017	1
"2 Mb / 200 kb
(conventional)"	All SNPs	12000	0.43364328276866787	0.18780143855562714	2.309051975873028	2.8	0.1999999999999993	1
"2 Mb / 200 kb
(conventional)"	p95	600	0.8087506591456861	0.3325786845595223	2.4317573455340984	4.8	2.3999999999999986	1
"2 Mb / 200 kb
(conventional)"	p99	120	0.9263618953084655	0.011571678358832254	80.05423816514967	4.8	2.4000000000000004	1
"500 kb / 50 kb
(medium)"	All SNPs	12000	0.4267496690974223	0.20958998022252015	2.0361167487317156	2.9	1.0999999999999996	1
"500 kb / 50 kb
(medium)"	p95	600	0.7174703182394762	0.2640185223601691	2.717499938359312	3.4	1.1999999999999993	1
"500 kb / 50 kb
(medium)"	p99	120	0.9256164940530551	0.013612817875130556	67.9959507681416	3.4	1.6999999999999993	1
"100 kb / 10 kb
(fine-scale)"	All SNPs	12000	0.4297004644704618	0.21666051120943494	1.9832892577969214	2.98	0.6500000000000004	1
"100 kb / 10 kb
(fine-scale)"	p95	600	0.8108836838667771	0.0503062477363702	16.118945863667104	3.07	1.1799999999999997	1
"100 kb / 10 kb
(fine-scale)"	p99	120	0.9277133699845288	0.020156488697838162	46.02554462196724	3.0	1.5	1
"2 Mb / 200 kb
(conventional)"	All SNPs	12000	0.43710037074047675	0.18828508904278116	2.3214816051692817	2.8	0.40000000000000036	1
"2 Mb / 200 kb
(conventional)"	p95	600	0.814392276524122	0.011077562086472103	73.51728387229319	4.8	2.1999999999999993	1
"2 Mb / 200 kb
(conventional)"	p99	120	0.9266229574759391	0.005117079837003385	181.08432680201824	4.8	2.3999999999999986	1
"500 kb / 50 kb
(medium)"	All SNPs	12000	0.43526793156529237	0.21093039728156754	2.0635619008684665	2.95	0.8000000000000007	1
"500 kb / 50 kb
(medium)"	p95	600	0.8174198555393088	0.01230439505705726	66.43316081358041	3.4	1.6999999999999993	1
"500 kb / 50 kb
(medium)"	p99	120	0.9270119748367288	0.008170094203170634	113.4640497140138	3.4	0.34999999999999964	1
"100 kb / 10 kb
(fine-scale)"	All SNPs	12000	0.4382981871571853	0.21757831338699085	2.014438756943648	3.01	0.9600000000000009	1
"100 kb / 10 kb
(fine-scale)"	p95	600	0.8179425280793426	0.01760857698827007	46.45137018307691	3.08	1.2100000000000009	1
"100 kb / 10 kb
(fine-scale)"	p99	120	0.9291018990117575	0.019144500052057426	48.53100872236716	3.04	0.15000000000000036	1
"2 Mb / 200 kb
(conventional)"	All SNPs	12000	0.433443383422669	0.188850223416351	2.2951700854865957	2.8	0.40000000000000036	1
"2 Mb / 200 kb
(conventional)"	p95	600	0.8169223870617208	0.010549246514445129	77.43893233920598	4.8	2.1999999999999993	1
"2 Mb / 200 kb
(conventional)"	p99	120	0.9358477782916675	0.009085580011251378	103.00363621615072	4.8	2.3999999999999986	1
"500 kb / 50 kb
(medium)"	All SNPs	12000	0.42865346764782086	0.21011896747301734	2.040051275727247	2.9	0.5	1
"500 kb / 50 kb
(medium)"	p95	600	0.817084548457194	0.01177820333325953	69.37259659543268	3.4	1.5500000000000007	1
"500 kb / 50 kb
(medium)"	p99	120	0.9342667776918739	0.008899331057259843	104.98168589084271	3.3	1.6499999999999986	1
"100 kb / 10 kb
(fine-scale)"	All SNPs	12000	0.4334102298042098	0.2174948722485677	1.9927376922655886	2.99	0.5700000000000003	1
"100 kb / 10 kb
(fine-scale)"	p95	600	0.8181965502231205	0.015308414102842977	53.44750571329074	3.05	1.3299999999999983	1
"100 kb / 10 kb
(fine-scale)"	p99	120	0.932567810953542	0.020839831977896697	44.74929605683238	2.95	0.7899999999999991	1
"2 Mb / 200 kb
(conventional)"	All SNPs	12000	0.43088089627447984	0.1875140911068079	2.2978587568069773	2.8	0.1999999999999993	1
"2 Mb / 200 kb
(conventional)"	p95	600	0.8080794709691473	0.5691890894216153	1.4197030231030638	4.8	1.5999999999999996	1
"2 Mb / 200 kb
(conventional)"	p99	120	0.9269273979052463	0.004304067469349543	215.36079638763871	4.6	2.1999999999999993	1
"500 kb / 50 kb
(medium)"	All SNPs	12000	0.4264336055944105	0.20907135126982446	2.0396558543502286	2.9	0.8000000000000007	1
"500 kb / 50 kb
(medium)"	p95	600	0.8156701403454449	0.012688094081538526	64.28626199519312	3.4	1.6999999999999993	1
"500 kb / 50 kb
(medium)"	p99	120	0.9257962714122132	0.009420376291136762	98.27593323243958	3.3	1.0500000000000007	1
"100 kb / 10 kb
(fine-scale)"	All SNPs	12000	0.4294862967213734	0.21545853648405452	1.993359389374477	2.97	1.0899999999999999	1
"100 kb / 10 kb
(fine-scale)"	p95	600	0.8152112670762689	0.01752053918512622	46.52889151769538	3.04	1.5299999999999994	1
"100 kb / 10 kb
(fine-scale)"	p99	120	0.9267812891600882	0.022157179932598487	41.82758329260901	2.97	0.6799999999999997	1
"2 Mb / 200 kb
(conventional)"	All SNPs	12000	0.43297851160869266	0.18767051651178915	2.3071205837571918	2.8	0.1999999999999993	1
"2 Mb / 200 kb
(conventional)"	p95	600	0.8137170166853055	0.021125872205556506	38.51755841215789	4.8	2.1999999999999993	1
"2 Mb / 200 kb
(conventional)"	p99	120	0.9311729685806405	0.012843748503858776	72.50009359034699	4.8	2.1999999999999993	1
"500 kb / 50 kb
(medium)"	All SNPs	12000	0.42640984287639977	0.2092505335786659	2.0377957254579457	2.95	0.09999999999999964	1
"500 kb / 50 kb
(medium)"	p95	600	0.8188403674546386	0.01211796856692899	67.5724122349456	3.4	1.6999999999999993	1
"500 kb / 50 kb
(medium)"	p99	120	0.9310721125696547	0.014821596956940818	62.81860957861509	3.35	0.8499999999999996	1
"100 kb / 10 kb
(fine-scale)"	All SNPs	12000	0.43038669305986565	0.21634259593221844	1.9893756530253923	2.97	0.21000000000000085	1
"100 kb / 10 kb
(fine-scale)"	p95	600	0.8176455914591655	0.015726364679462524	51.99202791773934	3.07	1.5399999999999991	1
"100 kb / 10 kb
(fine-scale)"	p99	120	0.9328612157145887	0.022954298357226212	40.63993598048341	3.0	1.3200000000000003	1
"2 Mb / 200 kb
(conventional)"	All SNPs	12000	0.4298144270248522	0.1849340942562292	2.324149198953749	2.8	0.1999999999999993	1
"2 Mb / 200 kb
(conventional)"	p95	600	0.8096921031904357	0.005839807939761937	138.65046788224396	4.8	2.4000000000000004	1
"2 Mb / 200 kb
(conventional)"	p99	120	0.9213185110330016	0.0040527300739164026	227.33280880526908	4.8	2.1999999999999993	1
"500 kb / 50 kb
(medium)"	All SNPs	12000	0.42652334270537223	0.20659462906246315	2.0645422615338873	2.9	0.3000000000000007	1
"500 kb / 50 kb
(medium)"	p95	600	0.811014040217312	0.012405240861467999	65.3767266008037	3.4	1.6999999999999993	1
"500 kb / 50 kb
(medium)"	p99	120	0.9217025677123398	0.00829162711380985	111.16063892661407	3.4	0.5500000000000007	1
"100 kb / 10 kb
(fine-scale)"	All SNPs	12000	0.43077252115762793	0.21391041712990266	2.0137987057265665	2.97	0.5	1
"100 kb / 10 kb
(fine-scale)"	p95	600	0.8107873084900118	0.01889734287639452	42.904831319052846	3.08	1.5	1
"100 kb / 10 kb
(fine-scale)"	p99	120	0.9200302682489154	0.02091031430469828	43.99887322794552	3.07	0.6999999999999993	1
"2 Mb / 200 kb
(conventional)"	All SNPs	12000	0.42717776483176406	0.18699752946429818	2.28440325417947	2.8	0.40000000000000036	1
"2 Mb / 200 kb
(conventional)"	p95	600	0.8137725225299267	0.19711286134669959	4.128459791868129	4.8	2.4000000000000004	1
"2 Mb / 200 kb
(conventional)"	p99	120	0.9214288542813087	0.0034428823964509424	267.6329738219213	4.8	0.0	1
"500 kb / 50 kb
(medium)"	All SNPs	12000	0.41958648002136373	0.20919685771531035	2.005701637222325	2.9	0.5	1
"500 kb / 50 kb
(medium)"	p95	600	0.8137382552149875	0.008601800004485603	94.60092710719215	3.4	1.6500000000000004	1
"500 kb / 50 kb
(medium)"	p99	120	0.9223161911703127	0.008057884215285223	114.46133582072892	3.4	0.09999999999999964	1
"100 kb / 10 kb
(fine-scale)"	All SNPs	12000	0.4235849385815435	0.21694811873322767	1.9524711302171225	2.97	0.6400000000000006	1
"100 kb / 10 kb
(fine-scale)"	p95	600	0.8124845056829322	0.017177350778061807	47.29975630005783	3.08	0.6500000000000004	1
"100 kb / 10 kb
(fine-scale)"	p99	120	0.920934239024589	0.01943450709475106	47.38654983811337	3.0	0.2599999999999998	1
"2 Mb / 200 kb
(conventional)"	All SNPs	12000	0.4321327240653966	0.18667536912088029	2.314888815275743	2.8	0.40000000000000036	1
"2 Mb / 200 kb
(conventional)"	p95	600	0.8159812509391654	0.3639358361324118	2.242101958440511	4.8	2.4000000000000004	1
"2 Mb / 200 kb
(conventional)"	p99	120	0.9266072598287148	0.006532080409025115	141.85484590000738	4.6	2.1999999999999993	1
"500 kb / 50 kb
(medium)"	All SNPs	12000	0.42529462052731076	0.20988559857441982	2.0263163524128727	2.95	0.4499999999999993	1
"500 kb / 50 kb
(medium)"	p95	600	0.8158532219108283	0.22384264308845292	3.6447622787783045	3.4	1.6999999999999993	1
"500 kb / 50 kb
(medium)"	p99	120	0.9278114978685829	0.012103175265770106	76.65851956160594	3.3	1.6000000000000014	1
"100 kb / 10 kb
(fine-scale)"	All SNPs	12000	0.42718614405858507	0.21719698577590635	1.9668143300079481	3.01	0.33999999999999986	1
"100 kb / 10 kb
(fine-scale)"	p95	600	0.8165726367368081	0.015274722978779876	53.459079936913845	3.08	1.5399999999999991	1
"100 kb / 10 kb
(fine-scale)"	p99	120	0.9269225440626049	0.019207776027836236	48.25767140970891	2.98	1.4299999999999997	1
"2 Mb / 200 kb
(conventional)"	All SNPs	12000	0.428513085878562	0.184018114353231	2.3286462171654034	2.8	0.1999999999999993	1
"2 Mb / 200 kb
(conventional)"	p95	600	0.8142650475691137	0.5816632631536777	1.3998907944681074	4.8	2.3999999999999986	1
"2 Mb / 200 kb
(conventional)"	p99	120	0.9201756050876032	0.005660814635363026	162.55179940697576	4.8	0.1999999999999993	1
"500 kb / 50 kb
(medium)"	All SNPs	12000	0.42748293926995906	0.2071958084276265	2.0631833361594225	2.95	0.6500000000000004	1
"500 kb / 50 kb
(medium)"	p95	600	0.8136449629510962	0.003918044137478651	207.66610441369224	3.4	1.6499999999999986	1
"500 kb / 50 kb
(medium)"	p99	120	0.9213921721516067	0.010338923729855991	89.11877060190294	3.35	0.40000000000000036	1
"100 kb / 10 kb
(fine-scale)"	All SNPs	12000	0.4302635095098524	0.21457923315286428	2.005149814303496	2.97	0.9800000000000004	1
"100 kb / 10 kb
(fine-scale)"	p95	600	0.8136375233652252	0.01467129057786539	55.457801687382705	3.08	1.5300000000000011	1
"100 kb / 10 kb
(fine-scale)"	p99	120	0.9207238450284199	0.02255752619799773	40.816702902029476	3.0	0.3000000000000007	1
"2 Mb / 200 kb
(conventional)"	All SNPs	12000	0.42693755553121343	0.18463058873437105	2.312387987590998	2.8	0.40000000000000036	1
"2 Mb / 200 kb
(conventional)"	p95	600	0.8152067038249768	0.0070608181963660865	115.45499135560951	4.8	2.4000000000000004	1
"2 Mb / 200 kb
(conventional)"	p99	120	0.9295123606327946	0.004300815744253977	216.12466469289038	4.8	2.4000000000000004	1
"500 kb / 50 kb
(medium)"	All SNPs	12000	0.42095239755756453	0.20848376498590382	2.019113563044232	2.9	1.25	1
"500 kb / 50 kb
(medium)"	p95	600	0.8146451766724532	0.007843032318347388	103.86864972706216	3.4	1.6500000000000004	1
"500 kb / 50 kb
(medium)"	p99	120	0.929211567981475	0.005492397980279236	169.18139787354474	3.4	0.6500000000000004	1
"100 kb / 10 kb
(fine-scale)"	All SNPs	12000	0.42598073143804266	0.21604585219399405	1.9717144629814127	2.99	0.05000000000000071	1
"100 kb / 10 kb
(fine-scale)"	p95	600	0.8131024766466005	0.01856734901878154	43.79206077421813	3.05	0.4800000000000004	1
"100 kb / 10 kb
(fine-scale)"	p99	120	0.9276690431285597	0.0227394447036804	40.79558912792693	3.01	0.02999999999999936	1
"2 Mb / 200 kb
(conventional)"	All SNPs	12000	0.43690774235760743	0.18972515174262175	2.3028456603914584	2.8	0.1999999999999993	1
"2 Mb / 200 kb
(conventional)"	p95	600	0.8223381184322078	0.003613578246478041	227.56892540896166	4.8	2.1999999999999993	1
"2 Mb / 200 kb
(conventional)"	p99	120	0.9292856751392811	0.00504317516814899	184.26599199019282	4.6	2.0	1
"500 kb / 50 kb
(medium)"	All SNPs	12000	0.4327641373740804	0.2122368671155896	2.0390620312840655	2.95	0.6500000000000004	1
"500 kb / 50 kb
(medium)"	p95	600	0.8227064488758277	0.0046985312801972575	175.09864249350878	3.4	1.6999999999999993	1
"500 kb / 50 kb
(medium)"	p99	120	0.9294672292594501	0.007859556434509727	118.25950192027975	3.3	0.05000000000000071	1
"100 kb / 10 kb
(fine-scale)"	All SNPs	12000	0.4382099719397888	0.2193976155286928	1.9973324271725266	2.98	0.6899999999999995	1
"100 kb / 10 kb
(fine-scale)"	p95	600	0.8230308004231361	0.014076625218823236	58.46790602356742	3.06	0.21000000000000085	1
"100 kb / 10 kb
(fine-scale)"	p99	120	0.9316148821198322	0.021624966987381616	43.08052274315326	2.95	1.0299999999999994	1
"2 Mb / 200 kb
(conventional)"	All SNPs	12000	0.4338503813801216	0.18833308351285896	2.3036333993358062	2.8	0.40000000000000036	1
"2 Mb / 200 kb
(conventional)"	p95	600	0.8180981098549566	0.004522460472505191	180.89668551636356	4.8	1.5999999999999996	1
"2 Mb / 200 kb
(conventional)"	p99	120	0.927587206369902	0.004961618718876909	186.9525368486732	4.8	2.3999999999999986	1
"500 kb / 50 kb
(medium)"	All SNPs	12000	0.42867538550674544	0.21101290506595952	2.031512647876905	2.95	0.25	1
"500 kb / 50 kb
(medium)"	p95	600	0.81849399062528	0.007975172782718415	102.63025177321468	3.4	0.9499999999999993	1
"500 kb / 50 kb
(medium)"	p99	120	0.9278618322605541	0.006055402847321965	153.22875383442178	3.35	1.5999999999999996	1
"100 kb / 10 kb
(fine-scale)"	All SNPs	12000	0.4303699080022494	0.2176253863617966	1.9775721720570343	2.99	1.2300000000000004	1
"100 kb / 10 kb
(fine-scale)"	p95	600	0.8196812881347334	0.016685335088804053	49.125851160444704	3.07	0.8200000000000003	1
"100 kb / 10 kb
(fine-scale)"	p99	120	0.9272089018530696	0.017232261788499424	53.806570097018614	3.02	0.7200000000000006	1
"2 Mb / 200 kb
(conventional)"	All SNPs	12000	0.43578722464596475	0.18811950258508472	2.316544636029229	2.8	0.40000000000000036	1
"2 Mb / 200 kb
(conventional)"	p95	600	0.8169249389858028	0.00581029344826834	140.59960073604776	4.8	0.40000000000000036	1
"2 Mb / 200 kb
(conventional)"	p99	120	0.9247643156376594	0.00569201874044274	162.46684310208872	4.8	0.40000000000000036	1
"500 kb / 50 kb
(medium)"	All SNPs	12000	0.431941402425233	0.21028466273273552	2.0540794407541525	2.9	0.3000000000000007	1
"500 kb / 50 kb
(medium)"	p95	600	0.8182483646426462	0.009557316587197245	85.61486450482893	3.4	0.09999999999999964	1
"500 kb / 50 kb
(medium)"	p99	120	0.9261729900660759	0.008733519115526944	106.04808643739878	3.4	0.4499999999999993	1
"100 kb / 10 kb
(fine-scale)"	All SNPs	12000	0.4356485446451653	0.2178445284929005	1.9998140309471346	2.99	0.33999999999999986	1
"100 kb / 10 kb
(fine-scale)"	p95	600	0.8196378047421682	0.015931939349650218	51.44620417853669	3.06	0.28999999999999915	1
"100 kb / 10 kb
(fine-scale)"	p99	120	0.9289729472679719	0.02145035666637644	43.30804199280016	3.03	0.5299999999999994	1
"2 Mb / 200 kb
(conventional)"	All SNPs	12000	0.42829449922571217	0.1862913885746779	2.2990568834265974	2.8	0.0	1
"2 Mb / 200 kb
(conventional)"	p95	600	0.8102023919870257	0.01543985703450676	52.47473407145498	16.4	0.8000000000000007	1
"2 Mb / 200 kb
(conventional)"	p99	120	0.921134058846364	0.00933763540381034	98.64746469652088	4.6	0.0	1
"500 kb / 50 kb
(medium)"	All SNPs	12000	0.4242672146706842	0.20896462355817005	2.030330337482123	2.95	0.8000000000000007	1
"500 kb / 50 kb
(medium)"	p95	600	0.8121504504639198	0.012194176500519356	66.60150034972266	3.4	0.6500000000000004	1
"500 kb / 50 kb
(medium)"	p99	120	0.9229594492290436	0.012417569505346136	74.32690019022498	3.3	0.3000000000000007	1
"100 kb / 10 kb
(fine-scale)"	All SNPs	12000	0.42751776040388456	0.21587953552554298	1.98035334550412	2.98	0.16999999999999993	1
"100 kb / 10 kb
(fine-scale)"	p95	600	0.8128673810554005	0.020764888328527503	39.14624380323085	3.06	0.14000000000000057	1
"100 kb / 10 kb
(fine-scale)"	p99	120	0.92372041633571	0.020118475803503667	45.91403570318396	2.92	0.3800000000000008	1
"2 Mb / 200 kb
(conventional)"	All SNPs	12000	0.4310458768308569	0.1877500540648544	2.2958495483679644	2.8	0.0	1
"2 Mb / 200 kb
(conventional)"	p95	600	0.8153979949919808	0.005309671368958059	153.5684486537234	4.8	1.1999999999999993	1
"2 Mb / 200 kb
(conventional)"	p99	120	0.9287874076782648	0.00965291953900789	96.21828959880919	4.8	1.4000000000000004	1
"500 kb / 50 kb
(medium)"	All SNPs	12000	0.4254663054647815	0.21058903823329267	2.020363020953852	2.9	0.34999999999999964	1
"500 kb / 50 kb
(medium)"	p95	600	0.8160483245344948	0.006876879720803524	118.66549331462558	3.4	0.0	1
"500 kb / 50 kb
(medium)"	p99	120	0.9301202634214388	0.011953562342590804	77.81113585758447	3.35	0.5500000000000007	1
"100 kb / 10 kb
(fine-scale)"	All SNPs	12000	0.42814022797657586	0.21755647957440122	1.9679497885520711	2.96	1.1700000000000017	1
"100 kb / 10 kb
(fine-scale)"	p95	600	0.8175767945790348	0.017775477237469056	45.994646650367216	3.06	0.16999999999999993	1
"100 kb / 10 kb
(fine-scale)"	p99	120	0.9328277623952627	0.021908735007114145	42.57789242931449	2.99	0.8599999999999994	1
"2 Mb / 200 kb
(conventional)"	All SNPs	12000	0.43776948448822955	0.18957002673139522	2.3092758493330385	2.8	0.40000000000000036	1
"2 Mb / 200 kb
(conventional)"	p95	600	0.8250472518678224	0.0034809735296848898	237.0162383689567	4.8	2.1999999999999993	1
"2 Mb / 200 kb
(conventional)"	p99	120	0.9436999254497769	0.008021611141950349	117.64468617963058	4.8	2.4000000000000004	1
"500 kb / 50 kb
(medium)"	All SNPs	12000	0.4329072661618441	0.21215778592005283	2.0404967193849584	2.9	0.3000000000000007	1
"500 kb / 50 kb
(medium)"	p95	600	0.8243773329796364	0.008694420037254843	94.81682843102247	3.4	0.0	1
"500 kb / 50 kb
(medium)"	p99	120	0.9433055588111199	0.00991312715391799	95.15721367886367	3.3	1.5999999999999996	1
"100 kb / 10 kb
(fine-scale)"	All SNPs	12000	0.43474281061414277	0.21878693555350884	1.9870601940389512	2.97	0.08999999999999986	1
"100 kb / 10 kb
(fine-scale)"	p95	600	0.8238391467553562	0.015474608492916922	53.238125354347154	3.03	0.14000000000000057	1
"100 kb / 10 kb
(fine-scale)"	p99	120	0.9430274189508393	0.02165745807330625	43.542848646358976	2.94	1.0799999999999983	1
"2 Mb / 200 kb
(conventional)"	All SNPs	12000	0.4334787138430814	0.18773998914267642	2.3089311756253026	2.8	0.1999999999999993	1
"2 Mb / 200 kb
(conventional)"	p95	600	0.8090971833455599	0.005095643118115981	158.78215263330853	4.8	2.3999999999999986	1
"2 Mb / 200 kb
(conventional)"	p99	120	0.9116553786693573	0.008083960403783369	112.77336022609587	4.8	0.1999999999999993	1
"500 kb / 50 kb
(medium)"	All SNPs	12000	0.430392960279128	0.20945025686511515	2.054869574861867	3.0	1.1499999999999986	1
"500 kb / 50 kb
(medium)"	p95	600	0.8093774067368574	0.0067802399087340945	119.37297464861717	3.4	1.6999999999999993	1
"500 kb / 50 kb
(medium)"	p99	120	0.9130000095044429	0.008358187123332363	109.23421503160064	3.3	0.09999999999999964	1
"100 kb / 10 kb
(fine-scale)"	All SNPs	12000	0.432983292300498	0.21601655780838885	2.0043986289447453	2.98	0.9499999999999993	1
"100 kb / 10 kb
(fine-scale)"	p95	600	0.808908891915722	0.01540821321560342	52.49855259638834	3.05	0.9399999999999995	1
"100 kb / 10 kb
(fine-scale)"	p99	120	0.9135793612967286	0.01827686555794309	49.98556007321992	2.94	0.28999999999999915	1
"2 Mb / 200 kb
(conventional)"	All SNPs	12000	0.4304570819600286	0.18515698838519162	2.3248222263397724	2.8	0.0	1
"2 Mb / 200 kb
(conventional)"	p95	600	0.8058739830973377	0.0039315008367040065	204.97871336406638	4.8	0.40000000000000036	1
"2 Mb / 200 kb
(conventional)"	p99	120	0.9221909513713591	0.00570873652423446	161.54028959937412	4.8	2.3999999999999986	1
"500 kb / 50 kb
(medium)"	All SNPs	12000	0.42622640673222906	0.20766905034777122	2.052431048432362	2.95	0.40000000000000036	1
"500 kb / 50 kb
(medium)"	p95	600	0.8069054872116271	0.006601591262054347	122.22893771834738	3.4	0.6500000000000004	1
"500 kb / 50 kb
(medium)"	p99	120	0.9216786957035622	0.008119911145457914	113.50847062151998	3.4	0.6999999999999993	1
"100 kb / 10 kb
(fine-scale)"	All SNPs	12000	0.42711100345078495	0.21420792101041772	1.993908541925548	3.0	0.05000000000000071	1
"100 kb / 10 kb
(fine-scale)"	p95	600	0.808302667838904	0.016147834356108757	50.05641313958126	3.06	0.5600000000000005	1
"100 kb / 10 kb
(fine-scale)"	p99	120	0.9231620421578709	0.0203200379481307	45.431118018300516	3.04	0.2699999999999996	1
"2 Mb / 200 kb
(conventional)"	All SNPs	12000	0.43206079980893025	0.18711060193810586	2.3091198218252287	2.8	0.40000000000000036	1
"2 Mb / 200 kb
(conventional)"	p95	600	0.8125804126044958	0.027466682215270315	29.58422157564904	7.8	2.3999999999999986	1
"2 Mb / 200 kb
(conventional)"	p99	120	0.9153945995343602	0.009501540251974557	96.34170621380339	4.8	1.6000000000000014	1
"500 kb / 50 kb
(medium)"	All SNPs	12000	0.42499443904882517	0.20854852671600246	2.0378683356875245	2.9	1.25	1
"500 kb / 50 kb
(medium)"	p95	600	0.8119840012070563	0.018642127450226212	43.55640220650907	6.35	1.6999999999999993	1
"500 kb / 50 kb
(medium)"	p99	120	0.9163145319960753	0.011620807452537863	78.85119306369384	3.4	0.6999999999999993	1
"100 kb / 10 kb
(fine-scale)"	All SNPs	12000	0.4297550701015581	0.21630964861831856	1.9867586714075203	2.99	1.3000000000000007	1
"100 kb / 10 kb
(fine-scale)"	p95	600	0.8103750004612755	0.01789566264688761	45.283319005916496	3.07	1.4800000000000004	1
"100 kb / 10 kb
(fine-scale)"	p99	120	0.9162601895400662	0.017910798442875096	51.1568589453115	3.04	0.9000000000000004	1
"2 Mb / 200 kb
(conventional)"	All SNPs	12000	0.4327625098744754	0.1886669254129837	2.2937910761368325	2.8	0.40000000000000036	1
"2 Mb / 200 kb
(conventional)"	p95	600	0.8084049792979109	0.43719669417273954	1.8490647117713666	4.8	2.1999999999999993	1
"2 Mb / 200 kb
(conventional)"	p99	120	0.9228766264821497	0.010361285634334678	89.06970226011047	4.6	0.8000000000000007	1
"500 kb / 50 kb
(medium)"	All SNPs	12000	0.42903264719539846	0.21078182867686113	2.035434695146926	2.95	0.8000000000000007	1
"500 kb / 50 kb
(medium)"	p95	600	0.8143599492408232	0.008897868757657022	91.52303449520194	3.4	1.5	1
"500 kb / 50 kb
(medium)"	p99	120	0.9246370793111054	0.011286086710494922	81.92716421815953	3.25	0.05000000000000071	1
"100 kb / 10 kb
(fine-scale)"	All SNPs	12000	0.43082226313015964	0.21763397976692755	1.979572599791372	2.97	0.6600000000000001	1
"100 kb / 10 kb
(fine-scale)"	p95	600	0.8154724044280299	0.013815082579064521	59.02768946627962	3.07	0.5800000000000001	1
"100 kb / 10 kb
(fine-scale)"	p99	120	0.9267359404683925	0.023905315114708683	38.766940992891655	2.91	0.75	1
"2 Mb / 200 kb
(conventional)"	All SNPs	12000	0.4419424781461567	0.19122565062285854	2.3111045861612474	2.8	0.40000000000000036	1
"2 Mb / 200 kb
(conventional)"	p95	600	0.821647443877625	0.007688404323846464	106.8683967789248	4.8	2.3999999999999986	1
"2 Mb / 200 kb
(conventional)"	p99	120	0.9370017880970829	0.004210855429925276	222.5205314431112	4.8	2.3999999999999986	1
"500 kb / 50 kb
(medium)"	All SNPs	12000	0.43300319455836284	0.21311004278864457	2.0318291380936984	3.0	1.25	1
"500 kb / 50 kb
(medium)"	p95	600	0.8213588632064428	0.009170539938108803	89.56494042332558	3.4	1.6000000000000014	1
"500 kb / 50 kb
(medium)"	p99	120	0.937047919829131	0.007547366030021164	124.1556214581133	3.35	1.6999999999999993	1
"100 kb / 10 kb
(fine-scale)"	All SNPs	12000	0.43138699473399994	0.21924375465418908	1.9676136062093181	2.99	1.370000000000001	1
"100 kb / 10 kb
(fine-scale)"	p95	600	0.8214789580785118	0.016054960610691914	51.16667539697619	3.08	1.5399999999999991	1
"100 kb / 10 kb
(fine-scale)"	p99	120	0.9379745092106617	0.01970909125830771	47.59095672740821	3.0	1.0	1
"2 Mb / 200 kb
(conventional)"	All SNPs	12000	0.4283932195181959	0.18686478860075745	2.2925304586594515	2.8	0.0	1
"2 Mb / 200 kb
(conventional)"	p95	600	0.8051116731201508	0.0037356138981468915	215.52325670475173	4.8	0.5999999999999996	1
"2 Mb / 200 kb
(conventional)"	p99	120	0.9114133894113402	0.009621909252655858	94.7227172361629	4.8	1.8000000000000007	1
"500 kb / 50 kb
(medium)"	All SNPs	12000	0.42614089893530366	0.20926915975002264	2.0363291917659527	3.0	0.05000000000000071	1
"500 kb / 50 kb
(medium)"	p95	600	0.8050955780797365	0.0075413019563506795	106.75816758693101	3.4	0.09999999999999964	1
"500 kb / 50 kb
(medium)"	p99	120	0.9113037682085324	0.012432459525765894	73.30036074679214	3.35	0.0	1
"100 kb / 10 kb
(fine-scale)"	All SNPs	12000	0.4280289191802947	0.2157248244383147	1.9841430873556563	2.97	0.2400000000000002	1
"100 kb / 10 kb
(fine-scale)"	p95	600	0.8065051253517086	0.015218464012279376	52.99517248921842	3.08	0.09999999999999964	1
"100 kb / 10 kb
(fine-scale)"	p99	120	0.9125985722298771	0.02056149830408347	44.38385562829519	2.98	0.21000000000000085	1
"2 Mb / 200 kb
(conventional)"	All SNPs	12000	0.434935181782804	0.188302166919223	2.3097725793531656	2.8	0.40000000000000036	1
"2 Mb / 200 kb
(conventional)"	p95	600	0.8180998143326409	0.45818242275009957	1.785532953058844	4.8	2.3999999999999986	1
"2 Mb / 200 kb
(conventional)"	p99	120	0.9334917857762703	0.008753459460564937	106.64261255583904	4.8	2.4000000000000004	1
"500 kb / 50 kb
(medium)"	All SNPs	12000	0.4289293762518193	0.21042559736239974	2.038389728380371	2.95	1.1500000000000004	1
"500 kb / 50 kb
(medium)"	p95	600	0.8171108245978509	0.008767092977155286	93.20202565742424	3.4	1.6999999999999993	1
"500 kb / 50 kb
(medium)"	p99	120	0.9328413066716604	0.012063757650334628	77.32593224349007	3.4	1.6999999999999993	1
"100 kb / 10 kb
(fine-scale)"	All SNPs	12000	0.4291576250967825	0.21737424843304884	1.9742799719395596	2.98	1.2699999999999996	1
"100 kb / 10 kb
(fine-scale)"	p95	600	0.8156119029335865	0.015097444105102076	54.02317751638214	3.05	1.5100000000000016	1
"100 kb / 10 kb
(fine-scale)"	p99	120	0.9315421903681051	0.023666140055924708	39.36181346712253	3.02	1.3500000000000014	1
"2 Mb / 200 kb
(conventional)"	All SNPs	12000	0.4242010179337313	0.18438930767432593	2.3005727570872394	2.8	0.40000000000000036	1
"2 Mb / 200 kb
(conventional)"	p95	600	0.8069324261464828	0.019326530488727223	41.7525756429562	4.8	0.8000000000000007	1
"2 Mb / 200 kb
(conventional)"	p99	120	0.9310280932257057	0.00765433972386674	121.63401767009351	4.8	2.4000000000000004	1
"500 kb / 50 kb
(medium)"	All SNPs	12000	0.4230091354436139	0.20708754017478997	2.0426585543803246	2.9	1.0	1
"500 kb / 50 kb
(medium)"	p95	600	0.8119274350343495	0.014994420468583215	54.14863727047842	3.4	0.8000000000000007	1
"500 kb / 50 kb
(medium)"	p99	120	0.9305776413529353	0.008834468113028944	105.3348803173032	3.4	1.6500000000000004	1
"100 kb / 10 kb
(fine-scale)"	All SNPs	12000	0.42842597904384316	0.21500143058998003	1.992665713284838	2.98	1.1400000000000006	1
"100 kb / 10 kb
(fine-scale)"	p95	600	0.8137907913275262	0.0152400632271073	53.3981243516134	3.08	0.7200000000000006	1
"100 kb / 10 kb
(fine-scale)"	p99	120	0.9299054391725821	0.01916337447504255	48.52514051654346	3.05	0.46000000000000085	1
"2 Mb / 200 kb
(conventional)"	All SNPs	12000	0.43567405527149444	0.18859415155068607	2.3101143470740335	2.8	0.40000000000000036	1
"2 Mb / 200 kb
(conventional)"	p95	600	0.8196529229094519	0.004799162850764472	170.79081256408858	4.8	2.1999999999999993	1
"2 Mb / 200 kb
(conventional)"	p99	120	0.9280482649556475	0.006115540505684417	151.75245165869202	4.8	1.5999999999999996	1
"500 kb / 50 kb
(medium)"	All SNPs	12000	0.42922523730118667	0.21048570211929538	2.0392132718730602	2.95	1.1500000000000004	1
"500 kb / 50 kb
(medium)"	p95	600	0.8187375681268152	0.007371737110290625	111.06440122286686	3.4	1.6999999999999993	1
"500 kb / 50 kb
(medium)"	p99	120	0.9279766037351168	0.01080682693545279	85.86947947605269	3.4	0.5999999999999996	1
"100 kb / 10 kb
(fine-scale)"	All SNPs	12000	0.4318127911940924	0.21794403375387522	1.9813012715078024	3.0	1.1799999999999997	1
"100 kb / 10 kb
(fine-scale)"	p95	600	0.8176196114815111	0.015084173279124974	54.20380662246946	3.07	1.3100000000000005	1
"100 kb / 10 kb
(fine-scale)"	p99	120	0.9291422174351684	0.02045981803055432	45.41302449746153	3.0	1.0899999999999999	1
"2 Mb / 200 kb
(conventional)"	All SNPs	12000	0.4292805575702815	0.18545539272199632	2.314737529438074	2.8	0.1999999999999993	1
"2 Mb / 200 kb
(conventional)"	p95	600	0.8151919850005424	0.4802676206725299	1.6973702783856426	10.6	1.3999999999999986	1
"2 Mb / 200 kb
(conventional)"	p99	120	0.9255317651891114	0.004417069188774889	209.53526549712376	4.6	2.3999999999999986	1
"500 kb / 50 kb
(medium)"	All SNPs	12000	0.4258317678496677	0.20802984714426512	2.0469743822594877	2.9	1.0	1
"500 kb / 50 kb
(medium)"	p95	600	0.8153600058715221	0.008458525206406043	96.39505539972988	3.4	0.6500000000000004	1
"500 kb / 50 kb
(medium)"	p99	120	0.9250856340362715	0.0057494910630028736	160.89869936298555	3.25	1.6499999999999986	1
"100 kb / 10 kb
(fine-scale)"	All SNPs	12000	0.43180151517676374	0.2164891331838859	1.9945643867953013	2.98	0.9900000000000002	1
"100 kb / 10 kb
(fine-scale)"	p95	600	0.8167968048377091	0.015315848076194072	53.33017151738945	3.06	1.2799999999999994	1
"100 kb / 10 kb
(fine-scale)"	p99	120	0.9256597936688399	0.014000390837535646	66.11671091260584	2.91	0.5399999999999991	1
"2 Mb / 200 kb
(conventional)"	All SNPs	12000	0.4359140382298702	0.1891144216630868	2.3050280057777113	2.8	0.40000000000000036	1
"2 Mb / 200 kb
(conventional)"	p95	600	0.8087509885280794	0.2655487922126432	3.0455833814542705	15.4	2.3999999999999986	1
"2 Mb / 200 kb
(conventional)"	p99	120	0.9328465407521099	0.0022937103918548593	406.6976127695629	4.6	2.1999999999999993	1
"500 kb / 50 kb
(medium)"	All SNPs	12000	0.4303609647364776	0.2099519070422142	2.049807362073385	2.95	0.5500000000000007	1
"500 kb / 50 kb
(medium)"	p95	600	0.8159712240603447	0.008240453803789034	99.0201806222315	3.4	1.6000000000000014	1
"500 kb / 50 kb
(medium)"	p99	120	0.932734735329715	0.007139029398781842	130.65287775518487	3.3	0.5	1
"100 kb / 10 kb
(fine-scale)"	All SNPs	12000	0.43501909291793467	0.21727991965724747	2.002113649545546	2.99	0.4299999999999997	1
"100 kb / 10 kb
(fine-scale)"	p95	600	0.8163479979818533	0.01531298240214454	53.31084282233134	3.08	1.5399999999999991	1
"100 kb / 10 kb
(fine-scale)"	p99	120	0.9321374432885327	0.019372960583456014	48.115384288994676	2.98	1.33	1
"2 Mb / 200 kb
(conventional)"	All SNPs	12000	0.4317338744661713	0.18666847252896718	2.312837666784759	2.8	0.40000000000000036	1
"2 Mb / 200 kb
(conventional)"	p95	600	0.8163213010175877	0.6904159401751997	1.1823616077149643	4.8	2.1999999999999993	1
"2 Mb / 200 kb
(conventional)"	p99	120	0.9257905068618634	0.005532835151866603	167.32660226638615	4.8	1.0	1
"500 kb / 50 kb
(medium)"	All SNPs	12000	0.42684746324538475	0.21011378907054687	2.0315061906863634	3.0	0.6500000000000004	1
"500 kb / 50 kb
(medium)"	p95	600	0.816310860491594	0.010313028561445411	79.15335981355847	3.4	1.4000000000000004	1
"500 kb / 50 kb
(medium)"	p99	120	0.9253781603907397	0.009267374211825991	99.8533283796693	3.35	0.0	1
"100 kb / 10 kb
(fine-scale)"	All SNPs	12000	0.427114073548728	0.2165686068427474	1.9721883045535762	2.98	1.2699999999999996	1
"100 kb / 10 kb
(fine-scale)"	p95	600	0.8175300950356683	0.01780360410773191	45.9193593661535	3.06	1.1899999999999995	1
"100 kb / 10 kb
(fine-scale)"	p99	120	0.925610395123892	0.021409246494547885	43.23414162939408	2.96	0.16999999999999993	1
"2 Mb / 200 kb
(conventional)"	All SNPs	12000	0.4284120864439926	0.1868028676558774	2.2933913800145747	2.8	0.0	1
"2 Mb / 200 kb
(conventional)"	p95	600	0.8105277993065289	0.34174329905609757	2.3717445273842217	4.8	0.8000000000000007	1
"2 Mb / 200 kb
(conventional)"	p99	120	0.9319495005173914	0.006128815163979141	152.06030457481148	4.8	2.3999999999999986	1
"500 kb / 50 kb
(medium)"	All SNPs	12000	0.42456107153942774	0.20938502296747616	2.0276573057728915	2.9	0.8000000000000007	1
"500 kb / 50 kb
(medium)"	p95	600	0.8159431440188433	0.23138086861935483	3.5264071264299433	3.4	1.1000000000000014	1
"500 kb / 50 kb
(medium)"	p99	120	0.9313176068936442	0.008335488057147589	111.72922335304045	3.35	1.6499999999999986	1
"100 kb / 10 kb
(fine-scale)"	All SNPs	12000	0.42789673412446083	0.21604233067469256	1.9806152469664369	2.97	0.13000000000000078	1
"100 kb / 10 kb
(fine-scale)"	p95	600	0.8164346661161725	0.015992981884975308	51.049558611904416	3.07	0.08000000000000007	1
"100 kb / 10 kb
(fine-scale)"	p99	120	0.9303368080584435	0.020181011123634893	46.099613263127544	2.97	1.1999999999999993	1
"2 Mb / 200 kb
(conventional)"	All SNPs	12000	0.42864189687009635	0.18728317882778972	2.288736765111406	2.8	0.1999999999999993	1
"2 Mb / 200 kb
(conventional)"	p95	600	0.8094610081634847	0.006099111479532862	132.71785749118365	4.8	2.1999999999999993	1
"2 Mb / 200 kb
(conventional)"	p99	120	0.9187773986733256	0.009663320574245867	95.07884909893178	4.8	2.3999999999999986	1
"500 kb / 50 kb
(medium)"	All SNPs	12000	0.4236686670132398	0.20939828302259142	2.0232671486018408	2.9	0.4499999999999993	1
"500 kb / 50 kb
(medium)"	p95	600	0.8089075536103131	0.009254769554574799	87.40439714249347	3.4	1.6000000000000014	1
"500 kb / 50 kb
(medium)"	p99	120	0.9189982969473254	0.011031706159474738	83.3051826854571	3.3	1.5500000000000007	1
"100 kb / 10 kb
(fine-scale)"	All SNPs	12000	0.42870375697271457	0.21637845058258337	1.9812682631678924	2.97	0.41000000000000014	1
"100 kb / 10 kb
(fine-scale)"	p95	600	0.8094818403182608	0.015451704112655935	52.387868316430115	3.07	1.370000000000001	1
"100 kb / 10 kb
(fine-scale)"	p99	120	0.918630274572835	0.01744629730118967	52.65474150266792	2.92	0.3000000000000007	1
"2 Mb / 200 kb
(conventional)"	All SNPs	12000	0.42859365715091774	0.18621285031119447	2.301633085120937	2.8	0.1999999999999993	1
"2 Mb / 200 kb
(conventional)"	p95	600	0.815898606348745	0.5859264006710567	1.3924933326341038	4.8	2.0	1
"2 Mb / 200 kb
(conventional)"	p99	120	0.9329417472247343	0.010440772313970125	89.3556261136377	4.8	2.3999999999999986	1
"500 kb / 50 kb
(medium)"	All SNPs	12000	0.42464123656589925	0.21008913754375397	2.0212431805402686	2.95	1.1499999999999986	1
"500 kb / 50 kb
(medium)"	p95	600	0.8150467582584244	0.00799648472380396	101.92563187574045	3.4	1.6000000000000014	1
"500 kb / 50 kb
(medium)"	p99	120	0.9317535789457336	0.014277721569309594	65.25926244062406	3.4	1.6999999999999993	1
"100 kb / 10 kb
(fine-scale)"	All SNPs	12000	0.42690924018582843	0.21714792220142487	1.9659835372029508	2.98	1.0500000000000007	1
"100 kb / 10 kb
(fine-scale)"	p95	600	0.8152539073975402	0.015160657339005172	53.774311309052806	3.08	1.5399999999999991	1
"100 kb / 10 kb
(fine-scale)"	p99	120	0.927810665743053	0.021285308476447523	43.58925156145554	3.03	1.4800000000000004	1
"2 Mb / 200 kb
(conventional)"	All SNPs	12000	0.43374473373543376	0.18806906142462188	2.3063056222529124	2.8	0.40000000000000036	1
"2 Mb / 200 kb
(conventional)"	p95	600	0.812135441207522	0.030822427289012806	26.3488476618784	12.8	2.0	1
"2 Mb / 200 kb
(conventional)"	p99	120	0.9305841781648331	0.005173916791301858	179.86067725891664	4.6	2.0	1
"500 kb / 50 kb
(medium)"	All SNPs	12000	0.4296194069391117	0.21050863471106088	2.0408635851389043	2.95	1.1499999999999986	1
"500 kb / 50 kb
(medium)"	p95	600	0.8144261526063655	0.027576462629198786	29.533380098723274	11.45	1.3500000000000014	1
"500 kb / 50 kb
(medium)"	p99	120	0.9290411299623418	0.009948512138052663	93.38493204514437	3.3	1.5500000000000007	1
"100 kb / 10 kb
(fine-scale)"	All SNPs	12000	0.4321213737078226	0.21796688028199185	1.98250932962279	2.97	1.120000000000001	1
"100 kb / 10 kb
(fine-scale)"	p95	600	0.8204937554090062	0.016970276193647743	48.34887458791806	3.07	1.1799999999999997	1
"100 kb / 10 kb
(fine-scale)"	p99	120	0.9289356478899643	0.021478008281358735	43.2505489206003	2.97	0.8599999999999994	1
"2 Mb / 200 kb
(conventional)"	All SNPs	12000	0.435862046627277	0.1862863878784542	2.3397417899995077	2.8	0.40000000000000036	1
"2 Mb / 200 kb
(conventional)"	p95	600	0.8071606914835	0.2139205245399665	3.7731802183043883	4.8	2.4000000000000004	1
"2 Mb / 200 kb
(conventional)"	p99	120	0.9168643863161438	0.005046022595762383	181.7004123378521	4.8	1.8000000000000007	1
"500 kb / 50 kb
(medium)"	All SNPs	12000	0.4291238887736102	0.20759191699509386	2.0671512406899346	2.95	0.3000000000000007	1
"500 kb / 50 kb
(medium)"	p95	600	0.8078781815542825	0.009117788619269223	88.604618432033	3.4	1.5999999999999996	1
"500 kb / 50 kb
(medium)"	p99	120	0.9170305061889182	0.00813514534857298	112.72453864020738	3.35	0.34999999999999964	1
"100 kb / 10 kb
(fine-scale)"	All SNPs	12000	0.43211255545502697	0.21457854256840134	2.013773373063535	2.98	0.9800000000000004	1
"100 kb / 10 kb
(fine-scale)"	p95	600	0.8086142192409546	0.01759738200894792	45.95082489144068	3.08	1.4000000000000004	1
"100 kb / 10 kb
(fine-scale)"	p99	120	0.9185136432048742	0.023235755463778634	39.53018203504127	2.98	0.6400000000000006	1
"2 Mb / 200 kb
(conventional)"	All SNPs	12000	0.42772326184696824	0.1870426486051251	2.286768632911929	2.8	0.1999999999999993	1
"2 Mb / 200 kb
(conventional)"	p95	600	0.8093120772804077	0.2020247973584976	4.006003658275003	4.8	2.1999999999999993	1
"2 Mb / 200 kb
(conventional)"	p99	120	0.9285541872651092	0.01524322527340333	60.91586069289865	4.8	2.3999999999999986	1
"500 kb / 50 kb
(medium)"	All SNPs	12000	0.4242329078391417	0.21032369427336797	2.0170476241623327	2.95	1.0500000000000007	1
"500 kb / 50 kb
(medium)"	p95	600	0.7946193240614668	0.1285301857725488	6.1823556799929555	3.4	1.5500000000000007	1
"500 kb / 50 kb
(medium)"	p99	120	0.9280245770813383	0.013440926911725375	69.04468591907627	3.35	1.6499999999999986	1
"100 kb / 10 kb
(fine-scale)"	All SNPs	12000	0.4276836831096398	0.21737144925076493	1.9675246431110351	2.99	0.22000000000000064	1
"100 kb / 10 kb
(fine-scale)"	p95	600	0.8157572852798902	0.015449849786439821	52.80033764443925	3.08	1.3399999999999999	1
"100 kb / 10 kb
(fine-scale)"	p99	120	0.9282859158818566	0.023481975330154958	39.5318495497172	2.98	0.5099999999999998	1
"2 Mb / 200 kb
(conventional)"	All SNPs	12000	0.4314581551550804	0.18854137011644181	2.2884004443619714	2.8	0.40000000000000036	1
"2 Mb / 200 kb
(conventional)"	p95	600	0.8140735196801456	0.005370397977215187	151.5853244273495	4.8	2.4000000000000004	1
"2 Mb / 200 kb
(conventional)"	p99	120	0.9228489335861422	0.006089444741911008	151.54894620105065	4.8	2.4000000000000004	1
"500 kb / 50 kb
(medium)"	All SNPs	12000	0.4295403971704283	0.2109031627218816	2.0366711984156636	3.0	0.34999999999999964	1
"500 kb / 50 kb
(medium)"	p95	600	0.8142458206013564	0.007215237946098691	112.85086184047783	3.4	0.25	1
"500 kb / 50 kb
(medium)"	p99	120	0.9220403718144036	0.008330159449495134	110.68700153996281	3.3	1.6500000000000004	1
"100 kb / 10 kb
(fine-scale)"	All SNPs	12000	0.4307491182596193	0.21736173596783565	1.9817154861302724	3.0	0.46000000000000085	1
"100 kb / 10 kb
(fine-scale)"	p95	600	0.8150395273304946	0.015951494028189933	51.09487085599215	3.08	0.02999999999999936	1
"100 kb / 10 kb
(fine-scale)"	p99	120	0.9216236370424612	0.0180179047046393	51.1504335354354	2.96	1.0599999999999987	1
"2 Mb / 200 kb
(conventional)"	All SNPs	12000	0.4353200886710616	0.1881611177261305	2.313549653253401	2.8	0.1999999999999993	1
"2 Mb / 200 kb
(conventional)"	p95	600	0.8155125741856197	0.004578138856813856	178.13190025284067	4.8	2.4000000000000004	1
"2 Mb / 200 kb
(conventional)"	p99	120	0.9281604575842809	0.013087839490840332	70.91777510213693	4.8	2.4000000000000004	1
"500 kb / 50 kb
(medium)"	All SNPs	12000	0.43076174493944624	0.2094556048313313	2.0565777902497597	3.0	1.1499999999999986	1
"500 kb / 50 kb
(medium)"	p95	600	0.815939578842693	0.00669191742575066	121.92911641481675	3.4	1.6999999999999993	1
"500 kb / 50 kb
(medium)"	p99	120	0.9274341240919857	0.013022542745331421	71.21759108254574	3.4	1.6999999999999993	1
"100 kb / 10 kb
(fine-scale)"	All SNPs	12000	0.4342363430312382	0.21636695994165828	2.0069438658671674	2.98	1.2399999999999984	1
"100 kb / 10 kb
(fine-scale)"	p95	600	0.8166956821646698	0.018042808683018188	45.26433198470592	3.08	1.5399999999999991	1
"100 kb / 10 kb
(fine-scale)"	p99	120	0.9282045246992348	0.022435827180052253	41.37153122326168	3.07	1.5399999999999991	1
"2 Mb / 200 kb
(conventional)"	All SNPs	12000	0.4317219986436246	0.18940791489652758	2.279323960033411	2.8	0.40000000000000036	1
"2 Mb / 200 kb
(conventional)"	p95	600	0.8182413208676038	0.007542610057288474	108.48251661597324	4.8	0.0	1
"2 Mb / 200 kb
(conventional)"	p99	120	0.9328367622955294	0.010491593930351957	88.91277802859416	4.6	1.8000000000000007	1
"500 kb / 50 kb
(medium)"	All SNPs	12000	0.4249247738471129	0.21202130173557057	2.0041607629457534	2.95	0.34999999999999964	1
"500 kb / 50 kb
(medium)"	p95	600	0.8198481726374154	0.00870370539291963	94.1953036811601	3.4	0.09999999999999964	1
"500 kb / 50 kb
(medium)"	p99	120	0.9331641785142455	0.013277929764532983	70.27934286916053	3.3	1.0999999999999996	1
"100 kb / 10 kb
(fine-scale)"	All SNPs	12000	0.4282486641634766	0.2189778263332972	1.9556713633263343	2.98	0.9299999999999997	1
"100 kb / 10 kb
(fine-scale)"	p95	600	0.8211469363150657	0.015041966462552266	54.59039802803393	3.07	0.10999999999999943	1
"100 kb / 10 kb
(fine-scale)"	p99	120	0.9348943393355651	0.021499732521864573	43.483998621136614	2.9	1.0299999999999994	1
"2 Mb / 200 kb
(conventional)"	All SNPs	12000	0.428087109367057	0.1874450359449679	2.283800727018129	2.8	0.40000000000000036	1
"2 Mb / 200 kb
(conventional)"	p95	600	0.8130309568955149	0.028225578340859318	28.804758119643985	9.0	2.4000000000000004	1
"2 Mb / 200 kb
(conventional)"	p99	120	0.9291971103747864	0.00839874073113967	110.63528927969404	4.6	2.4000000000000004	1
"500 kb / 50 kb
(medium)"	All SNPs	12000	0.42394637947574304	0.20904708417049794	2.0279947034801697	2.9	0.3000000000000007	1
"500 kb / 50 kb
(medium)"	p95	600	0.8128142658885317	0.010902996495781215	74.54962185882023	3.4	1.5500000000000007	1
"500 kb / 50 kb
(medium)"	p99	120	0.9279639277218847	0.0110037573934236	84.3315509915261	3.3	1.6500000000000004	1
"100 kb / 10 kb
(fine-scale)"	All SNPs	12000	0.4272469136449741	0.21578301813377337	1.9799839549009595	2.95	0.2699999999999996	1
"100 kb / 10 kb
(fine-scale)"	p95	600	0.812330854802148	0.01936871010860338	41.940369299105726	3.07	1.33	1
"100 kb / 10 kb
(fine-scale)"	p99	120	0.9259729750089218	0.019314265220071375	47.94243863062682	2.91	0.6899999999999995	1
"2 Mb / 200 kb
(conventional)"	All SNPs	12000	0.4263166053250155	0.18517456840245294	2.3022416577122597	2.8	0.40000000000000036	1
"2 Mb / 200 kb
(conventional)"	p95	600	0.8084079163035058	0.04182797435126559	19.32696786879056	15.4	1.6000000000000014	1
"2 Mb / 200 kb
(conventional)"	p99	120	0.9243097444154983	0.003576565619609555	258.4350023798537	4.6	2.0	1
"500 kb / 50 kb
(medium)"	All SNPs	12000	0.41954303909784135	0.20775514742341966	2.0194110437263104	2.9	0.9000000000000004	1
"500 kb / 50 kb
(medium)"	p95	600	0.8130063168096185	0.01707867268706045	47.60360080122548	11.95	0.8000000000000007	1
"500 kb / 50 kb
(medium)"	p99	120	0.9249285828749324	0.008451519869740886	109.43931945145975	3.3	1.6000000000000014	1
"100 kb / 10 kb
(fine-scale)"	All SNPs	12000	0.4246067048301327	0.21530620207491877	1.9721062409636714	2.98	1.3500000000000014	1
"100 kb / 10 kb
(fine-scale)"	p95	600	0.8130653384753112	0.01574951716500894	51.62477871269075	3.07	0.6400000000000006	1
"100 kb / 10 kb
(fine-scale)"	p99	120	0.9252515106476783	0.018280161500138635	50.61506216127583	2.94	0.21000000000000085	1
"2 Mb / 200 kb
(conventional)"	All SNPs	12000	0.43152893772608647	0.18672597891396078	2.311027850735893	2.8	0.40000000000000036	1
"2 Mb / 200 kb
(conventional)"	p95	600	0.8121350262774146	0.34065673997306023	2.384027471000984	4.8	2.4000000000000004	1
"2 Mb / 200 kb
(conventional)"	p99	120	0.9247821185909825	0.008717931047724486	106.07816390476785	4.8	2.1999999999999993	1
"500 kb / 50 kb
(medium)"	All SNPs	12000	0.4301209163753471	0.20887631326283276	2.059213463013005	2.95	0.75	1
"500 kb / 50 kb
(medium)"	p95	600	0.8121971520188419	0.20954327600073314	3.876035382858099	3.4	1.6999999999999993	1
"500 kb / 50 kb
(medium)"	p99	120	0.9253070834409833	0.007734160784060699	119.63897690722244	3.35	1.1499999999999986	1
"100 kb / 10 kb
(fine-scale)"	All SNPs	12000	0.4317806809249882	0.2152441150133094	2.0060045818130243	2.97	0.8900000000000006	1
"100 kb / 10 kb
(fine-scale)"	p95	600	0.812410420306782	0.013592446320477711	59.76925721478439	3.07	1.3399999999999999	1
"100 kb / 10 kb
(fine-scale)"	p99	120	0.9257022448425136	0.02016363194550118	45.90949920850208	3.0	0.5199999999999996	1
"2 Mb / 200 kb
(conventional)"	All SNPs	12000	0.43547732768539965	0.18798661085192495	2.3165337452060375	2.8	0.40000000000000036	1
"2 Mb / 200 kb
(conventional)"	p95	600	0.8100230027647453	0.00542220396109835	149.38999133493732	4.8	1.8000000000000007	1
"2 Mb / 200 kb
(conventional)"	p99	120	0.9156195197991386	0.007307666596096453	125.29574355352179	4.8	2.3999999999999986	1
"500 kb / 50 kb
(medium)"	All SNPs	12000	0.4298239683292647	0.20946125824675385	2.052045194070756	2.95	0.09999999999999964	1
"500 kb / 50 kb
(medium)"	p95	600	0.8102438175908858	0.00771123813402645	105.07311582242814	3.4	1.1000000000000014	1
"500 kb / 50 kb
(medium)"	p99	120	0.9170909510680191	0.013084666531762294	70.08898154506515	3.4	0.05000000000000071	1
"100 kb / 10 kb
(fine-scale)"	All SNPs	12000	0.4309349387205865	0.21588716114617365	1.9961119338116062	2.98	1.0799999999999983	1
"100 kb / 10 kb
(fine-scale)"	p95	600	0.8098693959526084	0.016178916396184944	50.05708516693856	3.07	1.5299999999999994	1
"100 kb / 10 kb
(fine-scale)"	p99	120	0.9163697587355215	0.024111014671965445	38.006271042628924	3.01	0.009999999999999787	1
"2 Mb / 200 kb
(conventional)"	All SNPs	12000	0.4319934704200458	0.18691063258903823	2.311230048479227	2.8	0.40000000000000036	1
"2 Mb / 200 kb
(conventional)"	p95	600	0.8095429006883805	0.24879220537343041	3.253891734563301	4.8	0.1999999999999993	1
"2 Mb / 200 kb
(conventional)"	p99	120	0.9283384850760424	0.01108521352755379	83.7456565693148	4.8	0.1999999999999993	1
"500 kb / 50 kb
(medium)"	All SNPs	12000	0.43112720401808485	0.21012893750203454	2.051726949858634	2.95	0.15000000000000036	1
"500 kb / 50 kb
(medium)"	p95	600	0.816349446051682	0.01008697941083358	80.93101143588233	3.4	0.34999999999999964	1
"500 kb / 50 kb
(medium)"	p99	120	0.930628633266635	0.01101453717785725	84.49094303639893	3.3	0.5	1
"100 kb / 10 kb
(fine-scale)"	All SNPs	12000	0.4324492697896024	0.21670031811194648	1.9956097598629317	2.99	1.3599999999999994	1
"100 kb / 10 kb
(fine-scale)"	p95	600	0.8172349688859254	0.017550942062486734	46.563595616481344	3.06	0.5500000000000007	1
"100 kb / 10 kb
(fine-scale)"	p99	120	0.9319592211351418	0.0192388277802346	48.44158031772648	2.97	0.6899999999999995	1
"2 Mb / 200 kb
(conventional)"	All SNPs	12000	0.43511280178446204	0.18805345000639995	2.3137719715838982	2.8	0.0	1
"2 Mb / 200 kb
(conventional)"	p95	600	0.8206756919347313	0.04358443389288157	18.829559515484913	14.8	2.3999999999999986	1
"2 Mb / 200 kb
(conventional)"	p99	120	0.9342703036682793	0.0063851619864142405	146.31896663798562	4.8	2.0	1
"500 kb / 50 kb
(medium)"	All SNPs	12000	0.4294744077738359	0.2096651723129727	2.0483822040445907	2.95	1.25	1
"500 kb / 50 kb
(medium)"	p95	600	0.8201448150102288	0.027409171836829192	29.92227637860315	13.35	1.6999999999999993	1
"500 kb / 50 kb
(medium)"	p99	120	0.934384201746008	0.009974570288221884	93.67663716294047	3.35	0.75	1
"100 kb / 10 kb
(fine-scale)"	All SNPs	12000	0.43383628366519644	0.21704536770372176	1.9988276564252943	3.0	0.02999999999999936	1
"100 kb / 10 kb
(fine-scale)"	p95	600	0.8202213606753739	0.015305974870101198	53.588312252988224	3.07	1.5199999999999996	1
"100 kb / 10 kb
(fine-scale)"	p99	120	0.9349777998272655	0.01854988573766937	50.40342636335491	3.0	0.6699999999999999	1
"2 Mb / 200 kb
(conventional)"	All SNPs	12000	0.4350549361016198	0.18877774398267405	2.30458806702102	2.8	0.1999999999999993	1
"2 Mb / 200 kb
(conventional)"	p95	600	0.8189227692205165	0.2883038444042471	2.8404850823711483	4.8	2.1999999999999993	1
"2 Mb / 200 kb
(conventional)"	p99	120	0.9320496645569649	0.004597626992330263	202.7240718117858	4.4	1.1999999999999993	1
"500 kb / 50 kb
(medium)"	All SNPs	12000	0.4294354685224294	0.2109427696223	2.0357913631803917	2.9	0.5500000000000007	1
"500 kb / 50 kb
(medium)"	p95	600	0.8199042186863535	0.00661744274479515	123.90046280811977	3.4	0.5500000000000007	1
"500 kb / 50 kb
(medium)"	p99	120	0.9323684335404375	0.010234508089687193	91.10046378095484	3.2	0.4499999999999993	1
"100 kb / 10 kb
(fine-scale)"	All SNPs	12000	0.4322622866120363	0.2187906018930573	1.975689462307535	2.98	1.1799999999999997	1
"100 kb / 10 kb
(fine-scale)"	p95	600	0.8207468967061343	0.014273344711496688	57.50207209982471	3.06	0.33999999999999986	1
"100 kb / 10 kb
(fine-scale)"	p99	120	0.9346725620781211	0.021814456344380364	42.84647516869714	2.84	0.4499999999999993	1
"2 Mb / 200 kb
(conventional)"	All SNPs	12000	0.4360418719853504	0.18990353464692195	2.2961229910547005	2.8	0.40000000000000036	1
"2 Mb / 200 kb
(conventional)"	p95	600	0.8155774509853595	0.01641774574488136	49.67657945608252	12.6	2.3999999999999986	1
"2 Mb / 200 kb
(conventional)"	p99	120	0.9259896046741339	0.004174555887499699	221.81751295914367	4.6	1.8000000000000007	1
"500 kb / 50 kb
(medium)"	All SNPs	12000	0.4323670447895319	0.21171543721304031	2.042208402377665	3.0	1.1999999999999993	1
"500 kb / 50 kb
(medium)"	p95	600	0.8152749854999771	0.008774468301843296	92.91446016492057	3.4	1.6999999999999993	1
"500 kb / 50 kb
(medium)"	p99	120	0.9264671625605148	0.0077922271899544225	118.89632321743609	3.3	0.9499999999999993	1
"100 kb / 10 kb
(fine-scale)"	All SNPs	12000	0.4333338222769644	0.21805663380242202	1.987253562162213	3.0	1.3599999999999994	1
"100 kb / 10 kb
(fine-scale)"	p95	600	0.8154944803746704	0.016837879408578765	48.43213688531244	3.08	1.5300000000000011	1
"100 kb / 10 kb
(fine-scale)"	p99	120	0.9281988078915407	0.021272687092556124	43.63335970923683	2.96	0.8000000000000007	1
"2 Mb / 200 kb
(conventional)"	All SNPs	12000	0.4326537170892448	0.18614691301862812	2.3242594253816513	2.8	0.40000000000000036	1
"2 Mb / 200 kb
(conventional)"	p95	600	0.8151618497746341	0.003139402062892782	259.6551296852715	4.8	2.0	1
"2 Mb / 200 kb
(conventional)"	p99	120	0.9286668958688192	0.0128690216698295	72.16297553107803	4.8	2.4000000000000004	1
"500 kb / 50 kb
(medium)"	All SNPs	12000	0.4255550991097476	0.20773009850271265	2.04859624184018	2.95	0.34999999999999964	1
"500 kb / 50 kb
(medium)"	p95	600	0.8156917070029635	0.006210625842536516	131.33808535305715	3.4	1.6999999999999993	1
"500 kb / 50 kb
(medium)"	p99	120	0.9290383691191941	0.01472481644362358	63.0933752333126	3.35	1.6999999999999993	1
"100 kb / 10 kb
(fine-scale)"	All SNPs	12000	0.42960980239026647	0.2147718497104659	2.0003077822788407	2.97	0.9199999999999999	1
"100 kb / 10 kb
(fine-scale)"	p95	600	0.8161963601238392	0.015346888459544957	53.18318187268821	3.06	0.3100000000000005	1
"100 kb / 10 kb
(fine-scale)"	p99	120	0.9281196613718481	0.02160304318291996	42.96244994342503	2.98	1.5	1
"2 Mb / 200 kb
(conventional)"	All SNPs	12000	0.42898768598808096	0.18553576449561293	2.312156295872673	2.8	0.40000000000000036	1
"2 Mb / 200 kb
(conventional)"	p95	600	0.8048360840947228	0.22100553479967944	3.641701031715022	4.8	0.1999999999999993	1
"2 Mb / 200 kb
(conventional)"	p99	120	0.9162925036980542	0.007650771895124163	119.76471345094048	4.8	0.8000000000000007	1
"500 kb / 50 kb
(medium)"	All SNPs	12000	0.4268121443749143	0.20743773897651546	2.0575433693057885	2.9	0.5	1
"500 kb / 50 kb
(medium)"	p95	600	0.8139008552147355	0.007276390195067801	111.85503160157997	3.4	1.6999999999999993	1
"500 kb / 50 kb
(medium)"	p99	120	0.9177854223179376	0.012298322915264764	74.62687625308455	3.35	0.09999999999999964	1
"100 kb / 10 kb
(fine-scale)"	All SNPs	12000	0.4301377915750311	0.215129722296943	1.9994345131971725	2.96	0.25	1
"100 kb / 10 kb
(fine-scale)"	p95	600	0.8148515962982885	0.01595502861980301	51.071772775569556	3.07	1.5399999999999991	1
"100 kb / 10 kb
(fine-scale)"	p99	120	0.9189113850626363	0.022587649226123073	40.68202830066515	3.01	0.14000000000000057	1
"2 Mb / 200 kb
(conventional)"	All SNPs	12000	0.42331899339040663	0.184421991896648	2.295382394674703	2.8	0.40000000000000036	1
"2 Mb / 200 kb
(conventional)"	p95	600	0.8150517911949282	0.006958815635744463	117.12507326797902	4.8	2.3999999999999986	1
"2 Mb / 200 kb
(conventional)"	p99	120	0.9228361595692989	0.006177156976933273	149.39496648949537	4.8	2.4000000000000004	1
"500 kb / 50 kb
(medium)"	All SNPs	12000	0.42153710277911155	0.20799513113303808	2.026668126714406	2.9	0.6999999999999993	1
"500 kb / 50 kb
(medium)"	p95	600	0.8149776635536304	0.008481915283343905	96.08415509101079	3.4	1.5500000000000007	1
"500 kb / 50 kb
(medium)"	p99	120	0.9234841588360247	0.00787349507829148	117.29024399624282	3.4	1.5999999999999996	1
"100 kb / 10 kb
(fine-scale)"	All SNPs	12000	0.4260982604087975	0.21636701155940272	1.9693309869088518	2.98	0.35999999999999943	1
"100 kb / 10 kb
(fine-scale)"	p95	600	0.8143031916892164	0.01648622513518	49.39294380686169	3.06	1.3399999999999999	1
"100 kb / 10 kb
(fine-scale)"	p99	120	0.9223521867781357	0.018476281522178672	49.920877513744145	3.03	0.009999999999999787	1
"2 Mb / 200 kb
(conventional)"	All SNPs	12000	0.43352311894969087	0.18846895116308432	2.3002362791023248	2.8	0.1999999999999993	1
"2 Mb / 200 kb
(conventional)"	p95	600	0.8269581531939758	0.006336771847285535	130.50148768543994	4.8	2.3999999999999986	1
"2 Mb / 200 kb
(conventional)"	p99	120	0.9372618135977713	0.004828358768571908	194.11602544915834	4.8	2.4000000000000004	1
"500 kb / 50 kb
(medium)"	All SNPs	12000	0.4264968641569216	0.21146342729648981	2.016882397157673	2.95	1.0500000000000007	1
"500 kb / 50 kb
(medium)"	p95	600	0.8258384463541693	0.007485789957069729	110.3208146488576	3.4	1.6999999999999993	1
"500 kb / 50 kb
(medium)"	p99	120	0.9372454422206594	0.007441830648761376	125.9428608976281	3.4	0.6500000000000004	1
"100 kb / 10 kb
(fine-scale)"	All SNPs	12000	0.4289920201084627	0.21858152576985238	1.9626179229810783	2.98	0.5299999999999994	1
"100 kb / 10 kb
(fine-scale)"	p95	600	0.8247062880742664	0.015192766377952718	54.28282562621743	3.07	0.9800000000000004	1
"100 kb / 10 kb
(fine-scale)"	p99	120	0.9380771522358189	0.018645386720546758	50.31148810671119	3.01	0.5800000000000001	1
"2 Mb / 200 kb
(conventional)"	All SNPs	12000	0.44267822652065947	0.18938700754504373	2.3374265862211963	2.8	0.40000000000000036	1
"2 Mb / 200 kb
(conventional)"	p95	600	0.8137730664664232	0.4391805321775565	1.852935198269268	4.8	2.1999999999999993	1
"2 Mb / 200 kb
(conventional)"	p99	120	0.9192794889468006	0.0032276027218422093	284.81804242069364	4.8	1.8000000000000007	1
"500 kb / 50 kb
(medium)"	All SNPs	12000	0.4351097485269916	0.21075260076500452	2.0645522140538235	3.05	1.0999999999999996	1
"500 kb / 50 kb
(medium)"	p95	600	0.8134113056446961	0.23525476094924602	3.457576383842799	3.4	0.75	1
"500 kb / 50 kb
(medium)"	p99	120	0.9195401087839977	0.005770096672704341	159.3630334018348	3.35	0.1999999999999993	1
"100 kb / 10 kb
(fine-scale)"	All SNPs	12000	0.4352953238787313	0.2164497236166353	2.0110689753048803	3.0	0.2400000000000002	1
"100 kb / 10 kb
(fine-scale)"	p95	600	0.8140901425378407	0.015657851965613978	51.992453647259815	3.07	0.7899999999999991	1
"100 kb / 10 kb
(fine-scale)"	p99	120	0.9207077469953182	0.01858945302969084	49.528501216511074	2.99	0.11999999999999922	1
"2 Mb / 200 kb
(conventional)"	All SNPs	12000	0.4277355178314854	0.1862735687935078	2.2962759590741966	2.8	0.40000000000000036	1
"2 Mb / 200 kb
(conventional)"	p95	600	0.8076785174623634	0.01750059099042907	46.15149956387623	4.8	1.3999999999999986	1
"2 Mb / 200 kb
(conventional)"	p99	120	0.9271465095637549	0.012982442544775655	71.41541403831235	4.8	2.3999999999999986	1
"500 kb / 50 kb
(medium)"	All SNPs	12000	0.42447656065495076	0.20916943064604993	2.029343194863101	2.95	1.1499999999999986	1
"500 kb / 50 kb
(medium)"	p95	600	0.8135682799329373	0.006397299098248598	127.17371306832749	3.4	1.6999999999999993	1
"500 kb / 50 kb
(medium)"	p99	120	0.9276623039748078	0.016164559205598297	57.388654535876796	3.35	1.6999999999999993	1
"100 kb / 10 kb
(fine-scale)"	All SNPs	12000	0.42974791622809794	0.21691267248707344	1.9812024410593534	2.97	1.2300000000000004	1
"100 kb / 10 kb
(fine-scale)"	p95	600	0.8143616139416254	0.016826595888438527	48.39728839635172	3.06	1.5399999999999991	1
"100 kb / 10 kb
(fine-scale)"	p99	120	0.9255695951834845	0.02460272696699572	37.62060996023431	3.01	1.5	1
"2 Mb / 200 kb
(conventional)"	All SNPs	12000	0.42926161585947464	0.1862565919715735	2.3046787837983667	2.8	0.40000000000000036	1
"2 Mb / 200 kb
(conventional)"	p95	600	0.8116845809883856	0.5333819824256449	1.5217697780062094	4.8	2.4000000000000004	1
"2 Mb / 200 kb
(conventional)"	p99	120	0.9411981208913344	0.008304312340244308	113.33847792912434	4.8	1.8000000000000007	1
"500 kb / 50 kb
(medium)"	All SNPs	12000	0.42503232691250803	0.2093753341500551	2.0300019037003465	2.9	0.15000000000000036	1
"500 kb / 50 kb
(medium)"	p95	600	0.8209712464957128	0.007544264543097789	108.82058042978032	3.4	1.6999999999999993	1
"500 kb / 50 kb
(medium)"	p99	120	0.9414883267363188	0.010728627917477284	87.75477479301931	3.35	1.1499999999999986	1
"100 kb / 10 kb
(fine-scale)"	All SNPs	12000	0.42913586176902724	0.21614920258150544	1.9853687020067026	2.98	0.0600000000000005	1
"100 kb / 10 kb
(fine-scale)"	p95	600	0.8207298299050728	0.01488400842571477	55.14172032361364	3.05	0.35999999999999943	1
"100 kb / 10 kb
(fine-scale)"	p99	120	0.9411139893853707	0.022738436101495483	41.38868588783354	3.02	1.2199999999999989	1
"2 Mb / 200 kb
(conventional)"	All SNPs	12000	0.429372139765759	0.18612515869159077	2.306900060067797	2.8	0.0	1
"2 Mb / 200 kb
(conventional)"	p95	600	0.8096048368018803	0.019170853407594057	42.231027465953886	13.0	2.4000000000000004	1
"2 Mb / 200 kb
(conventional)"	p99	120	0.9204472273484937	0.009798456219002043	93.93798439018181	4.8	1.5999999999999996	1
"500 kb / 50 kb
(medium)"	All SNPs	12000	0.42403094572615463	0.2083633606016716	2.0350552251687613	3.0	0.4499999999999993	1
"500 kb / 50 kb
(medium)"	p95	600	0.8086869566228545	0.007795629558639278	103.73593954662081	3.4	1.6500000000000004	1
"500 kb / 50 kb
(medium)"	p99	120	0.9201314112636517	0.012626750758812161	72.87159054925476	3.4	0.9499999999999993	1
"100 kb / 10 kb
(fine-scale)"	All SNPs	12000	0.42754845411147974	0.21559778183584408	1.983083733380034	3.0	0.6500000000000004	1
"100 kb / 10 kb
(fine-scale)"	p95	600	0.8090199066067563	0.015807381891087928	51.179879892879356	3.08	0.41999999999999993	1
"100 kb / 10 kb
(fine-scale)"	p99	120	0.9216002923073154	0.0260611212300804	35.36303308560574	3.07	0.7599999999999998	1
"2 Mb / 200 kb
(conventional)"	All SNPs	12000	0.4235800619245568	0.18595868104848087	2.277818166575005	2.8	0.1999999999999993	1
"2 Mb / 200 kb
(conventional)"	p95	600	0.8093438644135819	0.004206978499573654	192.38126947775055	4.8	1.8000000000000007	1
"2 Mb / 200 kb
(conventional)"	p99	120	0.9156585642937519	0.007602516107286204	120.44151585765013	4.8	0.1999999999999993	1
"500 kb / 50 kb
(medium)"	All SNPs	12000	0.41850558148628797	0.20858455556020802	2.0064073313687225	2.9	0.4499999999999993	1
"500 kb / 50 kb
(medium)"	p95	600	0.809826347614882	0.008423664346286679	96.13706272281253	3.4	1.6999999999999993	1
"500 kb / 50 kb
(medium)"	p99	120	0.9171216977386878	0.011507201658578966	79.69980234551169	3.35	0.75	1
"100 kb / 10 kb
(fine-scale)"	All SNPs	12000	0.42439361900805256	0.21630952833037953	1.9619737617838848	2.97	1.4000000000000004	1
"100 kb / 10 kb
(fine-scale)"	p95	600	0.8099039098523264	0.01716892531084619	47.172661956929986	3.06	0.9199999999999999	1
"100 kb / 10 kb
(fine-scale)"	p99	120	0.9187602826044179	0.02170036845768159	42.33846463925782	3.01	0.5199999999999996	1
"2 Mb / 200 kb
(conventional)"	All SNPs	12000	0.4370314085499811	0.18825300144900942	2.3215109729252115	2.8	0.40000000000000036	1
"2 Mb / 200 kb
(conventional)"	p95	600	0.8126546223370019	0.4863113732734509	1.6710582293539114	4.8	1.3999999999999986	1
"2 Mb / 200 kb
(conventional)"	p99	120	0.9155278167864539	0.005989591028860593	152.8531434575452	4.8	1.1999999999999993	1
"500 kb / 50 kb
(medium)"	All SNPs	12000	0.4309006859179603	0.21020908438134983	2.0498670986846785	3.0	1.25	1
"500 kb / 50 kb
(medium)"	p95	600	0.8122843527389343	0.005544427048635775	146.50465153812414	3.4	0.6500000000000004	1
"500 kb / 50 kb
(medium)"	p99	120	0.9152483754820592	0.010042437366981202	91.13807156929141	3.4	1.1999999999999993	1
"100 kb / 10 kb
(fine-scale)"	All SNPs	12000	0.43225585547757195	0.21706216684690796	1.9913919673640694	2.99	0.23000000000000043	1
"100 kb / 10 kb
(fine-scale)"	p95	600	0.8127599656493626	0.015432601125471537	52.665131369714516	3.07	1.5299999999999994	1
"100 kb / 10 kb
(fine-scale)"	p99	120	0.9164868200893597	0.022263495838746532	41.165449789531316	3.05	1.2799999999999994	1
"2 Mb / 200 kb
(conventional)"	All SNPs	12000	0.4261888558418103	0.1865363163278006	2.284750038125916	2.8	0.0	1
"2 Mb / 200 kb
(conventional)"	p95	600	0.8054285107499056	0.017018834076789776	47.3257161516338	4.8	1.3999999999999986	1
"2 Mb / 200 kb
(conventional)"	p99	120	0.9237598977394499	0.00971260291239012	95.1094064147349	4.8	2.3999999999999986	1
"500 kb / 50 kb
(medium)"	All SNPs	12000	0.42651235630586737	0.20973149398091	2.0336113962202025	2.9	0.6500000000000004	1
"500 kb / 50 kb
(medium)"	p95	600	0.8107679576353163	0.006424361403601537	126.20210892568944	3.4	0.6999999999999993	1
"500 kb / 50 kb
(medium)"	p99	120	0.9232219145554147	0.011483021487181421	80.39886676046143	3.4	1.6999999999999993	1
"100 kb / 10 kb
(fine-scale)"	All SNPs	12000	0.4300856144404396	0.2168448204457206	1.9833796977783762	3.0	0.8100000000000005	1
"100 kb / 10 kb
(fine-scale)"	p95	600	0.8105122792684594	0.01625526472518806	49.86152443352979	3.08	0.8100000000000005	1
"100 kb / 10 kb
(fine-scale)"	p99	120	0.9224405882696923	0.019736294024867856	46.7382877001838	3.02	0.6500000000000004	1
"2 Mb / 200 kb
(conventional)"	All SNPs	12000	0.4308747121831508	0.18655779474817705	2.3096044459828775	2.8	0.40000000000000036	1
"2 Mb / 200 kb
(conventional)"	p95	600	0.8055920681508514	0.014942232177482015	53.91376994963851	4.8	1.0	1
"2 Mb / 200 kb
(conventional)"	p99	120	0.9274789279924573	0.0077963738768924255	118.96285922631294	4.8	2.1999999999999993	1
"500 kb / 50 kb
(medium)"	All SNPs	12000	0.42668030378293453	0.20897584248481826	2.0417685542477577	2.9	0.09999999999999964	1
"500 kb / 50 kb
(medium)"	p95	600	0.8123324743971587	0.015662580873213167	51.86453503243807	3.4	0.05000000000000071	1
"500 kb / 50 kb
(medium)"	p99	120	0.926325345013398	0.012629465435177773	73.34636210597135	3.35	1.3999999999999986	1
"100 kb / 10 kb
(fine-scale)"	All SNPs	12000	0.43073904576914096	0.2170320413671636	1.9846795111715274	3.0	1.1500000000000004	1
"100 kb / 10 kb
(fine-scale)"	p95	600	0.8146816631986943	0.0175214524903131	46.49624017467152	3.07	0.1999999999999993	1
"100 kb / 10 kb
(fine-scale)"	p99	120	0.9256263242198958	0.022958498991965854	40.31737112011597	3.01	0.5500000000000007	1
"2 Mb / 200 kb
(conventional)"	All SNPs	12000	0.4417918775558679	0.1912395609634154	2.310148984500042	2.8	0.40000000000000036	1
"2 Mb / 200 kb
(conventional)"	p95	600	0.8149396277841272	0.02951771151489718	27.608496253947006	9.0	2.0	1
"2 Mb / 200 kb
(conventional)"	p99	120	0.929954942988017	0.005673454248069639	163.91335900953618	4.6	2.1999999999999993	1
"500 kb / 50 kb
(medium)"	All SNPs	12000	0.43400402166377594	0.21248097154897252	2.0425547685513425	2.95	1.1000000000000014	1
"500 kb / 50 kb
(medium)"	p95	600	0.8141770817654566	0.01862973056406327	43.7031055798522	7.7	0.40000000000000036	1
"500 kb / 50 kb
(medium)"	p99	120	0.9299566690525514	0.009516732019201906	97.71806825874452	3.25	1.5999999999999996	1
"100 kb / 10 kb
(fine-scale)"	All SNPs	12000	0.4341252912197836	0.21814368063024148	1.9900887798608107	2.96	0.22000000000000064	1
"100 kb / 10 kb
(fine-scale)"	p95	600	0.8139400618999566	0.016577452508415823	49.09922447292467	3.06	0.21000000000000085	1
"100 kb / 10 kb
(fine-scale)"	p99	120	0.9289877563165347	0.01614873012894674	57.52698502598146	2.88	1.4100000000000001	1
"2 Mb / 200 kb
(conventional)"	All SNPs	12000	0.44020353487933583	0.18941400090108435	2.3240284920079306	2.8	0.40000000000000036	1
"2 Mb / 200 kb
(conventional)"	p95	600	0.815355833655415	0.006096154445582842	133.74920877311538	4.8	2.0	1
"2 Mb / 200 kb
(conventional)"	p99	120	0.9218785944284786	0.005333355199038195	172.85152779524753	4.8	2.1999999999999993	1
"500 kb / 50 kb
(medium)"	All SNPs	12000	0.42883529511404045	0.2101990510922867	2.0401390628817	2.95	0.5999999999999996	1
"500 kb / 50 kb
(medium)"	p95	600	0.8145733571996598	0.008256940461270094	98.65317075016925	3.4	1.1999999999999993	1
"500 kb / 50 kb
(medium)"	p99	120	0.9217827343344681	0.00778093155459338	118.46688637047637	3.4	0.15000000000000036	1
"100 kb / 10 kb
(fine-scale)"	All SNPs	12000	0.43008856796694234	0.21728485018004043	1.9793766919809388	3.0	0.5099999999999998	1
"100 kb / 10 kb
(fine-scale)"	p95	600	0.8147095667948552	0.014644981253605159	55.63063227508727	3.08	1.0100000000000016	1
"100 kb / 10 kb
(fine-scale)"	p99	120	0.9222596780106115	0.021884912174171628	42.141347000654356	3.01	0.2599999999999998	1
"2 Mb / 200 kb
(conventional)"	All SNPs	12000	0.4370595773263225	0.18779274892301756	2.3273506556181656	2.8	0.1999999999999993	1
"2 Mb / 200 kb
(conventional)"	p95	600	0.8127168526688454	0.5933729919264146	1.369655956248228	4.8	0.1999999999999993	1
"2 Mb / 200 kb
(conventional)"	p99	120	0.922690181374863	0.008091420736727	114.03314836747612	4.6	2.3999999999999986	1
"500 kb / 50 kb
(medium)"	All SNPs	12000	0.43433208017774716	0.20983623130154783	2.069862184827294	2.95	0.09999999999999964	1
"500 kb / 50 kb
(medium)"	p95	600	0.8135367808935259	0.0062364259364058	130.44920106313108	3.4	0.34999999999999964	1
"500 kb / 50 kb
(medium)"	p99	120	0.9222902378645946	0.010365637713602561	88.97573534277556	3.3	1.6999999999999993	1
"100 kb / 10 kb
(fine-scale)"	All SNPs	12000	0.4370643740616331	0.21669294296811287	2.0169755787845323	2.98	0.27999999999999936	1
"100 kb / 10 kb
(fine-scale)"	p95	600	0.8130672145569349	0.015200497461684993	53.489513524566284	3.08	0.41999999999999993	1
"100 kb / 10 kb
(fine-scale)"	p99	120	0.921188909960008	0.01908300011198166	48.2727508543911	2.92	0.6199999999999992	1
"2 Mb / 200 kb
(conventional)"	All SNPs	12000	0.4293171011459787	0.1867055736548077	2.2994337701975924	2.8	0.40000000000000036	1
"2 Mb / 200 kb
(conventional)"	p95	600	0.8194881125440026	0.0044520451706598985	184.0700354849578	4.8	1.6000000000000014	1
"2 Mb / 200 kb
(conventional)"	p99	120	0.9304765086460255	0.008966982813966993	103.7669557252539	4.8	2.0	1
"500 kb / 50 kb
(medium)"	All SNPs	12000	0.4267646582548941	0.21045442661312663	2.0278245752435775	2.95	0.09999999999999964	1
"500 kb / 50 kb
(medium)"	p95	600	0.8192137301027929	0.008833476022908505	92.73967891895167	3.4	0.8499999999999996	1
"500 kb / 50 kb
(medium)"	p99	120	0.9308995269854038	0.00964555673198897	96.51070983783917	3.35	0.34999999999999964	1
"100 kb / 10 kb
(fine-scale)"	All SNPs	12000	0.42966643225133705	0.21730734313445182	1.9772292369590796	2.98	0.009999999999999787	1
"100 kb / 10 kb
(fine-scale)"	p95	600	0.819288773695582	0.01876700803990214	43.655801284553306	3.08	1.0599999999999987	1
"100 kb / 10 kb
(fine-scale)"	p99	120	0.9339781681077225	0.022710756786529684	41.12492493696592	2.99	0.7599999999999998	1
"2 Mb / 200 kb
(conventional)"	All SNPs	12000	0.4283098007033104	0.1866673863237395	2.2945079434523583	2.8	0.40000000000000036	1
"2 Mb / 200 kb
(conventional)"	p95	600	0.8127154283975168	0.006018774655601692	135.03004762624232	4.8	2.3999999999999986	1
"2 Mb / 200 kb
(conventional)"	p99	120	0.9284066800769581	0.004160314699459261	223.15780106673859	4.8	1.8000000000000007	1
"500 kb / 50 kb
(medium)"	All SNPs	12000	0.4233439206639989	0.20896313006727474	2.0259263944204187	2.95	1.25	1
"500 kb / 50 kb
(medium)"	p95	600	0.8129474767533722	0.00929149916171234	87.49368240846435	3.4	1.6999999999999993	1
"500 kb / 50 kb
(medium)"	p99	120	0.9276214608171416	0.0075367462019910484	123.07983259036688	3.35	1.0500000000000007	1
"100 kb / 10 kb
(fine-scale)"	All SNPs	12000	0.4275242855240015	0.21655786033893715	1.9741804100524378	2.99	1.0700000000000003	1
"100 kb / 10 kb
(fine-scale)"	p95	600	0.813016763185099	0.01740039701875992	46.72403522221705	3.07	1.5399999999999991	1
"100 kb / 10 kb
(fine-scale)"	p99	120	0.9287898634441062	0.017870772674530248	51.972563266267414	2.99	0.9800000000000004	1
"2 Mb / 200 kb
(conventional)"	All SNPs	12000	0.4343645191127015	0.18665884202537164	2.3270503256077224	2.8	0.40000000000000036	1
"2 Mb / 200 kb
(conventional)"	p95	600	0.8169278045753314	0.004368402445922204	187.00836625936637	4.8	2.4000000000000004	1
"2 Mb / 200 kb
(conventional)"	p99	120	0.928076585277632	0.005387693305729588	172.25861470077763	4.8	1.6000000000000014	1
"500 kb / 50 kb
(medium)"	All SNPs	12000	0.42779663493223763	0.20959590294746017	2.0410543761414757	3.0	0.3000000000000007	1
"500 kb / 50 kb
(medium)"	p95	600	0.8163673868518307	0.00654301216968787	124.76935174197835	3.4	1.6999999999999993	1
"500 kb / 50 kb
(medium)"	p99	120	0.9288600801735257	0.008976542080365501	103.47638008685244	3.4	0.8499999999999996	1
"100 kb / 10 kb
(fine-scale)"	All SNPs	12000	0.42884890176340695	0.21629590124620185	1.9826954615994488	3.0	1.3500000000000014	1
"100 kb / 10 kb
(fine-scale)"	p95	600	0.8163046228816363	0.017889714005438644	45.629830786197694	3.08	0.6500000000000004	1
"100 kb / 10 kb
(fine-scale)"	p99	120	0.9298475518216912	0.020440774389717198	45.48983977287349	3.05	1.0199999999999996	1
"2 Mb / 200 kb
(conventional)"	All SNPs	12000	0.43468023145140045	0.18662028781201392	2.329222811451571	2.8	0.1999999999999993	1
"2 Mb / 200 kb
(conventional)"	p95	600	0.811083866141439	0.1586206204699946	5.11335703856276	4.8	2.1999999999999993	1
"2 Mb / 200 kb
(conventional)"	p99	120	0.9201364080434008	0.004893589317382969	188.0289391622831	4.8	2.1999999999999993	1
"500 kb / 50 kb
(medium)"	All SNPs	12000	0.43307225140061195	0.20899106337261106	2.0722046407720582	2.95	0.1999999999999993	1
"500 kb / 50 kb
(medium)"	p95	600	0.8153417996360537	0.006764835463673282	120.526479027374	3.4	1.6000000000000014	1
"500 kb / 50 kb
(medium)"	p99	120	0.9185108769063522	0.008472328037875699	108.41304453747925	3.4	1.5	1
"100 kb / 10 kb
(fine-scale)"	All SNPs	12000	0.43773353410798366	0.2162069821448409	2.02460406118956	2.99	0.41000000000000014	1
"100 kb / 10 kb
(fine-scale)"	p95	600	0.8143557454636264	0.014721835641156908	55.31618239148	3.07	1.4100000000000001	1
"100 kb / 10 kb
(fine-scale)"	p99	120	0.9160039395854938	0.018426983481214194	49.709923521629825	3.0	1.129999999999999	1
"2 Mb / 200 kb
(conventional)"	All SNPs	12000	0.4368412921676112	0.18924334442649476	2.3083574933188076	2.8	0.40000000000000036	1
"2 Mb / 200 kb
(conventional)"	p95	600	0.8197617460020843	0.005905841392900611	138.80524238045348	4.8	2.3999999999999986	1
"2 Mb / 200 kb
(conventional)"	p99	120	0.9259668191299475	0.008592814974045427	107.76059090377574	4.8	0.0	1
"500 kb / 50 kb
(medium)"	All SNPs	12000	0.4320329989595167	0.21182810386279372	2.0395452306902353	3.0	1.1999999999999993	1
"500 kb / 50 kb
(medium)"	p95	600	0.8193797428290843	0.006348994016277066	129.05662546356496	3.4	1.6999999999999993	1
"500 kb / 50 kb
(medium)"	p99	120	0.928620732628141	0.010611154011552333	87.5136419297236	3.4	1.6999999999999993	1
"100 kb / 10 kb
(fine-scale)"	All SNPs	12000	0.43109872553617684	0.2179550386477045	1.977925026238971	2.98	1.3999999999999986	1
"100 kb / 10 kb
(fine-scale)"	p95	600	0.8192178653989902	0.013247072399786775	61.841427349047805	3.06	1.5100000000000016	1
"100 kb / 10 kb
(fine-scale)"	p99	120	0.9276224855000594	0.021032730910810555	44.10375853871041	3.04	0.5299999999999994	1
"2 Mb / 200 kb
(conventional)"	All SNPs	12000	0.43267251653583705	0.1883303767184753	2.2974122607029845	2.8	0.1999999999999993	1
"2 Mb / 200 kb
(conventional)"	p95	600	0.8081456309432624	0.02209888090937691	36.56952740083564	4.8	1.6000000000000014	1
"2 Mb / 200 kb
(conventional)"	p99	120	0.9260813955788407	0.007530085135491276	122.98418662147324	4.8	2.3999999999999986	1
"500 kb / 50 kb
(medium)"	All SNPs	12000	0.42724083689636416	0.2099921409799337	2.0345563167394447	2.9	0.8000000000000007	1
"500 kb / 50 kb
(medium)"	p95	600	0.8141652023302719	0.007442985066776214	109.38691869267876	3.4	1.6999999999999993	1
"500 kb / 50 kb
(medium)"	p99	120	0.9250034645383595	0.008590899206866606	107.67248483127527	3.35	1.6499999999999986	1
"100 kb / 10 kb
(fine-scale)"	All SNPs	12000	0.43243050908106956	0.21710567250436344	1.9917973772535975	2.98	0.6500000000000004	1
"100 kb / 10 kb
(fine-scale)"	p95	600	0.813813677537181	0.013859392496707526	58.71928930005502	3.05	0.6099999999999994	1
"100 kb / 10 kb
(fine-scale)"	p99	120	0.9249264205825616	0.020936803251142125	44.17706034143994	2.97	0.019999999999999574	1
"2 Mb / 200 kb
(conventional)"	All SNPs	12000	0.4431050681612831	0.1896841750143998	2.3360149476235694	3.0	0.40000000000000036	1
"2 Mb / 200 kb
(conventional)"	p95	600	0.8170229838899686	0.3195036366256757	2.5571633315935522	4.8	2.4000000000000004	1
"2 Mb / 200 kb
(conventional)"	p99	120	0.9271094291224401	0.011054659816448957	83.86593929764649	4.8	2.4000000000000004	1
"500 kb / 50 kb
(medium)"	All SNPs	12000	0.4378141089930201	0.21019254582778038	2.0829192932071896	3.0	1.1000000000000014	1
"500 kb / 50 kb
(medium)"	p95	600	0.8169524512262057	0.009727016084844975	83.98798193610945	3.4	1.5500000000000007	1
"500 kb / 50 kb
(medium)"	p99	120	0.9276344980599315	0.012823072873697345	72.34104548861241	3.4	0.6500000000000004	1
"100 kb / 10 kb
(fine-scale)"	All SNPs	12000	0.4399265207092322	0.21673803583518084	2.0297614999324614	2.99	0.17999999999999972	1
"100 kb / 10 kb
(fine-scale)"	p95	600	0.8162341861402787	0.018694034423286047	43.66281604379332	3.07	1.5299999999999994	1
"100 kb / 10 kb
(fine-scale)"	p99	120	0.9288583353608838	0.018387795348508665	50.51493763966752	3.05	1.5299999999999994	1
"2 Mb / 200 kb
(conventional)"	All SNPs	12000	0.43614118692629034	0.1874566754969229	2.3266239293433406	2.8	0.40000000000000036	1
"2 Mb / 200 kb
(conventional)"	p95	600	0.817831171288039	0.13156184119719275	6.216325066948742	15.0	1.0	1
"2 Mb / 200 kb
(conventional)"	p99	120	0.9367886479922352	0.010853731460864817	86.31028428978586	4.8	2.4000000000000004	1
"500 kb / 50 kb
(medium)"	All SNPs	12000	0.43203032141305037	0.21061874871499797	2.0512434151703127	2.95	0.6999999999999993	1
"500 kb / 50 kb
(medium)"	p95	600	0.8191124439102806	0.010086970994586988	81.20499646026981	5.2	1.6999999999999993	1
"500 kb / 50 kb
(medium)"	p99	120	0.9359010353401915	0.010997819298727653	85.09878276036657	3.35	1.6999999999999993	1
"100 kb / 10 kb
(fine-scale)"	All SNPs	12000	0.4337113463920828	0.2177939940657508	1.9913834091363773	3.02	0.9199999999999999	1
"100 kb / 10 kb
(fine-scale)"	p95	600	0.8198761295530123	0.013236400699523105	61.94101766521405	3.06	1.5199999999999996	1
"100 kb / 10 kb
(fine-scale)"	p99	120	0.9336398957993003	0.018968301764378616	49.22105876408095	2.99	1.4299999999999997	1
"2 Mb / 200 kb
(conventional)"	All SNPs	12000	0.43024503830076355	0.18687608182521218	2.302301258130924	2.8	0.0	1
"2 Mb / 200 kb
(conventional)"	p95	600	0.8027519204358193	0.4817040125399838	1.6664837733092102	14.2	2.4000000000000004	1
"2 Mb / 200 kb
(conventional)"	p99	120	0.9147100035592953	0.004211574937695223	217.1895352905364	4.8	2.0	1
"500 kb / 50 kb
(medium)"	All SNPs	12000	0.4232768445414144	0.20786022884459052	2.0363532114548137	2.9	0.6999999999999993	1
"500 kb / 50 kb
(medium)"	p95	600	0.8134960803688518	0.14266092370961003	5.70230487238919	3.4	1.6500000000000004	1
"500 kb / 50 kb
(medium)"	p99	120	0.9159764393035751	0.00909062808636023	100.76052288157355	3.35	0.5999999999999996	1
"100 kb / 10 kb
(fine-scale)"	All SNPs	12000	0.4274944712188275	0.21504249021874913	1.9879535006498688	2.97	0.6199999999999992	1
"100 kb / 10 kb
(fine-scale)"	p95	600	0.8132047224475925	0.013568392254914838	59.93375686445295	3.08	1.5399999999999991	1
"100 kb / 10 kb
(fine-scale)"	p99	120	0.9172774530263124	0.022710721836400896	40.389621238550596	3.03	0.6199999999999992	1
"2 Mb / 200 kb
(conventional)"	All SNPs	12000	0.43436182702602055	0.1869294641708907	2.323666998953827	2.8	0.40000000000000036	1
"2 Mb / 200 kb
(conventional)"	p95	600	0.8147498116391451	0.004925410994810264	165.41762961458826	4.8	2.1999999999999993	1
"2 Mb / 200 kb
(conventional)"	p99	120	0.9216016675619675	0.00770039920077706	119.68232341369615	4.8	2.4000000000000004	1
"500 kb / 50 kb
(medium)"	All SNPs	12000	0.4308395866970139	0.20965773099962315	2.0549663713463935	3.0	1.1999999999999993	1
"500 kb / 50 kb
(medium)"	p95	600	0.8143450396579389	0.008109924360198617	100.41339517968021	3.4	1.1499999999999986	1
"500 kb / 50 kb
(medium)"	p99	120	0.920151232935837	0.0070168328975813935	131.13483623829785	3.3	1.6500000000000004	1
"100 kb / 10 kb
(fine-scale)"	All SNPs	12000	0.4331895671598491	0.21631043511751818	2.002629077624035	2.99	0.07000000000000028	1
"100 kb / 10 kb
(fine-scale)"	p95	600	0.8154453654476423	0.01699338718679587	47.98604048057331	3.06	0.5399999999999991	1
"100 kb / 10 kb
(fine-scale)"	p99	120	0.9209364811912228	0.016632517164745564	55.36963960832389	2.95	0.7799999999999994	1
"2 Mb / 200 kb
(conventional)"	All SNPs	12000	0.43888053876034666	0.19013105808459776	2.308305350959911	2.8	0.40000000000000036	1
"2 Mb / 200 kb
(conventional)"	p95	600	0.8129262870740206	0.003736546555470187	217.56086134773886	4.8	2.0	1
"2 Mb / 200 kb
(conventional)"	p99	120	0.9253041159138847	0.0041827457410052865	221.21930741396105	4.6	2.1999999999999993	1
"500 kb / 50 kb
(medium)"	All SNPs	12000	0.4346312129365052	0.21215548003126633	2.0486447621925747	2.95	1.1500000000000004	1
"500 kb / 50 kb
(medium)"	p95	600	0.8129390629178881	0.006175131078141961	131.6472561684462	3.4	0.09999999999999964	1
"500 kb / 50 kb
(medium)"	p99	120	0.9250777850686063	0.008623348308980098	107.27593875632483	3.25	0.4499999999999993	1
"100 kb / 10 kb
(fine-scale)"	All SNPs	12000	0.43415636276047637	0.21852778179765608	1.9867330331595079	2.98	0.9900000000000002	1
"100 kb / 10 kb
(fine-scale)"	p95	600	0.8128807026081382	0.014833337137179308	54.800932190146035	3.08	1.0300000000000011	1
"100 kb / 10 kb
(fine-scale)"	p99	120	0.9241733790006043	0.017921857999990277	51.56682856214493	2.91	0.6500000000000004	1
"2 Mb / 200 kb
(conventional)"	All SNPs	12000	0.4325548773023529	0.1884328613351242	2.2955384439716298	2.8	0.1999999999999993	1
"2 Mb / 200 kb
(conventional)"	p95	600	0.8183458888745192	0.2934727607019939	2.788490103534707	4.8	2.1999999999999993	1
"2 Mb / 200 kb
(conventional)"	p99	120	0.9350204774983524	0.010111510318499523	92.47090177890486	4.8	2.3999999999999986	1
"500 kb / 50 kb
(medium)"	All SNPs	12000	0.4295229798081893	0.2108568164026653	2.0370362558635313	2.95	0.5	1
"500 kb / 50 kb
(medium)"	p95	600	0.8191451194000471	0.25344842418661995	3.2319992599239504	3.4	0.1999999999999993	1
"500 kb / 50 kb
(medium)"	p99	120	0.9335753506265908	0.012341162743094648	75.64727652173309	3.3	1.6499999999999986	1
"100 kb / 10 kb
(fine-scale)"	All SNPs	12000	0.43321477720741597	0.2181143423150831	1.9861819842255197	2.98	0.6899999999999995	1
"100 kb / 10 kb
(fine-scale)"	p95	600	0.8193892745471468	0.05300769032336254	15.457932038702888	3.07	1.3200000000000003	1
"100 kb / 10 kb
(fine-scale)"	p99	120	0.9318913339815889	0.02532445198960486	36.79808488507906	2.9	1.0899999999999999	1
"2 Mb / 200 kb
(conventional)"	All SNPs	12000	0.4335102326053083	0.18869629542567107	2.297396626824989	2.8	0.40000000000000036	1
"2 Mb / 200 kb
(conventional)"	p95	600	0.8133978524809458	0.00755726622024311	107.6312291741364	4.8	2.1999999999999993	1
"2 Mb / 200 kb
(conventional)"	p99	120	0.9239180302993727	0.009601972740036966	96.22168853353939	4.8	2.1999999999999993	1
"500 kb / 50 kb
(medium)"	All SNPs	12000	0.43318781554438057	0.21116476584771554	2.0514209072965333	2.95	1.1999999999999993	1
"500 kb / 50 kb
(medium)"	p95	600	0.8131589532868363	0.007740664893824583	105.05027209427003	3.4	1.4499999999999993	1
"500 kb / 50 kb
(medium)"	p99	120	0.9239315238568625	0.011019251229233099	83.84703321816949	3.35	1.5	1
"100 kb / 10 kb
(fine-scale)"	All SNPs	12000	0.438226776509036	0.21788034180150556	2.011318565436581	3.01	1.1900000000000013	1
"100 kb / 10 kb
(fine-scale)"	p95	600	0.8137688171709374	0.013703027952554582	59.38605832145522	3.07	1.2699999999999996	1
"100 kb / 10 kb
(fine-scale)"	p99	120	0.924781874161128	0.02107888552108648	43.87242737458832	3.03	0.1899999999999995	1
"2 Mb / 200 kb
(conventional)"	All SNPs	12000	0.4399579138429003	0.1888681213376606	2.3294450684789654	2.8	0.40000000000000036	1
"2 Mb / 200 kb
(conventional)"	p95	600	0.808028447617938	0.33024435569383775	2.446759297127983	4.8	1.6000000000000014	1
"2 Mb / 200 kb
(conventional)"	p99	120	0.9238472546356065	0.004436338784490797	208.24542477804604	4.8	1.5999999999999996	1
"500 kb / 50 kb
(medium)"	All SNPs	12000	0.4315487640675923	0.20894029235022896	2.065416675804318	3.0	1.1000000000000014	1
"500 kb / 50 kb
(medium)"	p95	600	0.812209832644641	0.0061194200918310475	132.7266016152214	3.4	1.6999999999999993	1
"500 kb / 50 kb
(medium)"	p99	120	0.9232527004230631	0.00835994932989974	110.4375952520439	3.35	0.8499999999999996	1
"100 kb / 10 kb
(fine-scale)"	All SNPs	12000	0.4339206012875331	0.21550563334784534	2.0135000396353746	2.99	1.2799999999999994	1
"100 kb / 10 kb
(fine-scale)"	p95	600	0.8117467797186716	0.015156310839349622	53.55833542362904	3.04	1.5300000000000011	1
"100 kb / 10 kb
(fine-scale)"	p99	120	0.9242710148090292	0.019764410412884324	46.76441115625192	3.02	1.2100000000000009	1
"2 Mb / 200 kb
(conventional)"	All SNPs	12000	0.43908978100622703	0.1888489096835041	2.3250850732583364	2.8	0.40000000000000036	1
"2 Mb / 200 kb
(conventional)"	p95	600	0.8110029013679971	0.5400473284114052	1.5017256057050232	8.2	0.1999999999999993	1
"2 Mb / 200 kb
(conventional)"	p99	120	0.9140669969089446	0.011201211630649764	81.60429666446012	4.8	1.8000000000000007	1
"500 kb / 50 kb
(medium)"	All SNPs	12000	0.43206321884598115	0.21049777082930635	2.052578595696119	3.0	0.8499999999999996	1
"500 kb / 50 kb
(medium)"	p95	600	0.8115863770972493	0.21057825626753265	3.854084422021977	3.4	0.25	1
"500 kb / 50 kb
(medium)"	p99	120	0.9132694117384356	0.013978710827991436	65.33287818714116	3.4	1.0500000000000007	1
"100 kb / 10 kb
(fine-scale)"	All SNPs	12000	0.4323513919138505	0.2163553397312748	1.9983393636175315	3.0	0.3800000000000008	1
"100 kb / 10 kb
(fine-scale)"	p95	600	0.8116051891737555	0.014258484123708061	56.920860740327385	3.07	0.3800000000000008	1
"100 kb / 10 kb
(fine-scale)"	p99	120	0.916393214054169	0.023916055483681333	38.317071754556366	3.03	0.3200000000000003	1
"2 Mb / 200 kb
(conventional)"	All SNPs	12000	0.43534192375258884	0.18765419608444606	2.3199157430867205	2.8	0.1999999999999993	1
"2 Mb / 200 kb
(conventional)"	p95	600	0.8140611921196229	0.002494578684959721	326.3321365759073	4.8	0.5999999999999996	1
"2 Mb / 200 kb
(conventional)"	p99	120	0.921244896235239	0.008081471730056765	113.99469391310586	4.8	1.8000000000000007	1
"500 kb / 50 kb
(medium)"	All SNPs	12000	0.43187910060025747	0.20929236385937833	2.0635205825781258	2.95	0.09999999999999964	1
"500 kb / 50 kb
(medium)"	p95	600	0.8144148721285382	0.0064683224999617555	125.90820450485478	3.4	1.0	1
"500 kb / 50 kb
(medium)"	p99	120	0.9214161005587331	0.009172821695191034	100.45067168827636	3.4	1.0999999999999996	1
"100 kb / 10 kb
(fine-scale)"	All SNPs	12000	0.4354490152605782	0.21647075860124906	2.011583541695343	2.96	0.28999999999999915	1
"100 kb / 10 kb
(fine-scale)"	p95	600	0.816163323108787	0.01683757583859692	48.47273330391711	3.06	1.5300000000000011	1
"100 kb / 10 kb
(fine-scale)"	p99	120	0.9246729682123627	0.020218138063844315	45.73482312230999	3.05	0.10999999999999943	1
"2 Mb / 200 kb
(conventional)"	All SNPs	12000	0.4298315614022188	0.18788995870807756	2.287677129516235	2.8	0.40000000000000036	1
"2 Mb / 200 kb
(conventional)"	p95	600	0.8143287456062046	0.2936039870966634	2.773561604727468	10.0	2.4000000000000004	1
"2 Mb / 200 kb
(conventional)"	p99	120	0.9303080249677151	0.006451862564650709	144.19216399072198	4.6	0.8000000000000007	1
"500 kb / 50 kb
(medium)"	All SNPs	12000	0.42575434837670306	0.21076265122218155	2.020065442846806	2.95	0.25	1
"500 kb / 50 kb
(medium)"	p95	600	0.8151407865525193	0.015069804504873037	54.09099940805018	8.6	1.6999999999999993	1
"500 kb / 50 kb
(medium)"	p99	120	0.9308504843776071	0.010619806086656547	87.65230520990318	3.3	0.34999999999999964	1
"100 kb / 10 kb
(fine-scale)"	All SNPs	12000	0.4291159729909432	0.21796931812541834	1.9686989741557672	3.0	0.27999999999999936	1
"100 kb / 10 kb
(fine-scale)"	p95	600	0.8163559810337426	0.016564809719046104	49.282545038540476	3.08	0.6400000000000006	1
"100 kb / 10 kb
(fine-scale)"	p99	120	0.9319525439561535	0.016990384217281242	54.85176391763094	2.95	0.2400000000000002	1
"2 Mb / 200 kb
(conventional)"	All SNPs	12000	0.432934359630247	0.18638778600326902	2.3227614261304326	2.8	0.40000000000000036	1
"2 Mb / 200 kb
(conventional)"	p95	600	0.8115125316811306	0.006684895824469645	121.39494062280514	4.8	2.4000000000000004	1
"2 Mb / 200 kb
(conventional)"	p99	120	0.9257391524079853	0.008674165810077258	106.72370953902022	4.8	2.1999999999999993	1
"500 kb / 50 kb
(medium)"	All SNPs	12000	0.42774256946793054	0.2079535415235171	2.056914089244101	2.95	0.6999999999999993	1
"500 kb / 50 kb
(medium)"	p95	600	0.810162857341689	0.00862188699008284	93.96584045622069	3.4	1.6500000000000004	1
"500 kb / 50 kb
(medium)"	p99	120	0.9262771936004538	0.009748348256252985	95.01888620016238	3.3	1.5	1
"100 kb / 10 kb
(fine-scale)"	All SNPs	12000	0.4301610758716631	0.21465774701136414	2.003939209558973	2.98	1.4000000000000004	1
"100 kb / 10 kb
(fine-scale)"	p95	600	0.8099731130658628	0.01649532442940943	49.103193849389584	3.06	0.8699999999999992	1
"100 kb / 10 kb
(fine-scale)"	p99	120	0.9279666602248133	0.025483982877121378	36.413721697243375	2.92	0.6899999999999995	1
"2 Mb / 200 kb
(conventional)"	All SNPs	12000	0.4395620834668131	0.19012073910097813	2.3120154357981435	2.8	0.1999999999999993	1
"2 Mb / 200 kb
(conventional)"	p95	600	0.8133811904888587	0.009826266851904939	82.77621631364255	4.8	1.1999999999999993	1
"2 Mb / 200 kb
(conventional)"	p99	120	0.9284140271526882	0.009820869742477572	94.53480715023427	4.6	2.4000000000000004	1
"500 kb / 50 kb
(medium)"	All SNPs	12000	0.4325784153424484	0.21042859631766317	2.055701662759883	2.9	0.3000000000000007	1
"500 kb / 50 kb
(medium)"	p95	600	0.8137033812647025	0.01263651747216988	64.39300883782005	3.4	0.3000000000000007	1
"500 kb / 50 kb
(medium)"	p99	120	0.9283675988038651	0.011823804073199422	78.5168286836012	3.25	0.9000000000000004	1
"100 kb / 10 kb
(fine-scale)"	All SNPs	12000	0.4346860257483218	0.21706474535436085	2.0025639126182906	2.97	0.10999999999999943	1
"100 kb / 10 kb
(fine-scale)"	p95	600	0.8155204352598006	0.020124569568212743	40.523621262833636	3.07	1.17	1
"100 kb / 10 kb
(fine-scale)"	p99	120	0.9304932311412689	0.02241191098055057	41.51779970698467	2.89	0.8900000000000006	1
"2 Mb / 200 kb
(conventional)"	All SNPs	12000	0.43574833041106964	0.18747055812211708	2.324356073699989	2.8	0.40000000000000036	1
"2 Mb / 200 kb
(conventional)"	p95	600	0.8174157411673023	0.006580174025748889	124.22403084913431	4.8	2.4000000000000004	1
"2 Mb / 200 kb
(conventional)"	p99	120	0.9274695304059025	0.00981048851843624	94.53856743861091	4.8	2.1999999999999993	1
"500 kb / 50 kb
(medium)"	All SNPs	12000	0.4309177194848866	0.20988150334358055	2.0531476696136726	2.95	0.4499999999999993	1
"500 kb / 50 kb
(medium)"	p95	600	0.8168630516149507	0.008621015892868199	94.75252821314328	3.4	1.5999999999999996	1
"500 kb / 50 kb
(medium)"	p99	120	0.9280025568783621	0.013150797298835311	70.56625813558466	3.35	1.5500000000000007	1
"100 kb / 10 kb
(fine-scale)"	All SNPs	12000	0.4342516958334282	0.21727057208609424	1.9986677977786813	3.01	0.8900000000000006	1
"100 kb / 10 kb
(fine-scale)"	p95	600	0.816152801659283	0.0158662671320821	51.43949707042282	3.07	1.4000000000000004	1
"100 kb / 10 kb
(fine-scale)"	p99	120	0.926462359174511	0.023142294943688257	40.03329667299011	3.01	1.3399999999999999	1
"2 Mb / 200 kb
(conventional)"	All SNPs	12000	0.43111163557776366	0.18720524804063465	2.3028822113159286	2.8	0.40000000000000036	1
"2 Mb / 200 kb
(conventional)"	p95	600	0.8153140599372548	0.21502894882284454	3.7916478892754384	4.8	2.0	1
"2 Mb / 200 kb
(conventional)"	p99	120	0.9257011674760127	0.007293725474865434	126.91746771468547	4.8	2.4000000000000004	1
"500 kb / 50 kb
(medium)"	All SNPs	12000	0.4279687966537834	0.21004280237948167	2.037531359349213	2.95	0.0	1
"500 kb / 50 kb
(medium)"	p95	600	0.8152654154916664	0.009151451243725028	89.0859158595942	3.4	1.0500000000000007	1
"500 kb / 50 kb
(medium)"	p99	120	0.9250985316263471	0.010766707211490971	85.92214067445043	3.35	1.5500000000000007	1
"100 kb / 10 kb
(fine-scale)"	All SNPs	12000	0.4314152806433057	0.21738545618741245	1.9845636787742311	2.99	0.08000000000000007	1
"100 kb / 10 kb
(fine-scale)"	p95	600	0.8159697705052334	0.019831210749705428	41.14573642546529	3.06	1.2100000000000009	1
"100 kb / 10 kb
(fine-scale)"	p99	120	0.9251367154495675	0.02005644411518042	46.126656855855394	2.95	1.4299999999999997	1
"2 Mb / 200 kb
(conventional)"	All SNPs	12000	0.43891448822661117	0.1889957389714747	2.322351237203591	2.8	0.40000000000000036	1
"2 Mb / 200 kb
(conventional)"	p95	600	0.8176283273397091	0.005071524473042659	161.21943839288494	4.8	2.0	1
"2 Mb / 200 kb
(conventional)"	p99	120	0.9233174278073819	0.0061063330629887455	151.20652907122366	4.8	2.0	1
"500 kb / 50 kb
(medium)"	All SNPs	12000	0.4360805193116533	0.2103668959142079	2.0729521981894727	2.95	0.15000000000000036	1
"500 kb / 50 kb
(medium)"	p95	600	0.8179237492472957	0.008652726220301134	94.52786652699965	3.4	0.5	1
"500 kb / 50 kb
(medium)"	p99	120	0.9235582665005893	0.009396960339949393	98.28266089133703	3.35	1.1999999999999993	1
"100 kb / 10 kb
(fine-scale)"	All SNPs	12000	0.43708590588422586	0.21703393867422024	2.0139057907450852	2.97	0.5600000000000005	1
"100 kb / 10 kb
(fine-scale)"	p95	600	0.8188424147615432	0.01822343780340195	44.93347652596491	3.08	0.5500000000000007	1
"100 kb / 10 kb
(fine-scale)"	p99	120	0.9237243335507105	0.020900462104658152	44.19635934005675	3.0	0.5299999999999994	1
"2 Mb / 200 kb
(conventional)"	All SNPs	12000	0.4247692463374767	0.18487443461445932	2.297609440825599	2.8	0.1999999999999993	1
"2 Mb / 200 kb
(conventional)"	p95	600	0.8067160531288015	0.0055656462532914135	144.94562112202613	4.8	2.4000000000000004	1
"2 Mb / 200 kb
(conventional)"	p99	120	0.9159273337337276	0.007680101365225816	119.25979751789342	4.6	2.4000000000000004	1
"500 kb / 50 kb
(medium)"	All SNPs	12000	0.42199068859991185	0.20692631737927383	2.03932826884677	2.9	0.6500000000000004	1
"500 kb / 50 kb
(medium)"	p95	600	0.8069451276071298	0.007783004543175355	103.68041328136083	3.4	1.5500000000000007	1
"500 kb / 50 kb
(medium)"	p99	120	0.9155009414004666	0.010280315726949511	89.0537767240466	3.2	1.5500000000000007	1
"100 kb / 10 kb
(fine-scale)"	All SNPs	12000	0.42817238327778967	0.21460063303772114	1.995205592904883	2.96	0.8499999999999996	1
"100 kb / 10 kb
(fine-scale)"	p95	600	0.8076720105177722	0.014560932008005836	55.468428124909934	3.04	1.3699999999999992	1
"100 kb / 10 kb
(fine-scale)"	p99	120	0.9158691980371629	0.025624805077686618	35.74150887238073	2.8	0.46000000000000085	1
"2 Mb / 200 kb
(conventional)"	All SNPs	12000	0.43900965093846983	0.18868980571076374	2.3266209283792096	3.0	0.40000000000000036	1
"2 Mb / 200 kb
(conventional)"	p95	600	0.8098395647376957	0.31850795449766306	2.5426038919967935	4.8	0.5999999999999996	1
"2 Mb / 200 kb
(conventional)"	p99	120	0.9321696763266332	0.006814788276707291	136.78630039215696	4.8	0.5999999999999996	1
"500 kb / 50 kb
(medium)"	All SNPs	12000	0.43099962963891847	0.2099399592322747	2.052966149060105	2.95	0.75	1
"500 kb / 50 kb
(medium)"	p95	600	0.8165199907028292	0.22036665362864502	3.7052792573544413	3.4	1.6999999999999993	1
"500 kb / 50 kb
(medium)"	p99	120	0.9331185017977677	0.01045533470100844	89.24807559797834	3.4	0.05000000000000071	1
"100 kb / 10 kb
(fine-scale)"	All SNPs	12000	0.4341768092991563	0.21699697397095669	2.0008426908168193	2.99	0.35999999999999943	1
"100 kb / 10 kb
(fine-scale)"	p95	600	0.8178979329267017	0.017790249270581746	45.974506623647564	3.06	1.5199999999999996	1
"100 kb / 10 kb
(fine-scale)"	p99	120	0.934602994267274	0.02026895871084825	46.1100645376055	3.04	0.10999999999999943	1
"2 Mb / 200 kb
(conventional)"	All SNPs	12000	0.4265295499919069	0.18591994138748272	2.294157080777907	2.8	0.1999999999999993	1
"2 Mb / 200 kb
(conventional)"	p95	600	0.812536701306813	0.3799446901187721	2.1385657503275306	4.8	2.4000000000000004	1
"2 Mb / 200 kb
(conventional)"	p99	120	0.9290221513707252	0.009342393997525612	99.44155123588047	4.8	2.4000000000000004	1
"500 kb / 50 kb
(medium)"	All SNPs	12000	0.4270841963358925	0.20936454104834	2.039907016715325	3.0	0.4499999999999993	1
"500 kb / 50 kb
(medium)"	p95	600	0.8131125006303237	0.146918989797709	5.534427521928163	3.4	1.6999999999999993	1
"500 kb / 50 kb
(medium)"	p99	120	0.9319052697173817	0.014733387907533287	63.251254603898126	3.4	0.5500000000000007	1
"100 kb / 10 kb
(fine-scale)"	All SNPs	12000	0.42902703735547976	0.21686663811353177	1.9782989264161506	3.0	0.5399999999999991	1
"100 kb / 10 kb
(fine-scale)"	p95	600	0.8132050491404988	0.017183340822133106	47.32520046934326	3.07	0.2400000000000002	1
"100 kb / 10 kb
(fine-scale)"	p99	120	0.9329863672468842	0.02411909970929443	38.682470676438754	3.04	0.4499999999999993	1
"2 Mb / 200 kb
(conventional)"	All SNPs	12000	0.4338434019751825	0.18808325878304227	2.306656130812947	2.8	0.40000000000000036	1
"2 Mb / 200 kb
(conventional)"	p95	600	0.8198481533675738	0.003020135255620615	271.4607406545112	4.8	2.3999999999999986	1
"2 Mb / 200 kb
(conventional)"	p99	120	0.9310244263364305	0.0038498156419348663	241.8361066943221	4.8	2.1999999999999993	1
"500 kb / 50 kb
(medium)"	All SNPs	12000	0.4275243659797046	0.21005668588861806	2.0352809251041797	2.95	1.1499999999999986	1
"500 kb / 50 kb
(medium)"	p95	600	0.8191356662380286	0.0063770943235141025	128.4496707564211	3.4	0.8499999999999996	1
"500 kb / 50 kb
(medium)"	p99	120	0.92958683299615	0.008275257747084052	112.33327847990088	3.4	1.5	1
"100 kb / 10 kb
(fine-scale)"	All SNPs	12000	0.43096849100062395	0.21708101784033376	1.9852886967648526	2.98	0.14000000000000057	1
"100 kb / 10 kb
(fine-scale)"	p95	600	0.8185812576257961	0.015004296033182566	54.55645875124517	3.06	0.9800000000000004	1
"100 kb / 10 kb
(fine-scale)"	p99	120	0.9292706401741472	0.018629804610509587	49.88085809820678	3.01	1.3399999999999999	1
"2 Mb / 200 kb
(conventional)"	All SNPs	12000	0.44033604081872463	0.19071247745738348	2.3089000084806823	2.8	0.40000000000000036	1
"2 Mb / 200 kb
(conventional)"	p95	600	0.8146382849517745	0.018493832768075806	44.04918629728334	4.8	1.8000000000000007	1
"2 Mb / 200 kb
(conventional)"	p99	120	0.9292398256683877	0.0037037850290417137	250.88924394427164	4.8	2.0	1
"500 kb / 50 kb
(medium)"	All SNPs	12000	0.43657783204658124	0.21129209637799518	2.0662288818676715	3.0	0.3000000000000007	1
"500 kb / 50 kb
(medium)"	p95	600	0.8217130668093839	0.007908469592265483	103.90291790626885	3.4	1.6999999999999993	1
"500 kb / 50 kb
(medium)"	p99	120	0.9298636866154424	0.009270946329798496	100.29868079666177	3.4	0.3000000000000007	1
"100 kb / 10 kb
(fine-scale)"	All SNPs	12000	0.4411495371635924	0.21785848610979577	2.0249362099269477	2.99	0.9199999999999999	1
"100 kb / 10 kb
(fine-scale)"	p95	600	0.8215421170079787	0.013445499847102436	61.10164191367156	3.08	1.5300000000000011	1
"100 kb / 10 kb
(fine-scale)"	p99	120	0.9286795900781726	0.018319993207476674	50.69213615751582	3.04	0.5	1
"2 Mb / 200 kb
(conventional)"	All SNPs	12000	0.4327980215142137	0.1867473611885455	2.3175589671505366	2.8	0.40000000000000036	1
"2 Mb / 200 kb
(conventional)"	p95	600	0.8136797846728558	0.02234434805017081	36.41546322344526	12.8	2.1999999999999993	1
"2 Mb / 200 kb
(conventional)"	p99	120	0.9256313824028531	0.0069334832612335286	133.50163943976625	4.8	2.1999999999999993	1
"500 kb / 50 kb
(medium)"	All SNPs	12000	0.428683373479093	0.20892101383195918	2.0518920792902846	2.95	1.25	1
"500 kb / 50 kb
(medium)"	p95	600	0.8133951422965475	0.009892732934531476	82.22147991656769	3.4	1.6999999999999993	1
"500 kb / 50 kb
(medium)"	p99	120	0.9244301932547572	0.01072941821214437	86.15846404499517	3.4	1.4499999999999993	1
"100 kb / 10 kb
(fine-scale)"	All SNPs	12000	0.43092650480997363	0.21584952661265408	1.9964208936315118	2.99	1.0799999999999983	1
"100 kb / 10 kb
(fine-scale)"	p95	600	0.8131681454511955	0.016286173669909938	49.929968937614326	3.08	1.5399999999999991	1
"100 kb / 10 kb
(fine-scale)"	p99	120	0.9248170549637095	0.023564763149131068	39.24576067711554	3.08	1.2200000000000006	1
"2 Mb / 200 kb
(conventional)"	All SNPs	12000	0.42940016627719835	0.1864903887286689	2.3025324211316165	2.8	0.1999999999999993	1
"2 Mb / 200 kb
(conventional)"	p95	600	0.8165383842519993	0.6899279805603225	1.1835124929834715	4.8	1.1999999999999993	1
"2 Mb / 200 kb
(conventional)"	p99	120	0.9173446622615131	0.007229760856922639	126.88450979441976	4.8	2.0	1
"500 kb / 50 kb
(medium)"	All SNPs	12000	0.4247912401453339	0.20930940960879219	2.029489457446209	3.0	1.25	1
"500 kb / 50 kb
(medium)"	p95	600	0.8163466809740363	0.4522000535889075	1.8052777183351958	3.4	0.5	1
"500 kb / 50 kb
(medium)"	p99	120	0.9179718425750367	0.008094012285080285	113.41369524075677	3.35	0.4499999999999993	1
"100 kb / 10 kb
(fine-scale)"	All SNPs	12000	0.42773406040494405	0.21639304361803774	1.9766534693229376	2.99	1.0600000000000005	1
"100 kb / 10 kb
(fine-scale)"	p95	600	0.8170615114584652	0.01419573780347094	57.556819009342995	3.08	0.7100000000000009	1
"100 kb / 10 kb
(fine-scale)"	p99	120	0.9188282133386264	0.018862463414212566	48.711994460188265	2.97	0.6699999999999999	1
"2 Mb / 200 kb
(conventional)"	All SNPs	12000	0.42775504765391625	0.18494821958673346	2.3128367962110383	2.8	0.40000000000000036	1
"2 Mb / 200 kb
(conventional)"	p95	600	0.8158882730701064	0.37777272554768654	2.1597331355439957	4.8	2.1999999999999993	1
"2 Mb / 200 kb
(conventional)"	p99	120	0.9245268796023978	0.009262141743130278	99.81782888262518	4.8	2.3999999999999986	1
"500 kb / 50 kb
(medium)"	All SNPs	12000	0.4261123669524201	0.20865103631011908	2.0422250207235355	2.95	0.8000000000000007	1
"500 kb / 50 kb
(medium)"	p95	600	0.816160310818409	0.18435368444720268	4.427144015405617	3.4	1.5500000000000007	1
"500 kb / 50 kb
(medium)"	p99	120	0.9245194228222564	0.01204975483576032	76.72516457169236	3.35	1.6000000000000014	1
"100 kb / 10 kb
(fine-scale)"	All SNPs	12000	0.43184873639126403	0.21626136220317269	1.9968834561651927	3.02	0.7799999999999994	1
"100 kb / 10 kb
(fine-scale)"	p95	600	0.8161193193337997	0.01580468709200191	51.637803050640805	3.08	0.5600000000000005	1
"100 kb / 10 kb
(fine-scale)"	p99	120	0.9245402599114333	0.022672770007618137	40.77756090679631	3.0	0.5199999999999996	1
"2 Mb / 200 kb
(conventional)"	All SNPs	12000	0.43823350533071836	0.18865193032389416	2.3229738735157426	2.8	0.1999999999999993	1
"2 Mb / 200 kb
(conventional)"	p95	600	0.8167870501890374	0.0029390638523305638	277.9072150954995	4.8	2.1999999999999993	1
"2 Mb / 200 kb
(conventional)"	p99	120	0.9224423479856515	0.00575948272405485	160.16062417081517	4.8	1.1999999999999993	1
"500 kb / 50 kb
(medium)"	All SNPs	12000	0.4352394516404254	0.2109939532817203	2.0628053310100847	2.95	0.9499999999999993	1
"500 kb / 50 kb
(medium)"	p95	600	0.8178751500190384	0.005606009251151037	145.8925794407333	3.4	1.6999999999999993	1
"500 kb / 50 kb
(medium)"	p99	120	0.923157328085047	0.008136990907343225	113.45193064575554	3.4	0.25	1
"100 kb / 10 kb
(fine-scale)"	All SNPs	12000	0.4385301275477237	0.21829087671633002	2.0089255865585054	3.02	1.2799999999999994	1
"100 kb / 10 kb
(fine-scale)"	p95	600	0.8175274756227411	0.014669667785990999	55.729106313058445	3.07	1.5399999999999991	1
"100 kb / 10 kb
(fine-scale)"	p99	120	0.9230466563698956	0.01959176453904689	47.114013366700064	3.03	0.3200000000000003	1
"2 Mb / 200 kb
(conventional)"	All SNPs	12000	0.43216087765288635	0.18790984678263123	2.299830929843702	2.8	0.1999999999999993	1
"2 Mb / 200 kb
(conventional)"	p95	600	0.8168251913807442	0.4151431358853857	1.9675748453329995	4.8	2.1999999999999993	1
"2 Mb / 200 kb
(conventional)"	p99	120	0.9342286317662498	0.01199719941991029	77.87055954207315	4.8	2.4000000000000004	1
"500 kb / 50 kb
(medium)"	All SNPs	12000	0.4335807284208038	0.21105808848574636	2.0543194128761635	2.95	1.0	1
"500 kb / 50 kb
(medium)"	p95	600	0.8170788517790414	0.006602047756837575	123.7614270409985	3.4	0.5	1
"500 kb / 50 kb
(medium)"	p99	120	0.9328663891438345	0.011865110226612297	78.62264836372992	3.35	1.6500000000000004	1
"100 kb / 10 kb
(fine-scale)"	All SNPs	12000	0.43599855880998767	0.21810162377399409	1.999061498330647	3.01	0.9100000000000001	1
"100 kb / 10 kb
(fine-scale)"	p95	600	0.8176120910281683	0.013937574694532722	58.662436539184405	3.07	1.2799999999999994	1
"100 kb / 10 kb
(fine-scale)"	p99	120	0.9293244944526141	0.02043084298401569	45.48635096357415	2.99	0.3699999999999992	1
"2 Mb / 200 kb
(conventional)"	All SNPs	12000	0.43277404267629616	0.1891590856118418	2.287883985463733	2.8	0.40000000000000036	1
"2 Mb / 200 kb
(conventional)"	p95	600	0.8184990494504951	0.020492332089182545	39.94172287899643	4.8	0.0	1
"2 Mb / 200 kb
(conventional)"	p99	120	0.9378433458847896	0.013457586087706204	69.68882381822768	4.8	2.4000000000000004	1
"500 kb / 50 kb
(medium)"	All SNPs	12000	0.4302628939797687	0.2119552304734284	2.0299706358683527	2.95	0.34999999999999964	1
"500 kb / 50 kb
(medium)"	p95	600	0.8260899776635836	0.008159798874623649	101.23901218112867	3.4	1.5500000000000007	1
"500 kb / 50 kb
(medium)"	p99	120	0.938898151972101	0.01222050487773836	76.82973505312836	3.35	1.6500000000000004	1
"100 kb / 10 kb
(fine-scale)"	All SNPs	12000	0.4348736850347093	0.21976860853844324	1.978779808120952	2.98	0.25	1
"100 kb / 10 kb
(fine-scale)"	p95	600	0.8253184722512751	0.01772377430355578	46.56561622349806	3.07	0.9299999999999997	1
"100 kb / 10 kb
(fine-scale)"	p99	120	0.9381258936467423	0.021360680369177532	43.918352666351126	2.96	0.6099999999999994	1
"2 Mb / 200 kb
(conventional)"	All SNPs	12000	0.42999796843513066	0.18691625293998174	2.3004846377548653	2.8	0.1999999999999993	1
"2 Mb / 200 kb
(conventional)"	p95	600	0.8160285151324045	0.004011624794297811	203.4159616054624	4.8	2.4000000000000004	1
"2 Mb / 200 kb
(conventional)"	p99	120	0.9288660837609778	0.006441572509827154	144.19865372064282	4.8	2.4000000000000004	1
"500 kb / 50 kb
(medium)"	All SNPs	12000	0.4279662921829994	0.2098390734301216	2.039497626382325	2.95	0.5	1
"500 kb / 50 kb
(medium)"	p95	600	0.816637651301459	0.006458704777256777	126.43984815300874	3.4	1.5999999999999996	1
"500 kb / 50 kb
(medium)"	p99	120	0.928447610113026	0.009473777834930051	98.00183477913286	3.4	1.6999999999999993	1
"100 kb / 10 kb
(fine-scale)"	All SNPs	12000	0.4323004888714221	0.2170956438751903	1.9912904798769453	2.99	0.5800000000000001	1
"100 kb / 10 kb
(fine-scale)"	p95	600	0.8161686186870198	0.014975869870233935	54.498912300863275	3.06	1.5300000000000011	1
"100 kb / 10 kb
(fine-scale)"	p99	120	0.9267990340483266	0.020725593108956306	44.71761214147459	3.03	0.6099999999999994	1
"2 Mb / 200 kb
(conventional)"	All SNPs	12000	0.44009820486910656	0.1891417301349709	2.3268170622900297	2.8	0.1999999999999993	1
"2 Mb / 200 kb
(conventional)"	p95	600	0.8188539628428902	0.006181931728963559	132.45923745912614	4.8	2.4000000000000004	1
"2 Mb / 200 kb
(conventional)"	p99	120	0.9381887667794512	0.010596298018718645	88.53929599961378	4.8	2.3999999999999986	1
"500 kb / 50 kb
(medium)"	All SNPs	12000	0.4351569807453105	0.2104339453697224	2.067902970600872	2.95	1.0500000000000007	1
"500 kb / 50 kb
(medium)"	p95	600	0.8194101901616995	0.00861391851389388	95.12629923768445	3.4	1.6999999999999993	1
"500 kb / 50 kb
(medium)"	p99	120	0.9380032498045136	0.012489351513375014	75.10423970371826	3.4	1.6000000000000014	1
"100 kb / 10 kb
(fine-scale)"	All SNPs	12000	0.43671668811618464	0.21705201201049729	2.012037041587358	2.97	0.11999999999999922	1
"100 kb / 10 kb
(fine-scale)"	p95	600	0.8192052333088468	0.018288825939263415	44.792663893756774	3.07	1.5299999999999994	1
"100 kb / 10 kb
(fine-scale)"	p99	120	0.9374110352520898	0.019633467859096393	47.7455659886278	3.03	1.4100000000000001	1
"2 Mb / 200 kb
(conventional)"	All SNPs	12000	0.437110348034331	0.18866111678414393	2.3169074554692135	2.8	0.0	1
"2 Mb / 200 kb
(conventional)"	p95	600	0.8116964787855858	0.004991634532391285	162.6113597697097	4.8	2.3999999999999986	1
"2 Mb / 200 kb
(conventional)"	p99	120	0.9282345475631969	0.007217297245895633	128.61248690998138	4.8	2.3999999999999986	1
"500 kb / 50 kb
(medium)"	All SNPs	12000	0.4305953428555395	0.2097243961990262	2.053148563827115	3.0	0.9499999999999993	1
"500 kb / 50 kb
(medium)"	p95	600	0.811790924407799	0.0070475029527706365	115.18844757470498	3.4	0.9000000000000004	1
"500 kb / 50 kb
(medium)"	p99	120	0.9275619781528031	0.008464613218033549	109.58114142494617	3.35	1.0500000000000007	1
"100 kb / 10 kb
(fine-scale)"	All SNPs	12000	0.43212090440898265	0.2167107864368312	1.9939981369360271	3.0	0.7699999999999996	1
"100 kb / 10 kb
(fine-scale)"	p95	600	0.8117330593830021	0.016672182735382412	48.68786962491167	3.08	0.8800000000000008	1
"100 kb / 10 kb
(fine-scale)"	p99	120	0.9283149301260419	0.021083969222506146	44.02941971358549	2.97	1.2400000000000002	1
"2 Mb / 200 kb
(conventional)"	All SNPs	12000	0.43016707445046765	0.18704802736913892	2.299768035519208	2.8	0.40000000000000036	1
"2 Mb / 200 kb
(conventional)"	p95	600	0.8157124175704474	0.14958533710101224	5.4531575980579685	4.8	2.4000000000000004	1
"2 Mb / 200 kb
(conventional)"	p99	120	0.9326826258294555	0.0038824804820109995	240.22854207533737	4.8	2.3999999999999986	1
"500 kb / 50 kb
(medium)"	All SNPs	12000	0.4255639477907236	0.21117542112885535	2.0152153385836145	2.95	0.0	1
"500 kb / 50 kb
(medium)"	p95	600	0.82066550760973	0.007531578676580663	108.96327886231579	3.4	1.5999999999999996	1
"500 kb / 50 kb
(medium)"	p99	120	0.9339444779082473	0.00845995849088596	110.3958700169037	3.4	0.9000000000000004	1
"100 kb / 10 kb
(fine-scale)"	All SNPs	12000	0.43006103682236935	0.2188625632931035	1.96498218037603	2.98	1.2400000000000002	1
"100 kb / 10 kb
(fine-scale)"	p95	600	0.8202095900042218	0.013713976152613367	59.8082992763496	3.07	1.5299999999999994	1
"100 kb / 10 kb
(fine-scale)"	p99	120	0.9353099386028738	0.019206191481033977	48.698355398908106	3.04	1.0600000000000005	1
"2 Mb / 200 kb
(conventional)"	All SNPs	12000	0.4284960080579863	0.18682151369936403	2.293611691571713	2.8	0.0	1
"2 Mb / 200 kb
(conventional)"	p95	600	0.8088375030398852	0.009793284706977063	82.59103326830092	14.2	2.4000000000000004	1
"2 Mb / 200 kb
(conventional)"	p99	120	0.9157199566807769	0.005905151892894731	155.07136366510753	4.8	2.1999999999999993	1
"500 kb / 50 kb
(medium)"	All SNPs	12000	0.42303954630888274	0.20950150823406294	2.0192673068312574	2.9	0.1999999999999993	1
"500 kb / 50 kb
(medium)"	p95	600	0.8094053031818864	0.006669111860782015	121.3662808599189	3.4	1.6999999999999993	1
"500 kb / 50 kb
(medium)"	p99	120	0.9167932146775323	0.009295461278557017	98.62804945381374	3.4	0.75	1
"100 kb / 10 kb
(fine-scale)"	All SNPs	12000	0.42710308942986014	0.2165860808093585	1.9719784754118204	2.98	0.47000000000000064	1
"100 kb / 10 kb
(fine-scale)"	p95	600	0.8099463804291255	0.015229142224982308	53.183979009695435	3.07	0.4800000000000004	1
"100 kb / 10 kb
(fine-scale)"	p99	120	0.9195402830135502	0.02089103281536935	44.016027888149814	3.02	0.3000000000000007	1
"2 Mb / 200 kb
(conventional)"	All SNPs	12000	0.431643400605379	0.18698990790406103	2.3083780587070097	2.8	0.40000000000000036	1
"2 Mb / 200 kb
(conventional)"	p95	600	0.8169492401746045	0.0054400195823836	150.17395209754923	4.8	2.3999999999999986	1
"2 Mb / 200 kb
(conventional)"	p99	120	0.9207131624018403	0.004625887683196753	199.03491512478203	4.8	1.1999999999999993	1
"500 kb / 50 kb
(medium)"	All SNPs	12000	0.42727102611039175	0.20946894019727108	2.039782249855285	2.95	0.40000000000000036	1
"500 kb / 50 kb
(medium)"	p95	600	0.8175150733239605	0.01079038236140698	75.76330902303289	3.4	1.6999999999999993	1
"500 kb / 50 kb
(medium)"	p99	120	0.9220162241668476	0.005786556525368472	159.33763372477142	3.35	0.09999999999999964	1
"100 kb / 10 kb
(fine-scale)"	All SNPs	12000	0.42917154885226166	0.21624680503859747	1.9846376401984744	2.98	0.27999999999999936	1
"100 kb / 10 kb
(fine-scale)"	p95	600	0.8161505014904133	0.016878455065940712	48.35457382218208	3.06	1.5100000000000016	1
"100 kb / 10 kb
(fine-scale)"	p99	120	0.9222373319077924	0.019290689967068755	47.80737928410798	2.98	0.5600000000000005	1
"2 Mb / 200 kb
(conventional)"	All SNPs	12000	0.43349809123218574	0.1886093643721981	2.2983911359604017	2.8	0.0	1
"2 Mb / 200 kb
(conventional)"	p95	600	0.8144508944671209	0.0056574577209026235	143.96057993645576	4.8	0.40000000000000036	1
"2 Mb / 200 kb
(conventional)"	p99	120	0.9248442756184977	0.009556990719394951	96.77149458161755	4.8	2.4000000000000004	1
"500 kb / 50 kb
(medium)"	All SNPs	12000	0.42951970415734747	0.21090070454408122	2.0365968197492283	2.95	0.1999999999999993	1
"500 kb / 50 kb
(medium)"	p95	600	0.8152776254335833	0.008679380246747031	93.93270052192302	3.4	0.05000000000000071	1
"500 kb / 50 kb
(medium)"	p99	120	0.9251379081847344	0.011743623428374407	78.7778928562592	3.35	1.6999999999999993	1
"100 kb / 10 kb
(fine-scale)"	All SNPs	12000	0.4316308903562055	0.21770556941669714	1.9826359587983107	2.99	0.3800000000000008	1
"100 kb / 10 kb
(fine-scale)"	p95	600	0.8161199720404602	0.017797991931769647	45.854609619396186	3.07	0.02999999999999936	1
"100 kb / 10 kb
(fine-scale)"	p99	120	0.9237885446757432	0.02318566065225682	39.84309778922882	2.99	0.9499999999999993	1
"2 Mb / 200 kb
(conventional)"	All SNPs	12000	0.44020771351892174	0.18834786260007655	2.337205782120422	2.8	0.40000000000000036	1
"2 Mb / 200 kb
(conventional)"	p95	600	0.8171655069126547	0.28684389071113464	2.8488161448611047	4.8	2.1999999999999993	1
"2 Mb / 200 kb
(conventional)"	p99	120	0.9303286550407549	0.0033267234177893	279.6531416065193	4.8	2.4000000000000004	1
"500 kb / 50 kb
(medium)"	All SNPs	12000	0.43297861790679143	0.20914999298590922	2.070182320952609	2.95	0.9000000000000004	1
"500 kb / 50 kb
(medium)"	p95	600	0.8188020800003524	0.00957077542203502	85.55232401704936	3.4	1.6499999999999986	1
"500 kb / 50 kb
(medium)"	p99	120	0.9304223091151249	0.006679868613062197	139.28751641847026	3.4	1.5500000000000007	1
"100 kb / 10 kb
(fine-scale)"	All SNPs	12000	0.4344958390013884	0.21587514042829098	2.012718269178004	3.0	1.2400000000000002	1
"100 kb / 10 kb
(fine-scale)"	p95	600	0.817286225096197	0.015333852901089833	53.29946950502632	3.08	1.5399999999999991	1
"100 kb / 10 kb
(fine-scale)"	p99	120	0.9298265040745382	0.019132814298271898	48.59852239084981	3.06	0.1999999999999993	1
"2 Mb / 200 kb
(conventional)"	All SNPs	12000	0.4313650213238141	0.18668947697013	2.310601691775224	2.8	0.40000000000000036	1
"2 Mb / 200 kb
(conventional)"	p95	600	0.812608103039374	0.006268402302886203	129.63560150968922	4.8	2.0	1
"2 Mb / 200 kb
(conventional)"	p99	120	0.9174679550085293	0.008275489277915205	110.86570524077358	4.8	1.1999999999999993	1
"500 kb / 50 kb
(medium)"	All SNPs	12000	0.42942841047508634	0.2099826573204574	2.0450660828609752	3.0	0.8000000000000007	1
"500 kb / 50 kb
(medium)"	p95	600	0.8122935069675786	0.008295894015790714	97.91512589498237	3.4	1.1499999999999986	1
"500 kb / 50 kb
(medium)"	p99	120	0.9182450035346482	0.00931811967743225	98.54402339976005	3.35	0.34999999999999964	1
"100 kb / 10 kb
(fine-scale)"	All SNPs	12000	0.43212703173089445	0.21658927566067906	1.9951450985407466	2.99	0.41999999999999993	1
"100 kb / 10 kb
(fine-scale)"	p95	600	0.8135054422016763	0.01527127442444323	53.27030472974659	3.08	1.0399999999999991	1
"100 kb / 10 kb
(fine-scale)"	p99	120	0.9197862413410175	0.018639486663026276	49.34611440590406	3.01	0.9600000000000009	1
"2 Mb / 200 kb
(conventional)"	All SNPs	12000	0.42975992892827664	0.18808079596418445	2.28497506470631	2.8	0.40000000000000036	1
"2 Mb / 200 kb
(conventional)"	p95	600	0.8132846476159217	0.3748969088275689	2.169355437363678	4.8	2.1999999999999993	1
"2 Mb / 200 kb
(conventional)"	p99	120	0.9271690605560603	0.007316326340529001	126.72603946327277	4.6	2.4000000000000004	1
"500 kb / 50 kb
(medium)"	All SNPs	12000	0.429041349314198	0.21130704395850444	2.0304166925852756	2.95	0.34999999999999964	1
"500 kb / 50 kb
(medium)"	p95	600	0.8134313183912913	0.2251960024203026	3.61210372142004	3.4	0.34999999999999964	1
"500 kb / 50 kb
(medium)"	p99	120	0.9259652242837044	0.009474387904061281	97.73351414995169	3.25	1.6500000000000004	1
"100 kb / 10 kb
(fine-scale)"	All SNPs	12000	0.43148636445418237	0.21820922543860483	1.9773974431506565	2.98	0.3800000000000008	1
"100 kb / 10 kb
(fine-scale)"	p95	600	0.8130486452179886	0.018672615256539855	43.54230160305093	3.07	0.3699999999999992	1
"100 kb / 10 kb
(fine-scale)"	p99	120	0.9258321281217409	0.01922904358711428	48.14759111275598	2.9	0.5299999999999994	1
"2 Mb / 200 kb
(conventional)"	All SNPs	12000	0.42094706853353614	0.18410308627339575	2.2864748063398768	2.8	0.40000000000000036	1
"2 Mb / 200 kb
(conventional)"	p95	600	0.8074958605908032	0.010473357536791284	77.09999947525856	4.8	2.1999999999999993	1
"2 Mb / 200 kb
(conventional)"	p99	120	0.9222386530230251	0.011052321402832585	83.44298174197736	4.6	2.1999999999999993	1
"500 kb / 50 kb
(medium)"	All SNPs	12000	0.4179377092864619	0.20779701786078386	2.0112786679473156	2.9	0.09999999999999964	1
"500 kb / 50 kb
(medium)"	p95	600	0.807685786464521	0.011326225175284475	71.31111857346902	3.4	1.5	1
"500 kb / 50 kb
(medium)"	p99	120	0.9213440623587302	0.01844115198387981	49.96130736106486	3.3	1.5999999999999996	1
"100 kb / 10 kb
(fine-scale)"	All SNPs	12000	0.422789352308035	0.21506693538157	1.9658500808500645	2.98	1.4400000000000013	1
"100 kb / 10 kb
(fine-scale)"	p95	600	0.8084094008728754	0.016880132429376794	47.89117646174305	3.08	0.6600000000000001	1
"100 kb / 10 kb
(fine-scale)"	p99	120	0.919925132770766	0.026200019218379344	35.11162053367646	2.95	1.2799999999999994	1
"2 Mb / 200 kb
(conventional)"	All SNPs	12000	0.41910407571146785	0.18452052153087617	2.2713141727238093	2.8	0.40000000000000036	1
"2 Mb / 200 kb
(conventional)"	p95	600	0.8078832463351178	0.5296537215316055	1.5253045782420878	4.8	0.0	1
"2 Mb / 200 kb
(conventional)"	p99	120	0.9200524749058596	0.012958252034047699	71.00127953125386	4.6	2.3999999999999986	1
"500 kb / 50 kb
(medium)"	All SNPs	12000	0.4200569187775375	0.20878215849538603	2.0119387681626084	2.9	1.0999999999999996	1
"500 kb / 50 kb
(medium)"	p95	600	0.8085274079394814	0.47248043241589277	1.7112399847022428	3.4	0.15000000000000036	1
"500 kb / 50 kb
(medium)"	p99	120	0.920037598038301	0.014170044220146788	64.92835052202612	3.2	1.6499999999999986	1
"100 kb / 10 kb
(fine-scale)"	All SNPs	12000	0.4261644771476224	0.21662583282048298	1.9672837334261206	2.99	0.9600000000000009	1
"100 kb / 10 kb
(fine-scale)"	p95	600	0.8089459656192406	0.2583025043222137	3.131777478278488	3.06	0.6300000000000008	1
"100 kb / 10 kb
(fine-scale)"	p99	120	0.9189610637999756	0.021387000988912757	42.968205980650325	2.84	0.6400000000000006	1
"2 Mb / 200 kb
(conventional)"	All SNPs	12000	0.43444626981972184	0.18761134898527368	2.3156715847388485	2.8	0.40000000000000036	1
"2 Mb / 200 kb
(conventional)"	p95	600	0.8135151246177464	0.2503446961734065	3.2495800272686752	4.8	1.8000000000000007	1
"2 Mb / 200 kb
(conventional)"	p99	120	0.9272568470658688	0.005816711289102728	159.41256166573555	4.8	2.1999999999999993	1
"500 kb / 50 kb
(medium)"	All SNPs	12000	0.4313531222751295	0.20984647373416007	2.0555652644493843	2.95	0.9499999999999993	1
"500 kb / 50 kb
(medium)"	p95	600	0.8179530908180119	0.008850607377288959	92.41773541066966	3.4	1.6999999999999993	1
"500 kb / 50 kb
(medium)"	p99	120	0.9281546663954089	0.009028304992348498	102.80497470810096	3.35	1.5500000000000007	1
"100 kb / 10 kb
(fine-scale)"	All SNPs	12000	0.43398521804366463	0.21639745840745497	2.0055005323884787	2.98	1.1799999999999997	1
"100 kb / 10 kb
(fine-scale)"	p95	600	0.8188536858222292	0.01736307141122088	47.16064723969546	3.07	1.5199999999999996	1
"100 kb / 10 kb
(fine-scale)"	p99	120	0.9284734712968429	0.019267782713340103	48.18787325507941	2.98	1.3299999999999983	1
"2 Mb / 200 kb
(conventional)"	All SNPs	12000	0.4395047130709449	0.18746912295370805	2.3444112083432125	3.0	0.1999999999999993	1
"2 Mb / 200 kb
(conventional)"	p95	600	0.8057300887367469	0.25428671626316207	3.1685889871765633	4.8	2.4000000000000004	1
"2 Mb / 200 kb
(conventional)"	p99	120	0.9272087476842035	0.004123664000876216	224.85070255170783	4.8	2.4000000000000004	1
"500 kb / 50 kb
(medium)"	All SNPs	12000	0.4317194569663179	0.20814177640714832	2.0741605285515914	2.95	1.0	1
"500 kb / 50 kb
(medium)"	p95	600	0.8111442126787098	0.007784708624719791	104.19711922203213	3.4	1.6999999999999993	1
"500 kb / 50 kb
(medium)"	p99	120	0.9271836569737271	0.008889859952184994	104.29676754872153	3.4	1.6999999999999993	1
"100 kb / 10 kb
(fine-scale)"	All SNPs	12000	0.432816356436105	0.21422313232104895	2.0203997194264613	2.99	1.2199999999999989	1
"100 kb / 10 kb
(fine-scale)"	p95	600	0.8106719484491511	0.017370915797602048	46.66834828369035	3.07	1.5399999999999991	1
"100 kb / 10 kb
(fine-scale)"	p99	120	0.9273904795444208	0.02035666139305823	45.55710102151956	3.04	0.5199999999999996	1
"2 Mb / 200 kb
(conventional)"	All SNPs	12000	0.42977243042272045	0.18837603805291	2.281460183922163	2.8	0.0	1
"2 Mb / 200 kb
(conventional)"	p95	600	0.8143287698811793	0.25666689009848453	3.1727067311592734	4.8	0.0	1
"2 Mb / 200 kb
(conventional)"	p99	120	0.9312481366534873	0.009747105651272178	95.54099134361411	4.6	2.0	1
"500 kb / 50 kb
(medium)"	All SNPs	12000	0.42564655071629565	0.21080462902337793	2.019151821704504	2.9	0.34999999999999964	1
"500 kb / 50 kb
(medium)"	p95	600	0.8147868809014768	0.01200179053275927	67.8887769851915	3.4	0.4499999999999993	1
"500 kb / 50 kb
(medium)"	p99	120	0.9320962102020092	0.01159327058813049	80.3997632174923	3.2	0.3000000000000007	1
"100 kb / 10 kb
(fine-scale)"	All SNPs	12000	0.431348460539166	0.21816121732185256	1.977200465941657	2.97	0.5	1
"100 kb / 10 kb
(fine-scale)"	p95	600	0.8163832264565369	0.01704862313722784	47.88558113375503	3.08	0.39000000000000057	1
"100 kb / 10 kb
(fine-scale)"	p99	120	0.9349803433550682	0.01930579044797046	48.43004723763377	2.83	0.8100000000000005	1
"2 Mb / 200 kb
(conventional)"	All SNPs	12000	0.431197456241968	0.186770135791266	2.308706659205268	2.8	0.40000000000000036	1
"2 Mb / 200 kb
(conventional)"	p95	600	0.8139359647675639	0.6142315551321066	1.3251288670646457	4.8	2.4000000000000004	1
"2 Mb / 200 kb
(conventional)"	p99	120	0.9266311122545638	0.00700981634101423	132.19049789262985	4.6	2.4000000000000004	1
"500 kb / 50 kb
(medium)"	All SNPs	12000	0.4286883417245356	0.2090159920248264	2.0509834562018447	2.9	0.5500000000000007	1
"500 kb / 50 kb
(medium)"	p95	600	0.8144381633772658	0.007595802288203253	107.22213829105823	3.4	1.6999999999999993	1
"500 kb / 50 kb
(medium)"	p99	120	0.9260035503670558	0.008490402458300635	109.06474162031616	3.3	1.6999999999999993	1
"100 kb / 10 kb
(fine-scale)"	All SNPs	12000	0.433615879716655	0.21684917770273934	1.9996196633545147	2.96	0.4800000000000004	1
"100 kb / 10 kb
(fine-scale)"	p95	600	0.8141687986594975	0.017184947650471145	47.37685649203454	3.08	1.5399999999999991	1
"100 kb / 10 kb
(fine-scale)"	p99	120	0.9251292979910917	0.0188426611638817	49.09759242311342	2.95	1.0300000000000011	1
"2 Mb / 200 kb
(conventional)"	All SNPs	12000	0.43188637825571163	0.18797954389289603	2.297517960261596	2.8	0.1999999999999993	1
"2 Mb / 200 kb
(conventional)"	p95	600	0.8175039298426928	0.6403105057841387	1.2767304650757823	4.8	2.1999999999999993	1
"2 Mb / 200 kb
(conventional)"	p99	120	0.9243544004408727	0.005422231493956903	170.47490529887355	4.6	1.3999999999999986	1
"500 kb / 50 kb
(medium)"	All SNPs	12000	0.42790258682844357	0.209995759732563	2.0376725100230244	2.9	0.05000000000000071	1
"500 kb / 50 kb
(medium)"	p95	600	0.8178835022070411	0.0070688703377164925	115.70215085756514	3.4	1.5	1
"500 kb / 50 kb
(medium)"	p99	120	0.9260472260789454	0.00798613143140673	115.95692282712974	3.3	1.5500000000000007	1
"100 kb / 10 kb
(fine-scale)"	All SNPs	12000	0.43289179529790295	0.21751860002905782	1.9901369135332514	2.96	0.4399999999999995	1
"100 kb / 10 kb
(fine-scale)"	p95	600	0.8180506054900144	0.016574659947500608	49.35549857922564	3.07	1.2399999999999984	1
"100 kb / 10 kb
(fine-scale)"	p99	120	0.9279067009140782	0.01890075381249189	49.09363457772811	2.91	0.5399999999999991	1
"2 Mb / 200 kb
(conventional)"	All SNPs	12000	0.4295881363456747	0.1861234342681817	2.3080819351672255	2.8	0.0	1
"2 Mb / 200 kb
(conventional)"	p95	600	0.8133357602110071	0.3511750074177312	2.3160411277318618	4.8	1.8000000000000007	1
"2 Mb / 200 kb
(conventional)"	p99	120	0.9188415206486522	0.011695067664931091	78.56658439043466	4.8	1.8000000000000007	1
"500 kb / 50 kb
(medium)"	All SNPs	12000	0.4236708792768938	0.20876933884573842	2.0293730948199635	2.9	0.09999999999999964	1
"500 kb / 50 kb
(medium)"	p95	600	0.8140971110929289	0.18140838849814772	4.487648657444754	3.4	0.09999999999999964	1
"500 kb / 50 kb
(medium)"	p99	120	0.9183843110522627	0.01377533608782414	66.66874079856476	3.4	1.1000000000000014	1
"100 kb / 10 kb
(fine-scale)"	All SNPs	12000	0.4268595034488572	0.21582533042561577	1.97780076419702	2.99	1.1499999999999986	1
"100 kb / 10 kb
(fine-scale)"	p95	600	0.814106920077396	0.015272207375986393	53.30643436373683	3.06	0.9499999999999993	1
"100 kb / 10 kb
(fine-scale)"	p99	120	0.9231271951416683	0.027003483296526524	34.18548581324731	3.01	1.25	1
"2 Mb / 200 kb
(conventional)"	All SNPs	12000	0.43009510278645957	0.18821923254226722	2.2850752124381115	2.8	0.40000000000000036	1
"2 Mb / 200 kb
(conventional)"	p95	600	0.8177470124822805	0.37143280138656565	2.2016014994626634	4.8	2.4000000000000004	1
"2 Mb / 200 kb
(conventional)"	p99	120	0.9221486931248647	0.004796436278365116	192.25705077837137	4.8	2.1999999999999993	1
"500 kb / 50 kb
(medium)"	All SNPs	12000	0.4270944908889716	0.2107562346255223	2.026485677388597	2.95	0.25	1
"500 kb / 50 kb
(medium)"	p95	600	0.81718614767527	0.22836123951538775	3.578480084490018	3.4	1.6500000000000004	1
"500 kb / 50 kb
(medium)"	p99	120	0.9223922227909608	0.0074091976126609985	124.49286292685146	3.35	1.5500000000000007	1
"100 kb / 10 kb
(fine-scale)"	All SNPs	12000	0.43024923623209727	0.2172502212504512	1.980431751717738	2.97	0.28999999999999915	1
"100 kb / 10 kb
(fine-scale)"	p95	600	0.8161819962124037	0.01644369237461477	49.63495896289076	3.07	0.8300000000000001	1
"100 kb / 10 kb
(fine-scale)"	p99	120	0.9227564155476375	0.01860437214461756	49.598901181655876	3.01	1.3699999999999992	1
"2 Mb / 200 kb
(conventional)"	All SNPs	12000	0.4339856026945737	0.18802924249051622	2.3080750469782005	2.8	0.0	1
"2 Mb / 200 kb
(conventional)"	p95	600	0.8153329879047477	0.15838745568579815	5.147711883964904	4.8	2.4000000000000004	1
"2 Mb / 200 kb
(conventional)"	p99	120	0.9247381700414539	0.005774656733427026	160.1373402315914	4.8	2.3999999999999986	1
"500 kb / 50 kb
(medium)"	All SNPs	12000	0.426111029681782	0.20947337669506277	2.0342013691892014	2.95	0.9499999999999993	1
"500 kb / 50 kb
(medium)"	p95	600	0.815713545230962	0.007446559405395272	109.54234040487896	3.4	1.6999999999999993	1
"500 kb / 50 kb
(medium)"	p99	120	0.9252418631570519	0.007223258919878121	128.09202513990232	3.35	0.3000000000000007	1
"100 kb / 10 kb
(fine-scale)"	All SNPs	12000	0.4286520382554443	0.21630774344927195	1.981676806479981	2.98	0.8599999999999994	1
"100 kb / 10 kb
(fine-scale)"	p95	600	0.8160066351752036	0.0184628321748722	44.19726223183589	3.08	1.5399999999999991	1
"100 kb / 10 kb
(fine-scale)"	p99	120	0.9230582634641545	0.017156070769456886	53.803593833821424	3.01	0.1999999999999993	1
"2 Mb / 200 kb
(conventional)"	All SNPs	12000	0.44142996150156255	0.18875668456631958	2.3386189607842276	2.8	0.40000000000000036	1
"2 Mb / 200 kb
(conventional)"	p95	600	0.8159437153273865	0.006470466510856027	126.10276460876685	4.8	1.3999999999999986	1
"2 Mb / 200 kb
(conventional)"	p99	120	0.9194548634988045	0.0064058250829318805	143.53418202889478	4.8	2.3999999999999986	1
"500 kb / 50 kb
(medium)"	All SNPs	12000	0.4313544278761993	0.2096896022319749	2.0571092857479965	2.95	0.25	1
"500 kb / 50 kb
(medium)"	p95	600	0.8165215242833408	0.008499816578103093	96.06342875525488	3.4	1.6999999999999993	1
"500 kb / 50 kb
(medium)"	p99	120	0.9189061270960645	0.008985751339026429	102.26258132752028	3.35	1.6499999999999986	1
"100 kb / 10 kb
(fine-scale)"	All SNPs	12000	0.4324077988146079	0.2161427232319466	2.0005660720327993	2.99	0.09999999999999964	1
"100 kb / 10 kb
(fine-scale)"	p95	600	0.8169340059806282	0.01568729153400643	52.07616650775589	3.07	0.5399999999999991	1
"100 kb / 10 kb
(fine-scale)"	p99	120	0.9176054108244569	0.022958701456690087	39.96765289863856	2.97	0.40000000000000036	1
"2 Mb / 200 kb
(conventional)"	All SNPs	12000	0.43411060817070385	0.1892850015035206	2.2934231699421237	2.8	0.40000000000000036	1
"2 Mb / 200 kb
(conventional)"	p95	600	0.8187234026839826	0.0044643812058117035	183.3901194678836	4.8	0.40000000000000036	1
"2 Mb / 200 kb
(conventional)"	p99	120	0.9249494259470539	0.0052457175116072735	176.32467320255145	4.6	1.0	1
"500 kb / 50 kb
(medium)"	All SNPs	12000	0.43201031651251304	0.2117601865914161	2.0400922546694855	2.9	1.0999999999999996	1
"500 kb / 50 kb
(medium)"	p95	600	0.8192543052544359	0.007152189425814646	114.54594621018744	3.4	0.34999999999999964	1
"500 kb / 50 kb
(medium)"	p99	120	0.9262787337037142	0.008768473750835568	105.6373959738942	3.2	1.5500000000000007	1
"100 kb / 10 kb
(fine-scale)"	All SNPs	12000	0.4353571417180384	0.21851440174075623	1.9923498783139368	2.96	1.0600000000000005	1
"100 kb / 10 kb
(fine-scale)"	p95	600	0.820000018903323	0.014603682368794323	56.15022281335896	3.02	1.0399999999999991	1
"100 kb / 10 kb
(fine-scale)"	p99	120	0.9248885909889146	0.019678125470797014	47.0008483461232	2.79	0.11999999999999922	1
"2 Mb / 200 kb
(conventional)"	All SNPs	12000	0.4252092544121521	0.184677209773765	2.302445737257163	2.8	0.40000000000000036	1
"2 Mb / 200 kb
(conventional)"	p95	600	0.8107643650919191	0.2452268881779409	3.3061805380151235	12.2	2.0	1
"2 Mb / 200 kb
(conventional)"	p99	120	0.9221889866878267	0.007458760482035465	123.63836979467735	4.8	2.0	1
"500 kb / 50 kb
(medium)"	All SNPs	12000	0.4235455938176574	0.20771621981775887	2.039058838011099	2.9	1.25	1
"500 kb / 50 kb
(medium)"	p95	600	0.8106933694347443	0.02053150166482435	39.48534221555099	10.85	1.1999999999999993	1
"500 kb / 50 kb
(medium)"	p99	120	0.9223551349187504	0.01274199657669909	72.38701795018795	3.4	1.6999999999999993	1
"100 kb / 10 kb
(fine-scale)"	All SNPs	12000	0.42839615354181165	0.21552286256983735	1.9877063084339626	2.99	1.1500000000000004	1
"100 kb / 10 kb
(fine-scale)"	p95	600	0.811775576961686	0.01727072915844838	47.002970720815625	3.08	0.25	1
"100 kb / 10 kb
(fine-scale)"	p99	120	0.9248575743243624	0.02393587560619837	38.638969784955925	3.03	1.1799999999999997	1
"2 Mb / 200 kb
(conventional)"	All SNPs	12000	0.43007704510892814	0.18667515702017626	2.3038793804922015	2.8	0.1999999999999993	1
"2 Mb / 200 kb
(conventional)"	p95	600	0.817284472493062	0.03264452881884155	25.03587896852557	8.0	2.4000000000000004	1
"2 Mb / 200 kb
(conventional)"	p99	120	0.9312620628113057	0.01080028925012008	86.22565944712562	4.8	2.3999999999999986	1
"500 kb / 50 kb
(medium)"	All SNPs	12000	0.4284904114270568	0.20920350116510536	2.0481990456215557	2.95	0.5500000000000007	1
"500 kb / 50 kb
(medium)"	p95	600	0.817153509990622	0.005684910143409552	143.74079613869327	3.4	1.6000000000000014	1
"500 kb / 50 kb
(medium)"	p99	120	0.9294367758753846	0.012347040501888238	75.27607735094459	3.35	1.6499999999999986	1
"100 kb / 10 kb
(fine-scale)"	All SNPs	12000	0.43178122744949604	0.21617521604458417	1.9973669292433833	2.97	0.9700000000000006	1
"100 kb / 10 kb
(fine-scale)"	p95	600	0.816729983670628	0.014823968961991826	55.095230283110894	3.08	0.3699999999999992	1
"100 kb / 10 kb
(fine-scale)"	p99	120	0.9269765160305374	0.020223471859445556	45.836665557382254	2.97	1.4499999999999993	1
"2 Mb / 200 kb
(conventional)"	All SNPs	12000	0.4275455000497253	0.18624767526736555	2.2955749618671355	2.8	0.40000000000000036	1
"2 Mb / 200 kb
(conventional)"	p95	600	0.8157868416495364	0.006725930652962069	121.2898086141087	4.8	2.1999999999999993	1
"2 Mb / 200 kb
(conventional)"	p99	120	0.9218929817940249	0.0036307743568944773	253.91084412707784	4.8	0.1999999999999993	1
"500 kb / 50 kb
(medium)"	All SNPs	12000	0.4252841288956697	0.20909349598994662	2.033942408787874	2.9	1.25	1
"500 kb / 50 kb
(medium)"	p95	600	0.8145350230000279	0.008390564182298508	97.07750340774993	3.4	1.6999999999999993	1
"500 kb / 50 kb
(medium)"	p99	120	0.923079340377465	0.008203982742998743	112.5160022021278	3.35	0.5500000000000007	1
"100 kb / 10 kb
(fine-scale)"	All SNPs	12000	0.4319620383262964	0.21733499666923506	1.9875401796596295	3.0	1.4100000000000001	1
"100 kb / 10 kb
(fine-scale)"	p95	600	0.8132101213009852	0.01470117523743235	55.31599400504918	3.08	1.2400000000000002	1
"100 kb / 10 kb
(fine-scale)"	p99	120	0.9245004164016666	0.0214327460235168	43.13494945478618	3.0	0.5099999999999998	1
"2 Mb / 200 kb
(conventional)"	All SNPs	12000	0.43380440269096454	0.1879645636100876	2.3079052474531605	2.8	0.0	1
"2 Mb / 200 kb
(conventional)"	p95	600	0.8149736465067338	0.005367533013100108	151.8339327429739	4.8	1.8000000000000007	1
"2 Mb / 200 kb
(conventional)"	p99	120	0.9309672538698746	0.011724670198260234	79.40242566550113	4.8	2.3999999999999986	1
"500 kb / 50 kb
(medium)"	All SNPs	12000	0.4234614257607415	0.20975534135314655	2.018835005721246	2.9	0.9499999999999993	1
"500 kb / 50 kb
(medium)"	p95	600	0.8139559641453036	0.009785011653058288	83.183954501567	3.4	0.9000000000000004	1
"500 kb / 50 kb
(medium)"	p99	120	0.9292353018558586	0.014377027420315061	64.63334002846989	3.3	1.6000000000000014	1
"100 kb / 10 kb
(fine-scale)"	All SNPs	12000	0.42691378238354755	0.217132224617545	1.9661465871107346	2.96	1.1199999999999992	1
"100 kb / 10 kb
(fine-scale)"	p95	600	0.8150173020904592	0.01739986770812107	46.84043095971728	3.06	1.120000000000001	1
"100 kb / 10 kb
(fine-scale)"	p99	120	0.9258574070930878	0.021196227339221878	43.68029235937967	2.96	1.4699999999999989	1
"2 Mb / 200 kb
(conventional)"	All SNPs	12000	0.4257478857109542	0.18715171354343532	2.274881045169506	2.8	0.0	1
"2 Mb / 200 kb
(conventional)"	p95	600	0.8111485346475718	0.3498424588510356	2.318610889345945	4.8	1.5999999999999996	1
"2 Mb / 200 kb
(conventional)"	p99	120	0.9264768334442658	0.0031258693806540975	296.39013043161697	4.6	2.3999999999999986	1
"500 kb / 50 kb
(medium)"	All SNPs	12000	0.42321661763545426	0.20969954849781144	2.0182047155903686	2.9	1.1999999999999993	1
"500 kb / 50 kb
(medium)"	p95	600	0.8119023466476382	0.0072314599032858706	112.27364287517123	3.4	0.8499999999999996	1
"500 kb / 50 kb
(medium)"	p99	120	0.9260167999728504	0.006373273270479859	145.29689229897534	3.25	0.5999999999999996	1
"100 kb / 10 kb
(fine-scale)"	All SNPs	12000	0.4282431039376729	0.21735123849906363	1.9702814066988525	3.0	0.9900000000000002	1
"100 kb / 10 kb
(fine-scale)"	p95	600	0.8123337503719342	0.01597397266703349	50.853583344886985	3.08	1.0299999999999994	1
"100 kb / 10 kb
(fine-scale)"	p99	120	0.925582152801889	0.01883139106442408	49.15102392783303	2.92	0.7400000000000002	1
"2 Mb / 200 kb
(conventional)"	All SNPs	12000	0.432971868385226	0.18732783127936564	2.31130561555227	2.8	0.40000000000000036	1
"2 Mb / 200 kb
(conventional)"	p95	600	0.8216684186483938	0.00739735633122848	111.07595495699734	4.8	2.3999999999999986	1
"2 Mb / 200 kb
(conventional)"	p99	120	0.937019452296943	0.005396802799896018	173.62491961258928	4.6	2.1999999999999993	1
"500 kb / 50 kb
(medium)"	All SNPs	12000	0.4290097241213316	0.2096533242613853	2.0462815251451185	2.95	1.1500000000000004	1
"500 kb / 50 kb
(medium)"	p95	600	0.8208915991812752	0.008103836273041108	101.29666635937859	3.4	1.6499999999999986	1
"500 kb / 50 kb
(medium)"	p99	120	0.935974851067761	0.009535756441196452	98.15423210938515	3.25	1.5500000000000007	1
"100 kb / 10 kb
(fine-scale)"	All SNPs	12000	0.43205339219354394	0.21649094510659825	1.9957111461673587	2.96	1.3599999999999994	1
"100 kb / 10 kb
(fine-scale)"	p95	600	0.8190421531116747	0.014719078273805159	55.64493495284178	3.04	1.2400000000000002	1
"100 kb / 10 kb
(fine-scale)"	p99	120	0.9336468974597169	0.01885890753656473	49.506944962188754	2.91	0.9700000000000006	1
"2 Mb / 200 kb
(conventional)"	All SNPs	12000	0.421803239760807	0.18639170154081805	2.2629936648141817	2.8	0.40000000000000036	1
"2 Mb / 200 kb
(conventional)"	p95	600	0.8093531965611441	0.46709807601100467	1.7327264618021592	4.8	2.4000000000000004	1
"2 Mb / 200 kb
(conventional)"	p99	120	0.9125047042098288	0.00441165553403087	206.83951799293936	4.8	2.3999999999999986	1
"500 kb / 50 kb
(medium)"	All SNPs	12000	0.42257074244491744	0.21071091323114735	2.005452569897803	2.95	0.8499999999999996	1
"500 kb / 50 kb
(medium)"	p95	600	0.8143387548178538	0.009738827463372436	83.61774124046944	3.4	1.6999999999999993	1
"500 kb / 50 kb
(medium)"	p99	120	0.9127713782877155	0.00717495224087404	127.2163698997003	3.35	0.0	1
"100 kb / 10 kb
(fine-scale)"	All SNPs	12000	0.4257046388630664	0.21774080221823675	1.9550981466321236	2.98	1.4100000000000001	1
"100 kb / 10 kb
(fine-scale)"	p95	600	0.8131903995636813	0.015365982216433292	52.92147212652682	3.05	1.5099999999999998	1
"100 kb / 10 kb
(fine-scale)"	p99	120	0.9131069048981088	0.022700989390191096	40.223220636042164	2.99	0.8300000000000001	1
"2 Mb / 200 kb
(conventional)"	All SNPs	12000	0.4324700459132284	0.18784613186194105	2.3022568611158603	2.8	0.40000000000000036	1
"2 Mb / 200 kb
(conventional)"	p95	600	0.8159061167023717	0.3900735165706304	2.0916726771801644	5.0	2.3999999999999986	1
"2 Mb / 200 kb
(conventional)"	p99	120	0.9191501849802024	0.005473996255143118	167.91209605169362	4.8	1.4000000000000004	1
"500 kb / 50 kb
(medium)"	All SNPs	12000	0.43022918753642087	0.21016336127669524	2.0471179415996925	2.9	0.09999999999999964	1
"500 kb / 50 kb
(medium)"	p95	600	0.8153469007770825	0.21826103591256357	3.735650283927519	3.4	1.6499999999999986	1
"500 kb / 50 kb
(medium)"	p99	120	0.91946898676206	0.007838027944262424	117.30871506207473	3.4	0.5	1
"100 kb / 10 kb
(fine-scale)"	All SNPs	12000	0.43576526833459084	0.2175893650376539	2.002695620069398	2.98	1.3299999999999983	1
"100 kb / 10 kb
(fine-scale)"	p95	600	0.8144607207408786	0.014166582883085026	57.49168500707034	3.07	0.6300000000000008	1
"100 kb / 10 kb
(fine-scale)"	p99	120	0.9189475645104214	0.019529997279392187	47.05313325773391	3.05	0.9199999999999999	1
"2 Mb / 200 kb
(conventional)"	All SNPs	12000	0.42977588917921994	0.18719256987133573	2.2959025001613074	2.8	0.40000000000000036	1
"2 Mb / 200 kb
(conventional)"	p95	600	0.8120634930963818	0.013933427235122284	58.281676101153074	4.8	1.3999999999999986	1
"2 Mb / 200 kb
(conventional)"	p99	120	0.9324580840982831	0.007566957072223608	123.22761649079544	4.8	2.4000000000000004	1
"500 kb / 50 kb
(medium)"	All SNPs	12000	0.4267390817256063	0.20954104725321734	2.0365417054059036	3.0	0.09999999999999964	1
"500 kb / 50 kb
(medium)"	p95	600	0.815003551294908	0.007888218733146955	103.31908620512701	3.4	0.5999999999999996	1
"500 kb / 50 kb
(medium)"	p99	120	0.9308923434244096	0.011044861475681223	84.28284460371597	3.4	1.6500000000000004	1
"100 kb / 10 kb
(fine-scale)"	All SNPs	12000	0.43035678446445647	0.21646193956782492	1.9881406649302011	2.99	0.16999999999999993	1
"100 kb / 10 kb
(fine-scale)"	p95	600	0.8163217200599018	0.01725501154999244	47.30925376055511	3.08	0.5999999999999996	1
"100 kb / 10 kb
(fine-scale)"	p99	120	0.9306959671683568	0.018301157470834262	50.85448658925346	3.05	0.9299999999999997	1
"2 Mb / 200 kb
(conventional)"	All SNPs	12000	0.4351842118840532	0.18684100520771665	2.32916865010572	2.8	0.40000000000000036	1
"2 Mb / 200 kb
(conventional)"	p95	600	0.8143359938203107	0.005576829251706826	146.02132449564917	4.8	1.6000000000000014	1
"2 Mb / 200 kb
(conventional)"	p99	120	0.9296078974434516	0.008298408726450407	112.02242840611271	4.8	2.4000000000000004	1
"500 kb / 50 kb
(medium)"	All SNPs	12000	0.42854097944541597	0.20908162910391476	2.0496347827499886	2.95	0.75	1
"500 kb / 50 kb
(medium)"	p95	600	0.814215214136329	0.008991703074751304	90.55183510481399	3.4	0.4499999999999993	1
"500 kb / 50 kb
(medium)"	p99	120	0.9270842661009315	0.011042686112478847	83.95459733780488	3.35	1.6999999999999993	1
"100 kb / 10 kb
(fine-scale)"	All SNPs	12000	0.4298480786775516	0.21578646463293286	1.9920066784946489	3.0	0.9900000000000002	1
"100 kb / 10 kb
(fine-scale)"	p95	600	0.8150502817842489	0.015093184053692144	54.00121530916259	3.08	0.39000000000000057	1
"100 kb / 10 kb
(fine-scale)"	p99	120	0.9252350197318986	0.021316226779559595	43.40519686247279	3.02	1.5300000000000011	1
"2 Mb / 200 kb
(conventional)"	All SNPs	12000	0.43305235005345144	0.18638487788479044	2.323430714809025	2.8	0.40000000000000036	1
"2 Mb / 200 kb
(conventional)"	p95	600	0.8147420781661238	0.005739982006140105	141.94157356148287	4.8	2.4000000000000004	1
"2 Mb / 200 kb
(conventional)"	p99	120	0.920765230252473	0.0029692356653229185	310.1017682785834	4.6	1.6000000000000014	1
"500 kb / 50 kb
(medium)"	All SNPs	12000	0.42828975758329035	0.2090432554375425	2.0488092604894104	2.95	1.0500000000000007	1
"500 kb / 50 kb
(medium)"	p95	600	0.8138159838743267	0.007871904136885809	103.3823544752006	3.4	1.6500000000000004	1
"500 kb / 50 kb
(medium)"	p99	120	0.9212199265685137	0.005902363005170973	156.07646052292048	3.3	1.6000000000000014	1
"100 kb / 10 kb
(fine-scale)"	All SNPs	12000	0.4296788966603898	0.21635765008009059	1.9859658140182823	2.99	0.3100000000000005	1
"100 kb / 10 kb
(fine-scale)"	p95	600	0.8125937297964277	0.01733921748985788	46.864498370340705	3.06	0.8100000000000005	1
"100 kb / 10 kb
(fine-scale)"	p99	120	0.9190791642083594	0.01668705184412055	55.077384117565636	2.94	0.6999999999999993	1
"2 Mb / 200 kb
(conventional)"	All SNPs	12000	0.4232529030473296	0.18356586723907178	2.3057276900835557	2.8	0.40000000000000036	1
"2 Mb / 200 kb
(conventional)"	p95	600	0.8153186832498115	0.003645095927020283	223.67550801778245	4.8	2.3999999999999986	1
"2 Mb / 200 kb
(conventional)"	p99	120	0.9300210724173155	0.004140820646757708	224.59825038438422	4.8	2.0	1
"500 kb / 50 kb
(medium)"	All SNPs	12000	0.4237090438522333	0.2080646716104134	2.036429541703259	2.9	0.9499999999999993	1
"500 kb / 50 kb
(medium)"	p95	600	0.8142545383582565	0.0072391797760920935	112.47883925294825	3.4	1.6999999999999993	1
"500 kb / 50 kb
(medium)"	p99	120	0.9282826009415645	0.01029738819243575	90.14738335527272	3.4	0.1999999999999993	1
"100 kb / 10 kb
(fine-scale)"	All SNPs	12000	0.42882119897880033	0.21578651014692804	1.9872474821842105	2.99	0.7799999999999994	1
"100 kb / 10 kb
(fine-scale)"	p95	600	0.8133038759787922	0.016526754569744413	49.21134833500283	3.06	0.6999999999999993	1
"100 kb / 10 kb
(fine-scale)"	p99	120	0.9295775214724107	0.022074556314735847	42.11081338254904	3.03	0.21000000000000085	1
"2 Mb / 200 kb
(conventional)"	All SNPs	12000	0.43278307352605844	0.18768714408368065	2.30587489430337	2.8	0.40000000000000036	1
"2 Mb / 200 kb
(conventional)"	p95	600	0.812217546088708	0.005579689529079026	145.56679934533406	4.8	2.0	1
"2 Mb / 200 kb
(conventional)"	p99	120	0.9150719858414331	0.0052093434787656686	175.65975243741377	4.8	2.3999999999999986	1
"500 kb / 50 kb
(medium)"	All SNPs	12000	0.4316309193791391	0.2102227393674595	2.053207567734471	2.95	0.8499999999999996	1
"500 kb / 50 kb
(medium)"	p95	600	0.8120927874148024	0.008929984099951807	90.94000373630956	3.4	0.8000000000000007	1
"500 kb / 50 kb
(medium)"	p99	120	0.9155447438321485	0.008950262655973498	102.29250012245221	3.4	1.6999999999999993	1
"100 kb / 10 kb
(fine-scale)"	All SNPs	12000	0.43389413064118365	0.2175981455464614	1.9940157557479685	3.0	0.6600000000000001	1
"100 kb / 10 kb
(fine-scale)"	p95	600	0.8112908831998102	0.0184090502662228	44.07021934686	3.07	0.6300000000000008	1
"100 kb / 10 kb
(fine-scale)"	p99	120	0.9165097847370323	0.02277110052423059	40.24881378753653	3.01	0.47000000000000064	1
"2 Mb / 200 kb
(conventional)"	All SNPs	12000	0.43731069293785185	0.1893274625315338	2.309811197437956	2.8	0.1999999999999993	1
"2 Mb / 200 kb
(conventional)"	p95	600	0.8099792596055028	0.2691772984659585	3.0090920156401553	16.4	2.3999999999999986	1
"2 Mb / 200 kb
(conventional)"	p99	120	0.9266261625261325	0.00621174451730176	149.17325719774414	4.8	2.4000000000000004	1
"500 kb / 50 kb
(medium)"	All SNPs	12000	0.4308821134825994	0.21098343218381685	2.0422556834092944	3.0	0.40000000000000036	1
"500 kb / 50 kb
(medium)"	p95	600	0.8149200765659592	0.016181368954954742	50.36162755045706	3.4	1.5500000000000007	1
"500 kb / 50 kb
(medium)"	p99	120	0.9268183168581706	0.009378309206011268	98.82573676117467	3.35	1.6999999999999993	1
"100 kb / 10 kb
(fine-scale)"	All SNPs	12000	0.43077204313005574	0.2176156768504335	1.979508321112931	3.0	1.370000000000001	1
"100 kb / 10 kb
(fine-scale)"	p95	600	0.8173284949345079	0.015326689885925102	53.32713723692432	3.08	1.4000000000000004	1
"100 kb / 10 kb
(fine-scale)"	p99	120	0.9260502260237855	0.021807139153861958	42.46546140188158	3.0	0.5199999999999996	1
"2 Mb / 200 kb
(conventional)"	All SNPs	12000	0.4329808086673107	0.18737247830399564	2.3108025927096763	2.8	0.40000000000000036	1
"2 Mb / 200 kb
(conventional)"	p95	600	0.8151967607948022	0.6380356235608685	1.2776665294097524	4.8	2.3999999999999986	1
"2 Mb / 200 kb
(conventional)"	p99	120	0.9241353120143355	0.0058381403960968406	158.29275236891826	4.8	1.1999999999999993	1
"500 kb / 50 kb
(medium)"	All SNPs	12000	0.42800529160559014	0.20919610293155078	2.0459525087120483	2.95	0.05000000000000071	1
"500 kb / 50 kb
(medium)"	p95	600	0.8147888619687169	0.49289010148477547	1.6530842463954094	3.4	1.6999999999999993	1
"500 kb / 50 kb
(medium)"	p99	120	0.9239962924161214	0.009609492459815992	96.15453638992861	3.4	1.6999999999999993	1
"100 kb / 10 kb
(fine-scale)"	All SNPs	12000	0.43100964489863847	0.21616944468614227	1.9938509141494256	3.0	0.6400000000000006	1
"100 kb / 10 kb
(fine-scale)"	p95	600	0.8152046128806332	0.2563587853486406	3.1799363215580003	3.08	1.5399999999999991	1
"100 kb / 10 kb
(fine-scale)"	p99	120	0.9246710424478062	0.020433623894578323	45.25242547373842	3.05	1.370000000000001	1
"2 Mb / 200 kb
(conventional)"	All SNPs	12000	0.42826095413030074	0.1862881785426778	2.2989164287318857	2.8	0.0	1
"2 Mb / 200 kb
(conventional)"	p95	600	0.8097618537590732	0.00833318989884245	97.17309500789798	4.8	2.3999999999999986	1
"2 Mb / 200 kb
(conventional)"	p99	120	0.9204363102991722	0.005477086004608337	168.05219226514447	4.8	1.1999999999999993	1
"500 kb / 50 kb
(medium)"	All SNPs	12000	0.42505340799883884	0.2080202567685499	2.0433270038300506	2.9	0.5	1
"500 kb / 50 kb
(medium)"	p95	600	0.81046429051779	0.009645375628462521	84.02620299474833	3.4	1.6999999999999993	1
"500 kb / 50 kb
(medium)"	p99	120	0.9206701364310405	0.007450025798520537	123.5794561428058	3.4	0.5999999999999996	1
"100 kb / 10 kb
(fine-scale)"	All SNPs	12000	0.4307605881180245	0.21547624482351918	1.9991094074932898	2.98	0.6600000000000001	1
"100 kb / 10 kb
(fine-scale)"	p95	600	0.8099157462036664	0.016587995174050223	48.82541486813759	3.08	1.5399999999999991	1
"100 kb / 10 kb
(fine-scale)"	p99	120	0.9213844591840964	0.019153546610165485	48.105161823924774	3.07	1.1199999999999992	1
"2 Mb / 200 kb
(conventional)"	All SNPs	12000	0.44083200546032414	0.18905600558893923	2.3317535144523074	2.8	0.40000000000000036	1
"2 Mb / 200 kb
(conventional)"	p95	600	0.8217621377224978	0.005220996216011909	157.39565855311153	4.8	2.4000000000000004	1
"2 Mb / 200 kb
(conventional)"	p99	120	0.9284914561243732	0.008052908687670605	115.29889287655016	4.8	2.0	1
"500 kb / 50 kb
(medium)"	All SNPs	12000	0.4323854387073019	0.21043263095901635	2.054745201524914	3.0	1.1500000000000004	1
"500 kb / 50 kb
(medium)"	p95	600	0.8211524990013914	0.009164261260714807	89.60378536145552	3.4	1.6999999999999993	1
"500 kb / 50 kb
(medium)"	p99	120	0.9273325734970895	0.012114301157848305	76.54858183018779	3.35	1.5500000000000007	1
"100 kb / 10 kb
(fine-scale)"	All SNPs	12000	0.4329167812773774	0.217076429372349	1.994305796023573	3.01	0.5600000000000005	1
"100 kb / 10 kb
(fine-scale)"	p95	600	0.8208860509832622	0.016681923703011872	49.208116857353424	3.08	1.0600000000000005	1
"100 kb / 10 kb
(fine-scale)"	p99	120	0.9288957536775636	0.022390374837435077	41.48638691499338	2.98	1.0300000000000011	1
"2 Mb / 200 kb
(conventional)"	All SNPs	12000	0.4274964666203175	0.18790588263175106	2.2750563241178807	2.8	0.1999999999999993	1
"2 Mb / 200 kb
(conventional)"	p95	600	0.8166154974483387	0.010471728129462586	77.98287802667083	4.8	1.3999999999999986	1
"2 Mb / 200 kb
(conventional)"	p99	120	0.9409175603777886	0.0081494958937591	115.45714884013196	4.4	2.1999999999999993	1
"500 kb / 50 kb
(medium)"	All SNPs	12000	0.42404274945262627	0.21057675713452104	2.0137205797206694	2.9	0.9499999999999993	1
"500 kb / 50 kb
(medium)"	p95	600	0.8156538250120978	0.013796223145412685	59.12153032138415	3.4	1.1000000000000014	1
"500 kb / 50 kb
(medium)"	p99	120	0.9407651839936292	0.013075222317047733	71.95022472138321	3.2	1.6000000000000014	1
"100 kb / 10 kb
(fine-scale)"	All SNPs	12000	0.4272788308355095	0.21755333161186421	1.964018788725403	2.96	0.8300000000000001	1
"100 kb / 10 kb
(fine-scale)"	p95	600	0.8168207802727316	0.01874481492051363	43.57582530083204	3.07	0.8300000000000001	1
"100 kb / 10 kb
(fine-scale)"	p99	120	0.9385473240475749	0.02116573302398532	44.34277437894541	2.88	1.3800000000000008	1
"2 Mb / 200 kb
(conventional)"	All SNPs	12000	0.435128172207761	0.18896941080067517	2.302638137908648	2.8	0.1999999999999993	1
"2 Mb / 200 kb
(conventional)"	p95	600	0.8141169599058299	0.007592217583415463	107.23045684098904	4.8	0.0	1
"2 Mb / 200 kb
(conventional)"	p99	120	0.9287714091808449	0.003903379811062752	237.94031176483782	4.6	0.1999999999999993	1
"500 kb / 50 kb
(medium)"	All SNPs	12000	0.4267564623629169	0.20973594606826806	2.0347321017829234	2.9	0.8000000000000007	1
"500 kb / 50 kb
(medium)"	p95	600	0.815706717336308	0.008723797003406475	93.50363345430782	3.4	0.5500000000000007	1
"500 kb / 50 kb
(medium)"	p99	120	0.9286650584899571	0.007906625014008883	117.45404099025275	3.3	0.25	1
"100 kb / 10 kb
(fine-scale)"	All SNPs	12000	0.4313919072712407	0.21692917826703112	1.9886301636205646	2.97	0.6600000000000001	1
"100 kb / 10 kb
(fine-scale)"	p95	600	0.8174952899560295	0.016976539256014216	48.15441343066541	3.06	0.08000000000000007	1
"100 kb / 10 kb
(fine-scale)"	p99	120	0.9309956447669331	0.021103248044723803	44.116225274606435	2.92	1.0199999999999996	1
"2 Mb / 200 kb
(conventional)"	All SNPs	12000	0.42453334466890885	0.18679469580130673	2.272726978931374	2.8	0.40000000000000036	1
"2 Mb / 200 kb
(conventional)"	p95	600	0.8108228827362086	0.0058973481764759365	137.48940345264302	4.8	2.1999999999999993	1
"2 Mb / 200 kb
(conventional)"	p99	120	0.9227096053355198	0.016509926265674924	55.8881723932278	4.6	2.3999999999999986	1
"500 kb / 50 kb
(medium)"	All SNPs	12000	0.4254351147679651	0.2104699657287278	2.021357837423242	2.9	0.4499999999999993	1
"500 kb / 50 kb
(medium)"	p95	600	0.8099216081124918	0.010334995403492095	78.36690549846081	3.4	0.6999999999999993	1
"500 kb / 50 kb
(medium)"	p99	120	0.920640850187129	0.013111150469455674	70.21815914109867	3.25	1.6499999999999986	1
"100 kb / 10 kb
(fine-scale)"	All SNPs	12000	0.4288854582176883	0.21674037668020874	1.9787981583629464	2.97	0.6699999999999999	1
"100 kb / 10 kb
(fine-scale)"	p95	600	0.8110498095126224	0.016411595399609506	49.41931541475366	3.04	0.47000000000000064	1
"100 kb / 10 kb
(fine-scale)"	p99	120	0.9193608144844462	0.019390118905274988	47.41388224464877	2.91	1.4499999999999993	1
"2 Mb / 200 kb
(conventional)"	All SNPs	12000	0.4390743708378907	0.19059946812730683	2.3036495072726035	2.8	0.1999999999999993	1
"2 Mb / 200 kb
(conventional)"	p95	600	0.815211754579154	0.015789621652757532	51.62959395146645	4.8	0.40000000000000036	1
"2 Mb / 200 kb
(conventional)"	p99	120	0.9313947671082486	0.007865243965025838	118.41905619836535	4.8	2.4000000000000004	1
"500 kb / 50 kb
(medium)"	All SNPs	12000	0.43376647839149635	0.213138707427311	2.0351370411656853	2.95	0.5999999999999996	1
"500 kb / 50 kb
(medium)"	p95	600	0.819471899831121	0.01174234534413654	69.7877532822111	3.4	0.0	1
"500 kb / 50 kb
(medium)"	p99	120	0.9313696114339503	0.010133924842876547	91.90611000915791	3.35	1.6500000000000004	1
"100 kb / 10 kb
(fine-scale)"	All SNPs	12000	0.4355188949979111	0.21995624158948612	1.9800251716008992	2.99	0.6400000000000006	1
"100 kb / 10 kb
(fine-scale)"	p95	600	0.8204855954446979	0.017135063957590183	47.8834276589469	3.08	0.019999999999999574	1
"100 kb / 10 kb
(fine-scale)"	p99	120	0.9307035653624937	0.018844664568083216	49.38817361274794	3.0	0.9299999999999997	1
"2 Mb / 200 kb
(conventional)"	All SNPs	12000	0.4255329933377244	0.18447946527965234	2.3066686186056486	2.8	0.1999999999999993	1
"2 Mb / 200 kb
(conventional)"	p95	600	0.8099650214479253	0.005988169495762051	135.26087095917273	4.8	0.40000000000000036	1
"2 Mb / 200 kb
(conventional)"	p99	120	0.924192205399121	0.004016481993621092	230.09992497586373	4.8	1.6000000000000014	1
"500 kb / 50 kb
(medium)"	All SNPs	12000	0.4225197678283163	0.20828363774560996	2.028578780366639	2.95	0.40000000000000036	1
"500 kb / 50 kb
(medium)"	p95	600	0.8105413861181405	0.009325835329837906	86.91354258902925	3.4	0.3000000000000007	1
"500 kb / 50 kb
(medium)"	p99	120	0.9249293966947032	0.0075771240698987935	122.06866195699727	3.3	0.9000000000000004	1
"100 kb / 10 kb
(fine-scale)"	All SNPs	12000	0.4268311692305353	0.21532513676123755	1.982263546423869	2.99	0.2699999999999996	1
"100 kb / 10 kb
(fine-scale)"	p95	600	0.8115650062061116	0.01794896871833261	45.21513291051648	3.06	0.47000000000000064	1
"100 kb / 10 kb
(fine-scale)"	p99	120	0.9272302497335358	0.020998066988851188	44.15788606760059	2.96	0.1999999999999993	1
"2 Mb / 200 kb
(conventional)"	All SNPs	12000	0.4305621116242442	0.18606838874690582	2.31399924793192	2.8	0.40000000000000036	1
"2 Mb / 200 kb
(conventional)"	p95	600	0.8116344386875656	0.3444053479903797	2.356625538550688	4.8	2.1999999999999993	1
"2 Mb / 200 kb
(conventional)"	p99	120	0.9197628518785125	0.007961588404858715	115.52504413782673	4.8	1.8000000000000007	1
"500 kb / 50 kb
(medium)"	All SNPs	12000	0.4273855113046181	0.20859518471258756	2.0488752503730625	2.95	0.8000000000000007	1
"500 kb / 50 kb
(medium)"	p95	600	0.8107241026054517	0.009821582729046681	82.54515845066283	3.4	1.6999999999999993	1
"500 kb / 50 kb
(medium)"	p99	120	0.9204103633428147	0.010562576462195924	87.13881188335222	3.3	0.15000000000000036	1
"100 kb / 10 kb
(fine-scale)"	All SNPs	12000	0.4305983635327999	0.21591619847989754	1.9942846649038697	2.98	1.0600000000000005	1
"100 kb / 10 kb
(fine-scale)"	p95	600	0.8101749681374243	0.01817876516228938	44.567106781162316	3.07	0.9499999999999993	1
"100 kb / 10 kb
(fine-scale)"	p99	120	0.9202844612124266	0.019609871838125542	46.92965200431387	2.96	1.2699999999999996	1
"2 Mb / 200 kb
(conventional)"	All SNPs	12000	0.430455869300419	0.18757586731233283	2.29483608668948	2.8	0.1999999999999993	1
"2 Mb / 200 kb
(conventional)"	p95	600	0.8170023035472993	0.3193060523512434	2.558680919234752	7.4	2.1999999999999993	1
"2 Mb / 200 kb
(conventional)"	p99	120	0.9297603490923128	0.004206001374166459	221.055645583704	4.8	2.4000000000000004	1
"500 kb / 50 kb
(medium)"	All SNPs	12000	0.4270073761288207	0.20975372031023476	2.0357559117295203	2.95	1.0	1
"500 kb / 50 kb
(medium)"	p95	600	0.8161656422985031	0.10010591520077478	8.153021134281447	3.4	0.9000000000000004	1
"500 kb / 50 kb
(medium)"	p99	120	0.9294489686420166	0.006489822076394088	143.21640219117415	3.35	1.5999999999999996	1
"100 kb / 10 kb
(fine-scale)"	All SNPs	12000	0.43091180333377266	0.2172928133106578	1.983092752900711	2.98	0.8399999999999999	1
"100 kb / 10 kb
(fine-scale)"	p95	600	0.815987743030809	0.016631598122593017	49.06249760342268	3.07	0.4499999999999993	1
"100 kb / 10 kb
(fine-scale)"	p99	120	0.9286548692719367	0.017641548679486245	52.6402123840627	2.96	0.6500000000000004	1
"2 Mb / 200 kb
(conventional)"	All SNPs	12000	0.43017592396090826	0.18578400417821023	2.315462657098666	2.8	0.0	1
"2 Mb / 200 kb
(conventional)"	p95	600	0.8109421029335315	0.00436586846282171	185.74588534658017	4.8	1.1999999999999993	1
"2 Mb / 200 kb
(conventional)"	p99	120	0.9197226499257217	0.003822361580455676	240.61633902674342	4.6	1.0	1
"500 kb / 50 kb
(medium)"	All SNPs	12000	0.4218199654652306	0.20748898536446408	2.0329752190184176	2.95	0.5500000000000007	1
"500 kb / 50 kb
(medium)"	p95	600	0.8117123432515626	0.008069493748844511	100.59024376439892	3.4	1.6999999999999993	1
"500 kb / 50 kb
(medium)"	p99	120	0.9199601167741638	0.00651282612344587	141.25359703099554	3.3	0.05000000000000071	1
"100 kb / 10 kb
(fine-scale)"	All SNPs	12000	0.4274731937630177	0.21501599080325262	1.9880995462991915	2.97	1.4400000000000013	1
"100 kb / 10 kb
(fine-scale)"	p95	600	0.8125139141988283	0.01660966824334764	48.91813022961788	3.08	1.1300000000000008	1
"100 kb / 10 kb
(fine-scale)"	p99	120	0.922722967033214	0.022872182520414192	40.34258498110763	2.96	0.6500000000000004	1
"2 Mb / 200 kb
(conventional)"	All SNPs	12000	0.4315197499127763	0.18684749240376766	2.3094757353247464	2.8	0.40000000000000036	1
"2 Mb / 200 kb
(conventional)"	p95	600	0.8137533577212528	0.0062755938000988234	129.66953943201972	4.8	2.4000000000000004	1
"2 Mb / 200 kb
(conventional)"	p99	120	0.9212494336544715	0.007554609081226422	121.94534803181571	4.8	2.3999999999999986	1
"500 kb / 50 kb
(medium)"	All SNPs	12000	0.42742746371168294	0.20947438867736412	2.0404760047779096	2.95	0.5500000000000007	1
"500 kb / 50 kb
(medium)"	p95	600	0.8141897475490208	0.007026913160520611	115.86734159792847	3.4	1.6500000000000004	1
"500 kb / 50 kb
(medium)"	p99	120	0.9235277125543467	0.011814012796230169	78.17222890168553	3.35	0.5500000000000007	1
"100 kb / 10 kb
(fine-scale)"	All SNPs	12000	0.4306998178966961	0.21701884333346066	1.984619451845956	2.99	0.41999999999999993	1
"100 kb / 10 kb
(fine-scale)"	p95	600	0.8135454337852198	0.013693949762588838	59.40911482001955	3.08	0.7400000000000002	1
"100 kb / 10 kb
(fine-scale)"	p99	120	0.9252926674915808	0.02115606145331529	43.736527686564344	2.98	0.14000000000000057	1
"2 Mb / 200 kb
(conventional)"	All SNPs	12000	0.43343615997567014	0.18678543703780562	2.320502962379996	2.8	0.40000000000000036	1
"2 Mb / 200 kb
(conventional)"	p95	600	0.8027010564171141	0.013833960505598373	58.023951715943845	4.8	2.1999999999999993	1
"2 Mb / 200 kb
(conventional)"	p99	120	0.9116902679965254	0.004611946361151966	197.68015423509925	4.8	1.0	1
"500 kb / 50 kb
(medium)"	All SNPs	12000	0.429120787077177	0.20858600534619384	2.0572846503530173	2.95	0.6999999999999993	1
"500 kb / 50 kb
(medium)"	p95	600	0.8084276427088646	0.010653234650193966	75.88565062669913	3.4	1.6999999999999993	1
"500 kb / 50 kb
(medium)"	p99	120	0.912789925567093	0.010592647228752328	86.17203101878505	3.35	0.3000000000000007	1
"100 kb / 10 kb
(fine-scale)"	All SNPs	12000	0.4334972972536317	0.21523561235136215	2.014059348812442	2.98	0.6999999999999993	1
"100 kb / 10 kb
(fine-scale)"	p95	600	0.8071707607995365	0.01633983042996188	49.39896801618274	3.07	1.5299999999999994	1
"100 kb / 10 kb
(fine-scale)"	p99	120	0.9127832679072008	0.021322919150280163	42.807612854228154	3.0	0.17999999999999972	1
"2 Mb / 200 kb
(conventional)"	All SNPs	12000	0.43369020464287467	0.18819401780800807	2.3044845404454732	2.8	0.1999999999999993	1
"2 Mb / 200 kb
(conventional)"	p95	600	0.819672656835239	0.009455504387678976	86.68735407741083	4.8	2.4000000000000004	1
"2 Mb / 200 kb
(conventional)"	p99	120	0.9232287058307306	0.005947268869464716	155.2357436824318	4.8	2.1999999999999993	1
"500 kb / 50 kb
(medium)"	All SNPs	12000	0.4300447469563314	0.20980777832770153	2.0497083110266714	2.9	0.9499999999999993	1
"500 kb / 50 kb
(medium)"	p95	600	0.8194724209190403	0.01247243653379836	65.70267314637341	3.4	1.6999999999999993	1
"500 kb / 50 kb
(medium)"	p99	120	0.9238014094790624	0.008977662625073565	102.89999168591976	3.4	0.5500000000000007	1
"100 kb / 10 kb
(fine-scale)"	All SNPs	12000	0.4353080132139395	0.2174775253742593	2.0016229836384865	2.97	1.3200000000000003	1
"100 kb / 10 kb
(fine-scale)"	p95	600	0.8177320718779428	0.018160288718746368	45.028583220365896	3.06	1.5199999999999996	1
"100 kb / 10 kb
(fine-scale)"	p99	120	0.9226159047987148	0.020212106072902598	45.64669814570297	3.03	0.75	1
"2 Mb / 200 kb
(conventional)"	All SNPs	12000	0.42952736173001826	0.18651505860925327	2.3029098290121053	2.8	0.40000000000000036	1
"2 Mb / 200 kb
(conventional)"	p95	600	0.8124929332957581	0.0218918898854597	37.11387813234914	4.8	2.0	1
"2 Mb / 200 kb
(conventional)"	p99	120	0.927436946749767	0.008041518717720483	115.33106858360533	4.8	2.0	1
"500 kb / 50 kb
(medium)"	All SNPs	12000	0.4263570314989569	0.20896984366592672	2.040280185980136	2.9	0.4499999999999993	1
"500 kb / 50 kb
(medium)"	p95	600	0.8173219945251056	0.005587055623558511	146.2885014208139	3.4	0.5999999999999996	1
"500 kb / 50 kb
(medium)"	p99	120	0.9282399689877529	0.01111735674436697	83.49466427422875	3.3	0.25	1
"100 kb / 10 kb
(fine-scale)"	All SNPs	12000	0.43121182917743384	0.21622376126290352	1.994285117689398	2.96	0.5099999999999998	1
"100 kb / 10 kb
(fine-scale)"	p95	600	0.8178378956886693	0.014309651632467689	57.15288650584946	3.08	1.0999999999999996	1
"100 kb / 10 kb
(fine-scale)"	p99	120	0.9284270644345555	0.023113306801292578	40.16850866110749	2.94	0.2400000000000002	1
"2 Mb / 200 kb
(conventional)"	All SNPs	12000	0.42863778880959236	0.18760467886645987	2.284792636300419	2.8	0.1999999999999993	1
"2 Mb / 200 kb
(conventional)"	p95	600	0.8092035390365544	0.017008309059499783	47.57695407613632	4.8	2.0	1
"2 Mb / 200 kb
(conventional)"	p99	120	0.9274168949572634	0.008189414201354444	113.2458161419993	4.8	2.3999999999999986	1
"500 kb / 50 kb
(medium)"	All SNPs	12000	0.4252591776349046	0.20892681856779083	2.0354456194283173	2.9	0.9499999999999993	1
"500 kb / 50 kb
(medium)"	p95	600	0.8143947700661642	0.006522858893080541	124.85242796376838	3.4	1.25	1
"500 kb / 50 kb
(medium)"	p99	120	0.9251654756896573	0.009515040081445957	97.23190525426186	3.4	1.6499999999999986	1
"100 kb / 10 kb
(fine-scale)"	All SNPs	12000	0.43213340245497833	0.2169360889160069	1.991984849612972	2.96	1.1499999999999986	1
"100 kb / 10 kb
(fine-scale)"	p95	600	0.8148228598947667	0.014577792999159038	55.894802453414734	3.08	1.5399999999999991	1
"100 kb / 10 kb
(fine-scale)"	p99	120	0.9235238775037367	0.01933495029793704	47.7644815876394	3.02	1.4200000000000017	1
"2 Mb / 200 kb
(conventional)"	All SNPs	12000	0.4320637588534902	0.1881410084422705	2.296489013377779	2.8	0.40000000000000036	1
"2 Mb / 200 kb
(conventional)"	p95	600	0.8175261578320371	0.2502559309124314	3.2667603714778797	11.8	2.1999999999999993	1
"2 Mb / 200 kb
(conventional)"	p99	120	0.9319525002998078	0.011819943261845333	78.84576767031885	4.8	2.3999999999999986	1
"500 kb / 50 kb
(medium)"	All SNPs	12000	0.43129505173347976	0.21077912970847315	2.04619429034554	2.95	0.05000000000000071	1
"500 kb / 50 kb
(medium)"	p95	600	0.8175898200554322	0.013383472757999188	61.089512030184075	10.45	1.5500000000000007	1
"500 kb / 50 kb
(medium)"	p99	120	0.9328051112299559	0.011432575245761847	81.5918628286094	3.3	1.5	1
"100 kb / 10 kb
(fine-scale)"	All SNPs	12000	0.433665982433961	0.2173724177930654	1.9950368443102249	2.96	0.11999999999999922	1
"100 kb / 10 kb
(fine-scale)"	p95	600	0.8174580767313896	0.016269385779712202	50.24517137891914	3.07	1.33	1
"100 kb / 10 kb
(fine-scale)"	p99	120	0.9334196046804392	0.02169225000750462	43.03009620290724	2.94	0.9399999999999995	1
"2 Mb / 200 kb
(conventional)"	All SNPs	12000	0.42429047084986843	0.18531282951191622	2.2895903751908615	2.8	0.40000000000000036	1
"2 Mb / 200 kb
(conventional)"	p95	600	0.8113518383749496	0.007299970348221572	111.14453890523161	4.8	2.4000000000000004	1
"2 Mb / 200 kb
(conventional)"	p99	120	0.9196198246207498	0.009686638447026951	94.93694119480654	4.8	2.4000000000000004	1
"500 kb / 50 kb
(medium)"	All SNPs	12000	0.423262661573389	0.2087297083722866	2.0278026777983382	2.9	0.5	1
"500 kb / 50 kb
(medium)"	p95	600	0.8117797798496341	0.010284680881681618	78.93096433312984	3.4	1.6500000000000004	1
"500 kb / 50 kb
(medium)"	p99	120	0.9196151804102398	0.010653948359755456	86.31684229707943	3.35	0.6999999999999993	1
"100 kb / 10 kb
(fine-scale)"	All SNPs	12000	0.4273481904389748	0.21631005627555716	1.9756279379566912	2.98	0.3100000000000005	1
"100 kb / 10 kb
(fine-scale)"	p95	600	0.8121074460031604	0.01651447910712239	49.17548054258118	3.08	0.3200000000000003	1
"100 kb / 10 kb
(fine-scale)"	p99	120	0.9213005849402891	0.023181067893968028	39.74366449183395	3.01	1.2300000000000004	1
"2 Mb / 200 kb
(conventional)"	All SNPs	12000	0.4402811361458587	0.19016658603119393	2.3152392086043827	2.8	0.40000000000000036	1
"2 Mb / 200 kb
(conventional)"	p95	600	0.8168907777030747	0.004955757170800127	164.83672414707607	4.8	2.0	1
"2 Mb / 200 kb
(conventional)"	p99	120	0.9285235441539657	0.006778607705206104	136.97850422009836	4.8	2.3999999999999986	1
"500 kb / 50 kb
(medium)"	All SNPs	12000	0.4326082143867431	0.21230563209602096	2.037667159913517	3.0	0.09999999999999964	1
"500 kb / 50 kb
(medium)"	p95	600	0.816696934988655	0.008508406710010373	95.98705877891202	3.4	0.9499999999999993	1
"500 kb / 50 kb
(medium)"	p99	120	0.9291986099505111	0.008205208739230455	113.24496907773467	3.35	1.6499999999999986	1
"100 kb / 10 kb
(fine-scale)"	All SNPs	12000	0.43242966184056614	0.2185426011232896	1.978697332318349	3.0	0.09999999999999964	1
"100 kb / 10 kb
(fine-scale)"	p95	600	0.8179639850123581	0.016860735791798826	48.51294718764416	3.07	1.5299999999999994	1
"100 kb / 10 kb
(fine-scale)"	p99	120	0.9291611864228092	0.017791458657530224	52.22512691670406	3.02	0.5099999999999998	1
"2 Mb / 200 kb
(conventional)"	All SNPs	12000	0.43734383331010385	0.18772443356122237	2.329711828202019	2.8	0.1999999999999993	1
"2 Mb / 200 kb
(conventional)"	p95	600	0.8200924287661099	0.0070660698201171	116.06061780359244	4.8	2.3999999999999986	1
"2 Mb / 200 kb
(conventional)"	p99	120	0.9287452553753559	0.006248503789902484	148.63482308776037	4.8	2.3999999999999986	1
"500 kb / 50 kb
(medium)"	All SNPs	12000	0.4350075667847273	0.20956985297085767	2.0757163333278594	2.95	0.6500000000000004	1
"500 kb / 50 kb
(medium)"	p95	600	0.8190226150593073	0.007771136854043058	105.39289558814006	3.4	1.6499999999999986	1
"500 kb / 50 kb
(medium)"	p99	120	0.9289611818633249	0.008874202527487518	104.6810886934236	3.4	0.5999999999999996	1
"100 kb / 10 kb
(fine-scale)"	All SNPs	12000	0.4373614436532939	0.2167040440401969	2.0182431093540956	2.99	0.8300000000000001	1
"100 kb / 10 kb
(fine-scale)"	p95	600	0.818170437556402	0.013030950829569593	62.78670284748713	3.07	1.5299999999999994	1
"100 kb / 10 kb
(fine-scale)"	p99	120	0.9285866934658747	0.021780048294768838	42.63473987286355	3.04	0.4299999999999997	1
"2 Mb / 200 kb
(conventional)"	All SNPs	12000	0.43172962973874035	0.18731416689880237	2.3048423773092663	2.8	0.1999999999999993	1
"2 Mb / 200 kb
(conventional)"	p95	600	0.8203627017005689	0.777944762029868	1.0545256446743354	4.8	2.3999999999999986	1
"2 Mb / 200 kb
(conventional)"	p99	120	0.9208679212773322	0.0026150147816812676	352.14635409643074	4.8	2.1999999999999993	1
"500 kb / 50 kb
(medium)"	All SNPs	12000	0.42602576456307767	0.2102494081131174	2.0262875809565624	3.0	1.0	1
"500 kb / 50 kb
(medium)"	p95	600	0.8191754805675059	0.006713721713972635	122.01510808269478	3.4	1.6499999999999986	1
"500 kb / 50 kb
(medium)"	p99	120	0.9213184946756255	0.007840161754160854	117.51268960575621	3.3	0.1999999999999993	1
"100 kb / 10 kb
(fine-scale)"	All SNPs	12000	0.42753041680713094	0.2175135742414538	1.9655344191647792	2.99	0.1999999999999993	1
"100 kb / 10 kb
(fine-scale)"	p95	600	0.8177490349643144	0.011293320113678052	72.40997569650814	3.06	1.2399999999999984	1
"100 kb / 10 kb
(fine-scale)"	p99	120	0.9220134061518831	0.018334453087095096	50.2885688366048	2.97	0.41999999999999993	1
"2 Mb / 200 kb
(conventional)"	All SNPs	12000	0.4313852795750837	0.18667566879875774	2.310881125274717	2.8	0.40000000000000036	1
"2 Mb / 200 kb
(conventional)"	p95	600	0.8154936776006955	0.6928539603916778	1.1770065904504436	4.8	1.4000000000000004	1
"2 Mb / 200 kb
(conventional)"	p99	120	0.9214578349531654	0.008877116962840381	103.80147505213557	4.8	0.40000000000000036	1
"500 kb / 50 kb
(medium)"	All SNPs	12000	0.4292280276694274	0.20946478133463695	2.0491656159786635	2.95	1.0999999999999996	1
"500 kb / 50 kb
(medium)"	p95	600	0.815634321895078	0.4261980671839259	1.9137447696192644	3.4	0.6500000000000004	1
"500 kb / 50 kb
(medium)"	p99	120	0.9228610709842611	0.011559302110898714	79.83709242395693	3.4	0.3000000000000007	1
"100 kb / 10 kb
(fine-scale)"	All SNPs	12000	0.4331500850952625	0.21619219750881136	2.003541710045334	2.98	1.08	1
"100 kb / 10 kb
(fine-scale)"	p95	600	0.81623623280237	0.0166001366711917	49.17045256735067	3.06	1.1400000000000006	1
"100 kb / 10 kb
(fine-scale)"	p99	120	0.9249811639923744	0.02097549738438972	44.098175458797904	3.02	0.41000000000000014	1
"2 Mb / 200 kb
(conventional)"	All SNPs	12000	0.4389812502796387	0.19130504058875628	2.2946664077885215	2.8	0.40000000000000036	1
"2 Mb / 200 kb
(conventional)"	p95	600	0.8169145602879833	0.006691336366818923	122.0854124654245	4.8	1.8000000000000007	1
"2 Mb / 200 kb
(conventional)"	p99	120	0.9290603749438421	0.007380609764857648	125.87853911034695	4.8	1.8000000000000007	1
"500 kb / 50 kb
(medium)"	All SNPs	12000	0.43658411933554114	0.21324662738346947	2.0473201601939355	3.0	0.9000000000000004	1
"500 kb / 50 kb
(medium)"	p95	600	0.8175314157591798	0.009656309478536892	84.66292609783368	3.4	0.0	1
"500 kb / 50 kb
(medium)"	p99	120	0.9296815170439056	0.008857329446500679	104.96183106423807	3.35	1.1500000000000004	1
"100 kb / 10 kb
(fine-scale)"	All SNPs	12000	0.4371822295272829	0.21938115600886102	1.992797546885133	3.0	0.4399999999999995	1
"100 kb / 10 kb
(fine-scale)"	p95	600	0.8181862975480679	0.017322706453594357	47.23201306561997	3.08	0.9499999999999993	1
"100 kb / 10 kb
(fine-scale)"	p99	120	0.9308685151896908	0.015810816460433925	58.87542351270475	3.02	1.0399999999999991	1
"2 Mb / 200 kb
(conventional)"	All SNPs	12000	0.43175095437491046	0.18620265888579945	2.318715301695606	2.8	0.1999999999999993	1
"2 Mb / 200 kb
(conventional)"	p95	600	0.8121328806092919	0.00533650474874231	152.18442011143955	4.8	2.1999999999999993	1
"2 Mb / 200 kb
(conventional)"	p99	120	0.9261587930696384	0.006190850998710389	149.60120882614777	4.6	2.0	1
"500 kb / 50 kb
(medium)"	All SNPs	12000	0.42495750609524485	0.208392440617483	2.0392174727454737	2.95	0.5	1
"500 kb / 50 kb
(medium)"	p95	600	0.8117834680183804	0.008088193304274875	100.36647709561124	3.4	1.6999999999999993	1
"500 kb / 50 kb
(medium)"	p99	120	0.9248529147047794	0.010002224927612388	92.46471873988833	3.25	1.1000000000000014	1
"100 kb / 10 kb
(fine-scale)"	All SNPs	12000	0.42730222672130813	0.21571042365941465	1.9809067149948023	2.98	1.3299999999999983	1
"100 kb / 10 kb
(fine-scale)"	p95	600	0.8117556857801033	0.01651768339838414	49.14464493607585	3.06	1.0	1
"100 kb / 10 kb
(fine-scale)"	p99	120	0.926836108905378	0.023346993789662547	39.69830622543607	2.86	0.6799999999999997	1
"2 Mb / 200 kb
(conventional)"	All SNPs	12000	0.42932027987338733	0.18747671697506083	2.2899925217407016	2.8	0.0	1
"2 Mb / 200 kb
(conventional)"	p95	600	0.8139841004329385	0.2094295003174486	3.8866735545809896	11.6	2.3999999999999986	1
"2 Mb / 200 kb
(conventional)"	p99	120	0.9289387176958718	0.0046238986152960584	200.8994562776316	4.6	2.0	1
"500 kb / 50 kb
(medium)"	All SNPs	12000	0.4246693438986023	0.21023965436113737	2.0199298043419067	2.9	0.34999999999999964	1
"500 kb / 50 kb
(medium)"	p95	600	0.8138993232138937	0.010571274029191538	76.99160204970474	3.4	0.40000000000000036	1
"500 kb / 50 kb
(medium)"	p99	120	0.9286003385713342	0.007604532363798496	122.11143225478948	3.25	1.6000000000000014	1
"100 kb / 10 kb
(fine-scale)"	All SNPs	12000	0.4276872266887499	0.21759079816105337	1.9655575065825637	2.98	0.1999999999999993	1
"100 kb / 10 kb
(fine-scale)"	p95	600	0.8151733350361849	0.018230635623019978	44.71447687796791	3.08	0.33000000000000007	1
"100 kb / 10 kb
(fine-scale)"	p99	120	0.929552377403704	0.01902075446288299	48.87042620825731	2.9	1.379999999999999	1
"2 Mb / 200 kb
(conventional)"	All SNPs	12000	0.4352211862533867	0.18734844177151705	2.3230574118367406	2.8	0.1999999999999993	1
"2 Mb / 200 kb
(conventional)"	p95	600	0.8093529759904693	0.3052239574259139	2.6516692294277755	4.8	2.1999999999999993	1
"2 Mb / 200 kb
(conventional)"	p99	120	0.9221403642462924	0.005533773518834389	166.63861668855003	4.6	2.1999999999999993	1
"500 kb / 50 kb
(medium)"	All SNPs	12000	0.4303142568302292	0.20911342356742338	2.05780312659596	3.0	0.5	1
"500 kb / 50 kb
(medium)"	p95	600	0.8082388170007258	0.011793748396045259	68.53112257946326	3.4	1.3499999999999996	1
"500 kb / 50 kb
(medium)"	p99	120	0.9221484260891618	0.007622179378726315	120.98225196102051	3.25	1.4499999999999993	1
"100 kb / 10 kb
(fine-scale)"	All SNPs	12000	0.4313462110886979	0.21536654866108956	2.0028468384265357	2.99	1.0700000000000003	1
"100 kb / 10 kb
(fine-scale)"	p95	600	0.8103806684943298	0.018484265857694224	43.84164752515731	3.07	1.2799999999999994	1
"100 kb / 10 kb
(fine-scale)"	p99	120	0.923521462431624	0.01625680026109316	56.80831698731368	2.87	1.3599999999999994	1
"2 Mb / 200 kb
(conventional)"	All SNPs	12000	0.42448369254593665	0.18709509653116932	2.268812493839032	2.8	0.40000000000000036	1
"2 Mb / 200 kb
(conventional)"	p95	600	0.8169799338347719	0.005870595382783454	139.16474915486563	4.8	2.1999999999999993	1
"2 Mb / 200 kb
(conventional)"	p99	120	0.9242290662287732	0.010500473531943166	88.01784637780425	4.8	1.0	1
"500 kb / 50 kb
(medium)"	All SNPs	12000	0.42108726326541485	0.21035155500295644	2.0018262439728414	2.9	0.09999999999999964	1
"500 kb / 50 kb
(medium)"	p95	600	0.8158890392305095	0.008220124082613876	99.2550758395692	3.4	1.3999999999999986	1
"500 kb / 50 kb
(medium)"	p99	120	0.9251951340901555	0.015651209505657824	59.11333138539246	3.35	0.40000000000000036	1
"100 kb / 10 kb
(fine-scale)"	All SNPs	12000	0.4261054010846077	0.21798516073777136	1.9547449910922965	2.95	0.8900000000000006	1
"100 kb / 10 kb
(fine-scale)"	p95	600	0.8159056185457128	0.016060055027193217	50.803413634897545	3.08	1.2100000000000009	1
"100 kb / 10 kb
(fine-scale)"	p99	120	0.926556781845078	0.022164615165946956	41.803422929201666	2.97	0.16999999999999993	1
"2 Mb / 200 kb
(conventional)"	All SNPs	12000	0.4240502370883221	0.18543586475247092	2.2867757413290337	2.8	0.40000000000000036	1
"2 Mb / 200 kb
(conventional)"	p95	600	0.815278534491656	0.005203867234559393	156.667819862373	4.8	0.5999999999999996	1
"2 Mb / 200 kb
(conventional)"	p99	120	0.930460718087607	0.006303840651052395	147.6021951684758	4.8	2.4000000000000004	1
"500 kb / 50 kb
(medium)"	All SNPs	12000	0.42329245901742846	0.2092054530754295	2.023333774501611	2.85	1.1500000000000004	1
"500 kb / 50 kb
(medium)"	p95	600	0.8164073048565859	0.006960557667747102	117.29050225954515	3.4	0.15000000000000036	1
"500 kb / 50 kb
(medium)"	p99	120	0.9293399572476309	0.007193377843706834	129.19381929320855	3.35	1.6999999999999993	1
"100 kb / 10 kb
(fine-scale)"	All SNPs	12000	0.4305312909088939	0.2176674086042349	1.9779318073827503	2.97	0.9800000000000004	1
"100 kb / 10 kb
(fine-scale)"	p95	600	0.8171850778121075	0.01579275446390562	51.74430335631355	3.07	1.5299999999999994	1
"100 kb / 10 kb
(fine-scale)"	p99	120	0.9283377394536138	0.02040684460446062	45.49148863762571	2.99	0.9600000000000009	1
"2 Mb / 200 kb
(conventional)"	All SNPs	12000	0.4359676057149363	0.18753701204697706	2.324701673319444	2.8	0.40000000000000036	1
"2 Mb / 200 kb
(conventional)"	p95	600	0.8120814690068029	0.36216603621681703	2.2422905181551482	4.8	2.4000000000000004	1
"2 Mb / 200 kb
(conventional)"	p99	120	0.9172491580202053	0.007643561601169625	120.00284760965975	4.8	0.1999999999999993	1
"500 kb / 50 kb
(medium)"	All SNPs	12000	0.4318003269902561	0.20915477215929731	2.0645014337104706	3.0	1.1500000000000004	1
"500 kb / 50 kb
(medium)"	p95	600	0.8129141992290153	0.008602485187118336	94.49759942002592	3.4	1.6500000000000004	1
"500 kb / 50 kb
(medium)"	p99	120	0.9185202227608795	0.011024098566487003	83.3193042697531	3.4	0.05000000000000071	1
"100 kb / 10 kb
(fine-scale)"	All SNPs	12000	0.43602970834854554	0.2155137488651663	2.0232106334029876	3.0	0.3800000000000008	1
"100 kb / 10 kb
(fine-scale)"	p95	600	0.8122767855895389	0.018369449365712227	44.218896789889975	3.07	0.16000000000000014	1
"100 kb / 10 kb
(fine-scale)"	p99	120	0.9205864311691635	0.021031596967233033	43.77158960412876	3.0	0.16000000000000014	1
"2 Mb / 200 kb
(conventional)"	All SNPs	12000	0.43259783515892736	0.18649909777483606	2.3195706591632472	2.8	0.40000000000000036	1
"2 Mb / 200 kb
(conventional)"	p95	600	0.8150991929938705	0.004732256446029238	172.24324215941581	4.8	2.1999999999999993	1
"2 Mb / 200 kb
(conventional)"	p99	120	0.9242628349333281	0.008351496438662218	110.67032617706305	4.8	2.1999999999999993	1
"500 kb / 50 kb
(medium)"	All SNPs	12000	0.4294154673062878	0.2086206993771179	2.0583550366210077	2.95	0.1999999999999993	1
"500 kb / 50 kb
(medium)"	p95	600	0.8139195732227857	0.006985654308062922	116.51300469926639	3.4	1.5	1
"500 kb / 50 kb
(medium)"	p99	120	0.9254569583730453	0.01012078606675841	91.44121338684322	3.35	0.34999999999999964	1
"100 kb / 10 kb
(fine-scale)"	All SNPs	12000	0.4327213911808316	0.21626233708856124	2.00090962211154	2.99	1.1300000000000008	1
"100 kb / 10 kb
(fine-scale)"	p95	600	0.8128345563626671	0.015775109451058138	51.526397257937575	3.07	0.9700000000000006	1
"100 kb / 10 kb
(fine-scale)"	p99	120	0.9270035601122842	0.02180362253774585	42.51603413641382	3.02	0.28999999999999915	1
"2 Mb / 200 kb
(conventional)"	All SNPs	12000	0.43338872657123473	0.18845064168141146	2.2997466217382674	2.8	0.1999999999999993	1
"2 Mb / 200 kb
(conventional)"	p95	600	0.8159356565899671	0.34626058631104156	2.3564208253752055	4.8	2.1999999999999993	1
"2 Mb / 200 kb
(conventional)"	p99	120	0.928905141453895	0.008548031129038952	108.66890017494953	4.8	2.1999999999999993	1
"500 kb / 50 kb
(medium)"	All SNPs	12000	0.4268503822199684	0.20901756902347188	2.0421746564856216	2.9	0.25	1
"500 kb / 50 kb
(medium)"	p95	600	0.8158438133011385	0.00975024720047965	83.67416707763104	3.4	0.1999999999999993	1
"500 kb / 50 kb
(medium)"	p99	120	0.9291245900763323	0.008950459490240347	103.80747391678128	3.35	0.1999999999999993	1
"100 kb / 10 kb
(fine-scale)"	All SNPs	12000	0.4317217001113772	0.2156426794149977	2.002023445834403	2.96	0.41999999999999993	1
"100 kb / 10 kb
(fine-scale)"	p95	600	0.814824793917597	0.018355549656849397	44.391195532166705	3.07	0.009999999999999787	1
"100 kb / 10 kb
(fine-scale)"	p99	120	0.9276551434516156	0.01933899519843123	47.968114885662025	3.0	0.03999999999999915	1
"2 Mb / 200 kb
(conventional)"	All SNPs	12000	0.4279023359422127	0.18493518256661265	2.313796271772596	2.8	0.40000000000000036	1
"2 Mb / 200 kb
(conventional)"	p95	600	0.8128533405223785	0.23348089355265644	3.4814554979380246	6.0	2.4000000000000004	1
"2 Mb / 200 kb
(conventional)"	p99	120	0.9321132375301113	0.006893221865812273	135.2217084659692	4.8	2.4000000000000004	1
"500 kb / 50 kb
(medium)"	All SNPs	12000	0.4252187249330782	0.20739106055328638	2.050323306118703	2.9	0.05000000000000071	1
"500 kb / 50 kb
(medium)"	p95	600	0.8148742890087012	0.024883813387860727	32.747162836634516	3.4	1.6999999999999993	1
"500 kb / 50 kb
(medium)"	p99	120	0.932471852568289	0.010216851489263127	91.268024552204	3.35	1.6999999999999993	1
"100 kb / 10 kb
(fine-scale)"	All SNPs	12000	0.43098845588041607	0.21540619994442917	2.0008173209109263	2.96	0.4499999999999993	1
"100 kb / 10 kb
(fine-scale)"	p95	600	0.8185205965715151	0.013344709182594516	61.336712952809066	3.07	1.5199999999999996	1
"100 kb / 10 kb
(fine-scale)"	p99	120	0.9315924043289917	0.02003779666328557	46.491758549277534	3.0	1.4699999999999989	1
"2 Mb / 200 kb
(conventional)"	All SNPs	12000	0.43424419868135244	0.1867053050976668	2.3258267806273443	2.8	0.0	1
"2 Mb / 200 kb
(conventional)"	p95	600	0.8138485617746283	0.21471726591786616	3.790326587364159	9.4	2.3999999999999986	1
"2 Mb / 200 kb
(conventional)"	p99	120	0.9303298813724064	0.007033703485745577	132.26742970581603	4.8	2.3999999999999986	1
"500 kb / 50 kb
(medium)"	All SNPs	12000	0.4309970890638226	0.20939957536710688	2.058251972613718	2.95	0.1999999999999993	1
"500 kb / 50 kb
(medium)"	p95	600	0.8145336460304771	0.005580243801867689	145.96739406938732	3.4	0.3000000000000007	1
"500 kb / 50 kb
(medium)"	p99	120	0.9297410260944161	0.008086297225848913	114.97734996957278	3.4	1.6499999999999986	1
"100 kb / 10 kb
(fine-scale)"	All SNPs	12000	0.43550378823421804	0.21627444884447816	2.013662689055731	2.98	0.7100000000000009	1
"100 kb / 10 kb
(fine-scale)"	p95	600	0.8155668456969378	0.017673810637422932	46.14550095778654	3.08	0.1899999999999995	1
"100 kb / 10 kb
(fine-scale)"	p99	120	0.9286670917676638	0.02051427943093781	45.26930106875364	3.05	0.9900000000000002	1
"2 Mb / 200 kb
(conventional)"	All SNPs	12000	0.4288277538429048	0.1863555447985854	2.3011268825211793	2.8	0.1999999999999993	1
"2 Mb / 200 kb
(conventional)"	p95	600	0.8146579440376058	0.3125019874539333	2.606888841491597	4.8	2.4000000000000004	1
"2 Mb / 200 kb
(conventional)"	p99	120	0.9276049668826678	0.0038286657615719385	242.27890984712656	4.8	1.1999999999999993	1
"500 kb / 50 kb
(medium)"	All SNPs	12000	0.42414250382989427	0.20889969284722604	2.0303644205933855	2.9	1.1999999999999993	1
"500 kb / 50 kb
(medium)"	p95	600	0.813874151978569	0.010514057693528214	77.4081877522451	3.4	1.6999999999999993	1
"500 kb / 50 kb
(medium)"	p99	120	0.9279422514455905	0.007168261823142414	129.45150084358949	3.35	1.6999999999999993	1
"100 kb / 10 kb
(fine-scale)"	All SNPs	12000	0.42792283214597776	0.21631453338302428	1.978243557904001	2.99	1.1499999999999986	1
"100 kb / 10 kb
(fine-scale)"	p95	600	0.8141550450965674	0.01911527739212248	42.59185092611241	3.08	1.1499999999999986	1
"100 kb / 10 kb
(fine-scale)"	p99	120	0.9277033799593525	0.018179543847099286	51.03006916795528	2.98	0.75	1
"2 Mb / 200 kb
(conventional)"	All SNPs	12000	0.43949266703749224	0.18836755810128136	2.333165389345792	2.8	0.1999999999999993	1
"2 Mb / 200 kb
(conventional)"	p95	600	0.8154309369970355	0.0055889871131669135	145.8995915513901	4.8	2.1999999999999993	1
"2 Mb / 200 kb
(conventional)"	p99	120	0.9345264019623696	0.007411354392255869	126.0938760314656	4.8	2.3999999999999986	1
"500 kb / 50 kb
(medium)"	All SNPs	12000	0.43547938078610127	0.2095585225254806	2.0780800300457862	2.95	0.15000000000000036	1
"500 kb / 50 kb
(medium)"	p95	600	0.8158236403856283	0.007114556951133961	114.6696338210628	3.4	1.6999999999999993	1
"500 kb / 50 kb
(medium)"	p99	120	0.9335246682578062	0.010964025862209787	85.14433292933289	3.4	1.6999999999999993	1
"100 kb / 10 kb
(fine-scale)"	All SNPs	12000	0.43666697124765047	0.21667397168885338	2.0153180737126557	2.98	0.3800000000000008	1
"100 kb / 10 kb
(fine-scale)"	p95	600	0.8152910699089351	0.014677622234991874	55.54653586636517	3.07	1.5399999999999991	1
"100 kb / 10 kb
(fine-scale)"	p99	120	0.931743466800395	0.022214532610947482	41.94296963696752	3.01	1.0999999999999996	1
"2 Mb / 200 kb
(conventional)"	All SNPs	12000	0.4324430119616679	0.1877874851643979	2.3028319037506	2.8	0.40000000000000036	1
"2 Mb / 200 kb
(conventional)"	p95	600	0.8032101509115229	0.011544828380368154	69.57315643404215	4.8	1.3999999999999986	1
"2 Mb / 200 kb
(conventional)"	p99	120	0.9168603202619207	0.007204070878741169	127.2697528514783	4.8	2.4000000000000004	1
"500 kb / 50 kb
(medium)"	All SNPs	12000	0.4272867197872651	0.21039666948400224	2.0308625646745533	2.95	1.1000000000000014	1
"500 kb / 50 kb
(medium)"	p95	600	0.8061798035898975	0.013441762359994239	59.97575183960052	3.4	0.5999999999999996	1
"500 kb / 50 kb
(medium)"	p99	120	0.917307211406465	0.012094426301468265	75.84545050269179	3.35	1.6999999999999993	1
"100 kb / 10 kb
(fine-scale)"	All SNPs	12000	0.42986165400358545	0.2169496924777586	1.981388630212759	3.0	1.2399999999999984	1
"100 kb / 10 kb
(fine-scale)"	p95	600	0.8088369064038801	0.0136839179755013	59.10857605635779	3.07	1.5399999999999991	1
"100 kb / 10 kb
(fine-scale)"	p99	120	0.9170146438089761	0.021237799329157314	43.17842115355188	2.98	1.5099999999999998	1
"2 Mb / 200 kb
(conventional)"	All SNPs	12000	0.4343452981435976	0.1891098696807006	2.2967880993041807	2.8	0.40000000000000036	1
"2 Mb / 200 kb
(conventional)"	p95	600	0.8137726716811606	0.006611588043199237	123.08278531028826	4.8	2.4000000000000004	1
"2 Mb / 200 kb
(conventional)"	p99	120	0.9284092051668092	0.006334117217908786	146.57278563488984	4.8	2.1999999999999993	1
"500 kb / 50 kb
(medium)"	All SNPs	12000	0.430627856109934	0.21005373055047036	2.050084304532099	2.9	0.15000000000000036	1
"500 kb / 50 kb
(medium)"	p95	600	0.8141882140739182	0.00929606066336323	87.58421911796692	3.4	1.6999999999999993	1
"500 kb / 50 kb
(medium)"	p99	120	0.928546511094502	0.010277530848645132	90.34723658522617	3.4	1.5999999999999996	1
"100 kb / 10 kb
(fine-scale)"	All SNPs	12000	0.4349279257604889	0.21700150399047458	2.0042622643738928	2.98	0.019999999999999574	1
"100 kb / 10 kb
(fine-scale)"	p95	600	0.813554785487206	0.016313608678355646	49.86970090600514	3.07	1.5199999999999996	1
"100 kb / 10 kb
(fine-scale)"	p99	120	0.9280119504287423	0.021304193606510317	43.560059937924734	3.03	0.7599999999999998	1
"2 Mb / 200 kb
(conventional)"	All SNPs	12000	0.43906753331487486	0.19014204802884538	2.3091553807617893	2.8	0.40000000000000036	1
"2 Mb / 200 kb
(conventional)"	p95	600	0.8236233441420334	0.006046412973035148	136.2168525066185	4.8	2.3999999999999986	1
"2 Mb / 200 kb
(conventional)"	p99	120	0.9274088844451114	0.007346344884570346	126.24085841558625	4.8	2.3999999999999986	1
"500 kb / 50 kb
(medium)"	All SNPs	12000	0.4317620870537002	0.21237165927217322	2.033049459298892	2.95	0.34999999999999964	1
"500 kb / 50 kb
(medium)"	p95	600	0.8236715649508366	0.007784567088824201	105.80826853343311	3.4	1.6999999999999993	1
"500 kb / 50 kb
(medium)"	p99	120	0.9278487990451452	0.009094427664718924	102.0238802541316	3.4	0.15000000000000036	1
"100 kb / 10 kb
(fine-scale)"	All SNPs	12000	0.43501799404733626	0.21910249162888315	1.9854543451937179	2.97	0.14000000000000057	1
"100 kb / 10 kb
(fine-scale)"	p95	600	0.8221968528069854	0.014414859118877549	57.038146958387195	3.07	0.6500000000000004	1
"100 kb / 10 kb
(fine-scale)"	p99	120	0.929518098557665	0.019318920331669612	48.114391622284444	3.02	1.1500000000000004	1
"2 Mb / 200 kb
(conventional)"	All SNPs	12000	0.42619645783569654	0.18574082614928347	2.2945760857828543	2.8	0.40000000000000036	1
"2 Mb / 200 kb
(conventional)"	p95	600	0.8080838683128303	0.4131139080506895	1.9560800364379831	4.8	1.4000000000000004	1
"2 Mb / 200 kb
(conventional)"	p99	120	0.9185962775904533	0.007791128583181589	117.90285165789611	4.8	2.1999999999999993	1
"500 kb / 50 kb
(medium)"	All SNPs	12000	0.42616277946937814	0.2082745404703107	2.046158779210593	2.9	0.4499999999999993	1
"500 kb / 50 kb
(medium)"	p95	600	0.8087832308284638	0.2654863361361514	3.0464213058923275	3.4	0.75	1
"500 kb / 50 kb
(medium)"	p99	120	0.9191051177855964	0.009313511721598841	98.68513029882294	3.3	1.5999999999999996	1
"100 kb / 10 kb
(fine-scale)"	All SNPs	12000	0.4306306123085638	0.21555456186086744	1.9977800914578652	2.99	0.9600000000000009	1
"100 kb / 10 kb
(fine-scale)"	p95	600	0.808891105979404	0.10520657542351822	7.688598385824673	3.07	1.5299999999999994	1
"100 kb / 10 kb
(fine-scale)"	p99	120	0.9183753147863423	0.02098100284605401	43.77175493110737	2.97	1.0100000000000016	1
"2 Mb / 200 kb
(conventional)"	All SNPs	12000	0.4325114200800711	0.18746130904242617	2.307203669329895	2.8	0.40000000000000036	1
"2 Mb / 200 kb
(conventional)"	p95	600	0.8123344809043601	0.3677720487038537	2.208798857246728	4.8	2.4000000000000004	1
"2 Mb / 200 kb
(conventional)"	p99	120	0.9334617781913735	0.006113623186631425	152.68552700999982	4.8	2.4000000000000004	1
"500 kb / 50 kb
(medium)"	All SNPs	12000	0.42524759043851346	0.20903471779450478	2.0343395342421564	3.0	1.1499999999999986	1
"500 kb / 50 kb
(medium)"	p95	600	0.8134558961239224	0.20971109208309022	3.8789359591986714	3.4	1.6999999999999993	1
"500 kb / 50 kb
(medium)"	p99	120	0.9328013029711798	0.013496615248194767	69.11372116767915	3.35	1.6999999999999993	1
"100 kb / 10 kb
(fine-scale)"	All SNPs	12000	0.4274765499634593	0.21593708570500947	1.9796347096553522	2.99	0.40000000000000036	1
"100 kb / 10 kb
(fine-scale)"	p95	600	0.8143664774808418	0.01766220659778479	46.10785594496332	3.04	0.7799999999999994	1
"100 kb / 10 kb
(fine-scale)"	p99	120	0.9320217515942353	0.022240609630643338	41.906304146901	2.96	1.5	1
"2 Mb / 200 kb
(conventional)"	All SNPs	12000	0.43416555950865193	0.18837633904041412	2.3047775624066373	2.8	0.40000000000000036	1
"2 Mb / 200 kb
(conventional)"	p95	600	0.8190417408686536	0.2150026872510487	3.809448855456845	4.8	1.5999999999999996	1
"2 Mb / 200 kb
(conventional)"	p99	120	0.9284962896722035	0.0094992092481391	97.74458751438668	4.8	0.0	1
"500 kb / 50 kb
(medium)"	All SNPs	12000	0.42994207406979396	0.2113995702312067	2.0337887801738117	2.9	1.0500000000000007	1
"500 kb / 50 kb
(medium)"	p95	600	0.8193136487193086	0.009439041648532775	86.80051208871024	3.4	0.8000000000000007	1
"500 kb / 50 kb
(medium)"	p99	120	0.9292418327583336	0.011194442039985467	83.00921380799252	3.35	0.8000000000000007	1
"100 kb / 10 kb
(fine-scale)"	All SNPs	12000	0.434923387962012	0.21887604088335527	1.987076274802476	3.0	1.0299999999999994	1
"100 kb / 10 kb
(fine-scale)"	p95	600	0.8201531614564425	0.016376819644309183	50.080124179754236	3.08	0.7100000000000009	1
"100 kb / 10 kb
(fine-scale)"	p99	120	0.9317108549295499	0.017544724864268346	53.104899742661445	2.96	0.8499999999999996	1
"2 Mb / 200 kb
(conventional)"	All SNPs	12000	0.4271654105306736	0.18648157505703492	2.29065745717788	2.8	0.1999999999999993	1
"2 Mb / 200 kb
(conventional)"	p95	600	0.8106925522642752	0.030049912201772014	26.978200362810693	17.8	2.3999999999999986	1
"2 Mb / 200 kb
(conventional)"	p99	120	0.9241815548585162	0.01388272509019802	66.5706155566705	4.8	2.3999999999999986	1
"500 kb / 50 kb
(medium)"	All SNPs	12000	0.4250586578600337	0.20977077891544202	2.0263006127816	2.9	0.09999999999999964	1
"500 kb / 50 kb
(medium)"	p95	600	0.8115271816103533	0.017107780450957392	47.43614660807377	16.35	0.05000000000000071	1
"500 kb / 50 kb
(medium)"	p99	120	0.923100687800031	0.017438624657322217	52.93425977904942	3.35	1.6000000000000014	1
"100 kb / 10 kb
(fine-scale)"	All SNPs	12000	0.4299315857786049	0.2175033105339328	1.9766668595673218	3.01	0.4800000000000004	1
"100 kb / 10 kb
(fine-scale)"	p95	600	0.8123683150842645	0.014339944053825007	56.65073113500573	3.07	0.0600000000000005	1
"100 kb / 10 kb
(fine-scale)"	p99	120	0.9198224795307782	0.023093221040725278	39.830843774831415	2.96	1.3900000000000006	1
"2 Mb / 200 kb
(conventional)"	All SNPs	12000	0.4283828979429305	0.18750064759283652	2.284700898063975	2.8	0.40000000000000036	1
"2 Mb / 200 kb
(conventional)"	p95	600	0.8171064145388861	0.006385267186572843	127.96745862994194	4.8	1.8000000000000007	1
"2 Mb / 200 kb
(conventional)"	p99	120	0.9328348327923622	0.0033716001062073747	276.6742209655711	4.6	2.0	1
"500 kb / 50 kb
(medium)"	All SNPs	12000	0.42638093233067603	0.21183907288105744	2.0127586782353353	3.0	0.3000000000000007	1
"500 kb / 50 kb
(medium)"	p95	600	0.8167094756301927	0.010382410068880634	78.66280278007216	3.4	1.0	1
"500 kb / 50 kb
(medium)"	p99	120	0.9317482354881105	0.007844372641822629	118.77919089672672	3.3	1.1499999999999986	1
"100 kb / 10 kb
(fine-scale)"	All SNPs	12000	0.42654628052523097	0.21787698270382233	1.9577390655582447	2.99	0.09999999999999964	1
"100 kb / 10 kb
(fine-scale)"	p95	600	0.818441475356997	0.017652116406550983	46.36506221164847	3.06	0.9600000000000009	1
"100 kb / 10 kb
(fine-scale)"	p99	120	0.9337739869379914	0.02158728272147057	43.25574455043691	2.92	0.6400000000000006	1
"2 Mb / 200 kb
(conventional)"	All SNPs	12000	0.43257063242478516	0.18816935391422415	2.2988367841342	2.8	0.1999999999999993	1
"2 Mb / 200 kb
(conventional)"	p95	600	0.8139673091757619	0.003214729822166372	253.19929020574367	4.8	2.0	1
"2 Mb / 200 kb
(conventional)"	p99	120	0.925966965929112	0.007747493179291301	119.51826797397896	4.8	2.4000000000000004	1
"500 kb / 50 kb
(medium)"	All SNPs	12000	0.42996116250000666	0.2099357471870416	2.0480607436375955	2.95	1.0999999999999996	1
"500 kb / 50 kb
(medium)"	p95	600	0.8141556629078992	0.005752116644649317	141.5401865442412	3.4	1.6999999999999993	1
"500 kb / 50 kb
(medium)"	p99	120	0.9260725807256326	0.011243508056105347	82.36509246976215	3.4	1.6999999999999993	1
"100 kb / 10 kb
(fine-scale)"	All SNPs	12000	0.43333063770638275	0.21688846905005071	1.9979422585457243	3.0	1.08	1
"100 kb / 10 kb
(fine-scale)"	p95	600	0.8126486171885196	0.014223619727520842	57.13374181511271	3.08	1.3299999999999983	1
"100 kb / 10 kb
(fine-scale)"	p99	120	0.9252489425077255	0.021183869946183497	43.677049795824445	3.0	1.5	1
"2 Mb / 200 kb
(conventional)"	All SNPs	12000	0.4391162819947905	0.18968969555584345	2.314919008689734	2.8	0.1999999999999993	1
"2 Mb / 200 kb
(conventional)"	p95	600	0.8159302879229711	0.004903746413319223	166.38916843391343	4.8	0.0	1
"2 Mb / 200 kb
(conventional)"	p99	120	0.9264285378006127	0.0047429969093108525	195.3255621950681	4.8	1.1999999999999993	1
"500 kb / 50 kb
(medium)"	All SNPs	12000	0.4371613047007375	0.21250294593087554	2.0572011497804854	3.05	0.8499999999999996	1
"500 kb / 50 kb
(medium)"	p95	600	0.8162798719697975	0.008036257604225596	101.57462741619732	3.4	0.25	1
"500 kb / 50 kb
(medium)"	p99	120	0.9262885547259421	0.008658869091042283	106.97569682445022	3.35	0.5999999999999996	1
"100 kb / 10 kb
(fine-scale)"	All SNPs	12000	0.43867786869657877	0.21893764643868588	2.0036657734851087	3.01	0.8100000000000005	1
"100 kb / 10 kb
(fine-scale)"	p95	600	0.8170837933708851	0.015024517620847725	54.38336284667906	3.08	1.5399999999999991	1
"100 kb / 10 kb
(fine-scale)"	p99	120	0.9280139047256666	0.017571361641913863	52.81400062429014	3.01	0.6300000000000008	1
"2 Mb / 200 kb
(conventional)"	All SNPs	12000	0.4304444622836022	0.1875499356569637	2.2950925617532723	2.8	0.1999999999999993	1
"2 Mb / 200 kb
(conventional)"	p95	600	0.8191991145178157	0.025643179161925864	31.94608240050575	13.4	2.3999999999999986	1
"2 Mb / 200 kb
(conventional)"	p99	120	0.9336581229004147	0.004537584962448367	205.76102279672492	4.8	1.3999999999999986	1
"500 kb / 50 kb
(medium)"	All SNPs	12000	0.4256591142815869	0.21074836632315588	2.0197504811443836	2.9	0.9499999999999993	1
"500 kb / 50 kb
(medium)"	p95	600	0.8177373589534477	0.017603280664200294	46.45369090867682	11.95	1.6000000000000014	1
"500 kb / 50 kb
(medium)"	p99	120	0.9340546466399546	0.00805323758142475	115.98498581420282	3.35	0.5	1
"100 kb / 10 kb
(fine-scale)"	All SNPs	12000	0.43014819999257586	0.21791038518348324	1.9739683339570335	2.96	1.0700000000000003	1
"100 kb / 10 kb
(fine-scale)"	p95	600	0.8177236073153783	0.016500828151614626	49.55651921236226	3.05	1.129999999999999	1
"100 kb / 10 kb
(fine-scale)"	p99	120	0.9357624380893859	0.018252371508823036	51.26799208733213	2.97	0.5399999999999991	1
"2 Mb / 200 kb
(conventional)"	All SNPs	12000	0.4339897253588667	0.18826291444170423	2.3052321624036685	2.8	0.40000000000000036	1
"2 Mb / 200 kb
(conventional)"	p95	600	0.8114194128507883	0.012617633981523857	64.30836510545154	4.8	2.4000000000000004	1
"2 Mb / 200 kb
(conventional)"	p99	120	0.9262244149527767	0.010576432193656577	87.57437271789044	4.8	2.3999999999999986	1
"500 kb / 50 kb
(medium)"	All SNPs	12000	0.4282325020841203	0.2112380328987047	2.027250946279505	3.0	1.25	1
"500 kb / 50 kb
(medium)"	p95	600	0.8163223676720265	0.007396131551819888	110.37153165172714	3.4	1.6999999999999993	1
"500 kb / 50 kb
(medium)"	p99	120	0.9280784066900105	0.012648042365614382	73.377237351223	3.35	1.6999999999999993	1
"100 kb / 10 kb
(fine-scale)"	All SNPs	12000	0.4273960606856056	0.21742731971005957	1.9656962209511684	2.98	1.1099999999999994	1
"100 kb / 10 kb
(fine-scale)"	p95	600	0.816863262877665	0.01630962908614974	50.084723482237344	3.08	1.5300000000000011	1
"100 kb / 10 kb
(fine-scale)"	p99	120	0.9276150435060309	0.017867849720058164	51.91531482743024	3.0	1.5100000000000016	1
"2 Mb / 200 kb
(conventional)"	All SNPs	12000	0.4263752528287004	0.18733675863096372	2.275982866067522	2.8	0.40000000000000036	1
"2 Mb / 200 kb
(conventional)"	p95	600	0.8137802270491394	0.2803887145358671	2.9023287488449943	4.8	2.0	1
"2 Mb / 200 kb
(conventional)"	p99	120	0.9374402330185324	0.005728215167433773	163.65311106819047	4.6	2.4000000000000004	1
"500 kb / 50 kb
(medium)"	All SNPs	12000	0.42412730677166394	0.21040723871894934	2.0157448448729007	2.95	0.4499999999999993	1
"500 kb / 50 kb
(medium)"	p95	600	0.8182240813424607	0.010374957616830301	78.86529387022594	3.4	1.6999999999999993	1
"500 kb / 50 kb
(medium)"	p99	120	0.9372133561036111	0.007786914087458072	120.35747994357945	3.3	1.6999999999999993	1
"100 kb / 10 kb
(fine-scale)"	All SNPs	12000	0.42723907538412303	0.2177004460125493	1.9625089576504355	2.98	1.4299999999999997	1
"100 kb / 10 kb
(fine-scale)"	p95	600	0.8185111892442425	0.01737081888976628	47.1198965597675	3.07	1.4700000000000006	1
"100 kb / 10 kb
(fine-scale)"	p99	120	0.9364481585132598	0.018999781306338254	49.28731249137401	2.97	0.8900000000000006	1
"2 Mb / 200 kb
(conventional)"	All SNPs	12000	0.44155436258270875	0.18674938360011514	2.3644220616449547	3.0	0.40000000000000036	1
"2 Mb / 200 kb
(conventional)"	p95	600	0.8153264684627234	0.006848942383676675	119.04414182340322	15.4	2.4000000000000004	1
"2 Mb / 200 kb
(conventional)"	p99	120	0.9328974468115028	0.008382594678365805	111.28981927507105	4.8	2.3999999999999986	1
"500 kb / 50 kb
(medium)"	All SNPs	12000	0.434995770954518	0.2083296816355688	2.0880162996430642	2.95	1.0999999999999996	1
"500 kb / 50 kb
(medium)"	p95	600	0.8148447588574709	0.005431195858273297	150.03045003730153	3.4	1.6500000000000004	1
"500 kb / 50 kb
(medium)"	p99	120	0.930821994057383	0.011386268048832521	81.7495240815821	3.35	1.6000000000000014	1
"100 kb / 10 kb
(fine-scale)"	All SNPs	12000	0.43460377253522314	0.21475121623070154	2.023754650443236	3.01	1.1899999999999995	1
"100 kb / 10 kb
(fine-scale)"	p95	600	0.8148659301829677	0.012907177919988147	63.13277272803845	3.07	1.5399999999999991	1
"100 kb / 10 kb
(fine-scale)"	p99	120	0.9307392723580581	0.018857779784530168	49.3557185942739	3.0	1.1999999999999993	1
"2 Mb / 200 kb
(conventional)"	All SNPs	12000	0.4340722755215608	0.18820581181461804	2.3063701983290517	2.8	0.40000000000000036	1
"2 Mb / 200 kb
(conventional)"	p95	600	0.8227631118351911	0.005061090013789171	162.56638581679746	4.8	2.4000000000000004	1
"2 Mb / 200 kb
(conventional)"	p99	120	0.935452184734722	0.0051888932417783725	180.27971306153094	4.8	2.4000000000000004	1
"500 kb / 50 kb
(medium)"	All SNPs	12000	0.4308038063870804	0.2105746363440222	2.045848511799223	2.95	0.34999999999999964	1
"500 kb / 50 kb
(medium)"	p95	600	0.8240479655339941	0.007970484682431203	103.3874348131409	3.4	0.25	1
"500 kb / 50 kb
(medium)"	p99	120	0.9352423628177425	0.005890936389017129	158.75954195692523	3.35	0.6999999999999993	1
"100 kb / 10 kb
(fine-scale)"	All SNPs	12000	0.43187383356823084	0.2171057915367729	1.9892322103027869	2.98	0.16999999999999993	1
"100 kb / 10 kb
(fine-scale)"	p95	600	0.8239151048410188	0.017065548604690454	48.279438530008136	3.06	0.3699999999999992	1
"100 kb / 10 kb
(fine-scale)"	p99	120	0.9348018836351748	0.015807180389210963	59.13780070943043	2.99	0.5199999999999996	1
"2 Mb / 200 kb
(conventional)"	All SNPs	12000	0.4367723713489742	0.18751870784484362	2.329220248842412	2.8	0.1999999999999993	1
"2 Mb / 200 kb
(conventional)"	p95	600	0.8119881820168728	0.025661915969799286	31.64175983478695	8.0	1.4000000000000004	1
"2 Mb / 200 kb
(conventional)"	p99	120	0.9202225908980197	0.005956637146331296	154.48693084566793	4.6	2.1999999999999993	1
"500 kb / 50 kb
(medium)"	All SNPs	12000	0.42943116826204086	0.2091004112307879	2.0537079087236703	3.0	0.9499999999999993	1
"500 kb / 50 kb
(medium)"	p95	600	0.8127295560889989	0.008344599752624582	97.39587040509348	3.4	0.6999999999999993	1
"500 kb / 50 kb
(medium)"	p99	120	0.919811896867429	0.00928810513751184	99.03116763316855	3.3	1.5	1
"100 kb / 10 kb
(fine-scale)"	All SNPs	12000	0.42890981175093534	0.21498139085353785	1.9951020413815366	2.97	1.0	1
"100 kb / 10 kb
(fine-scale)"	p95	600	0.813920898635055	0.01632663030258181	49.852350641292205	3.08	0.8000000000000007	1
"100 kb / 10 kb
(fine-scale)"	p99	120	0.9194977050368855	0.024585950346404106	37.39931514062337	2.94	0.6099999999999994	1
"2 Mb / 200 kb
(conventional)"	All SNPs	12000	0.4280627851019212	0.1854279601304099	2.308512614822858	2.8	0.40000000000000036	1
"2 Mb / 200 kb
(conventional)"	p95	600	0.810133990362631	0.004496038467768463	180.18840278400202	4.8	2.3999999999999986	1
"2 Mb / 200 kb
(conventional)"	p99	120	0.9156879357951891	0.006425443955739206	142.50967592321723	4.8	1.0	1
"500 kb / 50 kb
(medium)"	All SNPs	12000	0.42428367571105075	0.20808336835922717	2.039008110338658	2.9	0.9499999999999993	1
"500 kb / 50 kb
(medium)"	p95	600	0.8096876038730443	0.007644465531466801	105.91814438041995	3.4	1.6999999999999993	1
"500 kb / 50 kb
(medium)"	p99	120	0.9153624420991872	0.011129780370595007	82.24442995457342	3.4	0.3000000000000007	1
"100 kb / 10 kb
(fine-scale)"	All SNPs	12000	0.4297088075379886	0.21575975031678596	1.9916078272572861	3.0	1.1400000000000006	1
"100 kb / 10 kb
(fine-scale)"	p95	600	0.8097779218412441	0.01579100388141621	51.28096528392592	3.08	0.33000000000000007	1
"100 kb / 10 kb
(fine-scale)"	p99	120	0.9164300143255147	0.01924175764939509	47.62714669958047	3.07	0.3800000000000008	1
"2 Mb / 200 kb
(conventional)"	All SNPs	12000	0.42987154824793833	0.18706072854897823	2.298032043296489	2.8	0.40000000000000036	1
"2 Mb / 200 kb
(conventional)"	p95	600	0.8177734257531439	0.008610547723101646	94.97345024394916	4.8	2.3999999999999986	1
"2 Mb / 200 kb
(conventional)"	p99	120	0.9303121863463342	0.0049570710116878325	187.67376625286073	4.8	1.5999999999999996	1
"500 kb / 50 kb
(medium)"	All SNPs	12000	0.430064498138712	0.21004321628838463	2.047504821808875	2.95	1.0500000000000007	1
"500 kb / 50 kb
(medium)"	p95	600	0.8169197658473285	0.012242679784439442	66.72720190604356	3.4	1.6999999999999993	1
"500 kb / 50 kb
(medium)"	p99	120	0.9296888957578907	0.011766692634366754	79.01021337487529	3.4	0.6999999999999993	1
"100 kb / 10 kb
(fine-scale)"	All SNPs	12000	0.43360636578798367	0.2169544676768063	1.9986053775759085	3.0	0.9600000000000009	1
"100 kb / 10 kb
(fine-scale)"	p95	600	0.8146465321286754	0.017785326632279698	45.80441781991918	3.05	1.5	1
"100 kb / 10 kb
(fine-scale)"	p99	120	0.9285159915711679	0.020805790805166285	44.627767349300086	3.02	0.6400000000000006	1
"2 Mb / 200 kb
(conventional)"	All SNPs	12000	0.4264570479566902	0.18614293878111232	2.2910192067944415	2.8	0.40000000000000036	1
"2 Mb / 200 kb
(conventional)"	p95	600	0.8104640372004382	0.008100239710187503	100.05432755047168	4.8	2.1999999999999993	1
"2 Mb / 200 kb
(conventional)"	p99	120	0.9191523322159041	0.005847592496595202	157.18474444843523	4.6	2.1999999999999993	1
"500 kb / 50 kb
(medium)"	All SNPs	12000	0.42345486815667843	0.20929006826755794	2.0232917484423134	2.9	0.5500000000000007	1
"500 kb / 50 kb
(medium)"	p95	600	0.8103457325647079	0.009014198681062544	89.89659105995973	3.4	1.6000000000000014	1
"500 kb / 50 kb
(medium)"	p99	120	0.918614174352775	0.013030423701111144	70.49764423811038	3.3	1.5999999999999996	1
"100 kb / 10 kb
(fine-scale)"	All SNPs	12000	0.4266223575531649	0.21672658083440724	1.9684819273697272	2.99	0.5899999999999999	1
"100 kb / 10 kb
(fine-scale)"	p95	600	0.8100822765966463	0.015152527234516926	53.461859138012784	3.07	0.8399999999999999	1
"100 kb / 10 kb
(fine-scale)"	p99	120	0.9167519034385331	0.021267206268755546	43.10636253081195	2.94	0.9199999999999999	1
"2 Mb / 200 kb
(conventional)"	All SNPs	12000	0.4319171259527516	0.18779604466698857	2.2999266396619453	2.8	0.40000000000000036	1
"2 Mb / 200 kb
(conventional)"	p95	600	0.8174993217833258	0.008317899362266295	98.2819442961606	4.8	2.1999999999999993	1
"2 Mb / 200 kb
(conventional)"	p99	120	0.9232966527252341	0.0072794931622767066	126.83529363141366	4.8	1.3999999999999986	1
"500 kb / 50 kb
(medium)"	All SNPs	12000	0.42603182493372055	0.21027704599472977	2.026050075595975	2.95	0.9000000000000004	1
"500 kb / 50 kb
(medium)"	p95	600	0.8166806543027411	0.010477819145502582	77.94376319744809	3.4	1.5	1
"500 kb / 50 kb
(medium)"	p99	120	0.9245447877178852	0.009863367138755741	93.7352097627095	3.35	0.75	1
"100 kb / 10 kb
(fine-scale)"	All SNPs	12000	0.42944229178256654	0.21711111347302778	1.9779839222091096	2.98	0.9199999999999999	1
"100 kb / 10 kb
(fine-scale)"	p95	600	0.8169711295984793	0.017727702072581026	46.084434759430394	3.08	1.3200000000000003	1
"100 kb / 10 kb
(fine-scale)"	p99	120	0.9258057223388299	0.019008755539713047	48.704173211372975	3.01	0.5500000000000007	1
"2 Mb / 200 kb
(conventional)"	All SNPs	12000	0.43018387371943606	0.18668430494279983	2.3043387276249314	2.8	0.40000000000000036	1
"2 Mb / 200 kb
(conventional)"	p95	600	0.8123610061232293	0.004984452214112453	162.9789937243647	4.8	2.3999999999999986	1
"2 Mb / 200 kb
(conventional)"	p99	120	0.9233135587949849	0.005528244707658733	167.01749065410266	4.8	2.3999999999999986	1
"500 kb / 50 kb
(medium)"	All SNPs	12000	0.4274521942673883	0.2099783412437585	2.035696594874849	2.95	0.9499999999999993	1
"500 kb / 50 kb
(medium)"	p95	600	0.8122213039692081	0.005795646027276055	140.14335936781683	3.4	1.6499999999999986	1
"500 kb / 50 kb
(medium)"	p99	120	0.9232327038264216	0.008298695695864711	111.25033832563277	3.4	1.6999999999999993	1
"100 kb / 10 kb
(fine-scale)"	All SNPs	12000	0.42885862461719226	0.21718091416115012	1.9746607397507105	3.0	0.9800000000000004	1
"100 kb / 10 kb
(fine-scale)"	p95	600	0.8112895663758645	0.012473886690253646	65.0390360696284	3.08	1.5399999999999991	1
"100 kb / 10 kb
(fine-scale)"	p99	120	0.9226123644300938	0.01978513839018204	46.63158509358321	3.04	1.5199999999999996	1
"2 Mb / 200 kb
(conventional)"	All SNPs	12000	0.42792273551936844	0.18627522452936657	2.2972606077943865	2.8	0.40000000000000036	1
"2 Mb / 200 kb
(conventional)"	p95	600	0.8157714821493458	0.006705355801562707	121.65968612123868	4.8	2.4000000000000004	1
"2 Mb / 200 kb
(conventional)"	p99	120	0.9178876931464063	0.005466560896175512	167.90953408907862	4.8	2.3999999999999986	1
"500 kb / 50 kb
(medium)"	All SNPs	12000	0.4268990104064772	0.20911632275619613	2.04144279499496	2.95	0.9499999999999993	1
"500 kb / 50 kb
(medium)"	p95	600	0.8148855268793933	0.009037938762545316	90.16276258215105	3.4	1.6500000000000004	1
"500 kb / 50 kb
(medium)"	p99	120	0.9182014393400757	0.009227841445756946	99.5033827507162	3.35	1.6999999999999993	1
"100 kb / 10 kb
(fine-scale)"	All SNPs	12000	0.42931893757417794	0.21621200653025294	1.98563874626503	2.96	0.7599999999999998	1
"100 kb / 10 kb
(fine-scale)"	p95	600	0.8145539067407627	0.016165756039811102	50.387615941671775	3.06	0.019999999999999574	1
"100 kb / 10 kb
(fine-scale)"	p99	120	0.9199977312723263	0.023316736440958923	39.45653945190327	2.99	0.9800000000000004	1
"2 Mb / 200 kb
(conventional)"	All SNPs	12000	0.43346308160283875	0.18771822489740306	2.3091156004684517	2.8	0.1999999999999993	1
"2 Mb / 200 kb
(conventional)"	p95	600	0.8139399059790988	0.004220193926770239	192.86789187956015	4.8	2.0	1
"2 Mb / 200 kb
(conventional)"	p99	120	0.9303298533691897	0.014365961553966747	64.75931665794455	4.8	2.3999999999999986	1
"500 kb / 50 kb
(medium)"	All SNPs	12000	0.4293979107878617	0.20968848630656592	2.047789644301591	2.9	0.5	1
"500 kb / 50 kb
(medium)"	p95	600	0.813241401116139	0.00699241926102448	116.30329514837881	3.4	1.0	1
"500 kb / 50 kb
(medium)"	p99	120	0.9269329101030128	0.013715394468067283	67.58339413869096	3.3	1.6499999999999986	1
"100 kb / 10 kb
(fine-scale)"	All SNPs	12000	0.4332048676947041	0.21691058834986746	1.997158695618691	3.0	0.07000000000000028	1
"100 kb / 10 kb
(fine-scale)"	p95	600	0.8126953008975777	0.015925091887020834	51.03237749980805	3.08	1.129999999999999	1
"100 kb / 10 kb
(fine-scale)"	p99	120	0.9252120886239171	0.02029293270314827	45.59282298710717	2.97	1.4800000000000004	1
"2 Mb / 200 kb
(conventional)"	All SNPs	12000	0.4331497620812691	0.18803879528618272	2.303512748111599	2.8	0.0	1
"2 Mb / 200 kb
(conventional)"	p95	600	0.8098121257479433	0.005083894571777933	159.28971663642048	4.8	0.0	1
"2 Mb / 200 kb
(conventional)"	p99	120	0.924289454197877	0.008329893329116789	110.96053907041791	4.8	2.3999999999999986	1
"500 kb / 50 kb
(medium)"	All SNPs	12000	0.4267520590844566	0.2100297866400323	2.03186446032944	2.95	0.9000000000000004	1
"500 kb / 50 kb
(medium)"	p95	600	0.8107269936275031	0.007155075697361982	113.30795478885172	3.4	0.75	1
"500 kb / 50 kb
(medium)"	p99	120	0.924326798084136	0.009807563079936186	94.2463270998559	3.4	0.9000000000000004	1
"100 kb / 10 kb
(fine-scale)"	All SNPs	12000	0.4303403649396997	0.2173091217653503	1.9803143165079826	3.0	0.8399999999999999	1
"100 kb / 10 kb
(fine-scale)"	p95	600	0.8106627407572763	0.01658242037275048	48.88687673660838	3.08	0.8399999999999999	1
"100 kb / 10 kb
(fine-scale)"	p99	120	0.9229963661419877	0.02014926159547913	45.807949922546015	3.05	0.9800000000000004	1
"2 Mb / 200 kb
(conventional)"	All SNPs	12000	0.4308044845389245	0.18830472405178006	2.2878049751978704	2.8	0.1999999999999993	1
"2 Mb / 200 kb
(conventional)"	p95	600	0.8257436673737214	0.0040900942541009	201.88866467949882	4.8	2.4000000000000004	1
"2 Mb / 200 kb
(conventional)"	p99	120	0.9411519548806453	0.00716234071100814	131.40284620000614	4.8	2.4000000000000004	1
"500 kb / 50 kb
(medium)"	All SNPs	12000	0.42813445978282033	0.21179728312483662	2.0214350886194854	2.9	0.6500000000000004	1
"500 kb / 50 kb
(medium)"	p95	600	0.8263319192870793	0.00501958507512429	164.62155873842192	3.4	1.6500000000000004	1
"500 kb / 50 kb
(medium)"	p99	120	0.9403370983673793	0.00912925952213423	103.00255963668214	3.4	1.6500000000000004	1
"100 kb / 10 kb
(fine-scale)"	All SNPs	12000	0.4326323648060933	0.21911187082935366	1.974481634283664	2.96	0.4900000000000002	1
"100 kb / 10 kb
(fine-scale)"	p95	600	0.8266098881357238	0.0158656740141094	52.10052137719561	3.08	1.5300000000000011	1
"100 kb / 10 kb
(fine-scale)"	p99	120	0.9376350429570741	0.020643481730803222	45.42039250859411	3.05	0.2400000000000002	1
"2 Mb / 200 kb
(conventional)"	All SNPs	12000	0.42664757541609366	0.18534317057851582	2.3019330795107744	2.8	0.40000000000000036	1
"2 Mb / 200 kb
(conventional)"	p95	600	0.8097398450313357	0.0030679725590807786	263.9332097787565	4.8	2.1999999999999993	1
"2 Mb / 200 kb
(conventional)"	p99	120	0.9142869424386749	0.007164389526652006	127.61547080005444	4.8	2.1999999999999993	1
"500 kb / 50 kb
(medium)"	All SNPs	12000	0.42043625387242195	0.20825471874658702	2.0188558338696097	2.9	0.1999999999999993	1
"500 kb / 50 kb
(medium)"	p95	600	0.8094036032936834	0.009282019794380916	87.20123650066708	3.4	0.09999999999999964	1
"500 kb / 50 kb
(medium)"	p99	120	0.9152306284539782	0.011587275963196773	78.98583164506582	3.3	1.5	1
"100 kb / 10 kb
(fine-scale)"	All SNPs	12000	0.4260917431912155	0.2163590300730758	1.9693735133093448	2.96	1.2100000000000009	1
"100 kb / 10 kb
(fine-scale)"	p95	600	0.8087236766892072	0.01642338687033366	49.242198523012505	3.06	0.21000000000000085	1
"100 kb / 10 kb
(fine-scale)"	p99	120	0.9155482178676466	0.021216383354518663	43.15288815106432	2.94	1.3000000000000007	1
"2 Mb / 200 kb
(conventional)"	All SNPs	12000	0.43822124559337616	0.18979617490189318	2.308904517279631	2.8	0.1999999999999993	1
"2 Mb / 200 kb
(conventional)"	p95	600	0.8170398011641186	0.005121178939078102	159.54134992814747	4.8	2.1999999999999993	1
"2 Mb / 200 kb
(conventional)"	p99	120	0.9285252042207057	0.003870971515480511	239.86877725847748	4.6	2.1999999999999993	1
"500 kb / 50 kb
(medium)"	All SNPs	12000	0.42629065224265056	0.21235887910132725	2.0074067731316547	3.0	0.5	1
"500 kb / 50 kb
(medium)"	p95	600	0.8167228850750546	0.008312301276869827	98.25472608261968	3.4	0.8499999999999996	1
"500 kb / 50 kb
(medium)"	p99	120	0.929858528890938	0.008854544926373931	105.01482985548857	3.3	1.6000000000000014	1
"100 kb / 10 kb
(fine-scale)"	All SNPs	12000	0.42673257444651114	0.2185870754190902	1.952231501466178	3.01	0.6099999999999994	1
"100 kb / 10 kb
(fine-scale)"	p95	600	0.8170609595643974	0.014645323965855868	55.78988634661102	3.07	0.6600000000000001	1
"100 kb / 10 kb
(fine-scale)"	p99	120	0.9296136218059974	0.019070769778694135	48.7454692492047	2.92	1.4100000000000001	1
"2 Mb / 200 kb
(conventional)"	All SNPs	12000	0.427791148059729	0.18599109172459943	2.300062568013567	2.8	0.40000000000000036	1
"2 Mb / 200 kb
(conventional)"	p95	600	0.8118216137483688	0.005826229681343233	139.339102326842	4.8	2.1999999999999993	1
"2 Mb / 200 kb
(conventional)"	p99	120	0.9168494220473452	0.008034118821910718	114.1194750004077	4.6	1.5999999999999996	1
"500 kb / 50 kb
(medium)"	All SNPs	12000	0.4254396255804087	0.20820063519601764	2.043411756068198	2.95	0.5	1
"500 kb / 50 kb
(medium)"	p95	600	0.8110891123897973	0.007489771384863012	108.29290651367887	3.4	1.4499999999999993	1
"500 kb / 50 kb
(medium)"	p99	120	0.9182710112450617	0.009944044020582677	92.34382001370656	3.2	0.75	1
"100 kb / 10 kb
(fine-scale)"	All SNPs	12000	0.4308239472038151	0.21602558775816905	1.9943190604165983	3.0	1.3000000000000007	1
"100 kb / 10 kb
(fine-scale)"	p95	600	0.811022824121778	0.016149639439244336	50.2192527067172	3.07	1.3599999999999994	1
"100 kb / 10 kb
(fine-scale)"	p99	120	0.9190712680044044	0.020116060060889562	45.688433282782796	2.85	0.6999999999999993	1
"2 Mb / 200 kb
(conventional)"	All SNPs	12000	0.43796431030608796	0.18864968284095693	2.321574591118281	2.8	0.1999999999999993	1
"2 Mb / 200 kb
(conventional)"	p95	600	0.8181655139549516	0.00593905814684009	137.76014541805105	4.8	2.3999999999999986	1
"2 Mb / 200 kb
(conventional)"	p99	120	0.9272259893310485	0.005113754967840143	181.31998798578996	4.8	2.1999999999999993	1
"500 kb / 50 kb
(medium)"	All SNPs	12000	0.43215485770124434	0.2108014096793269	2.0500567731432273	2.95	1.0999999999999996	1
"500 kb / 50 kb
(medium)"	p95	600	0.8173156918143043	0.007519195209360296	108.6972300967617	3.4	1.6999999999999993	1
"500 kb / 50 kb
(medium)"	p99	120	0.9282591759335347	0.009435993416084105	98.3742924567192	3.35	0.5	1
"100 kb / 10 kb
(fine-scale)"	All SNPs	12000	0.43294572281121574	0.21710045223974503	1.9942184290482812	3.01	1.2799999999999994	1
"100 kb / 10 kb
(fine-scale)"	p95	600	0.816201327372388	0.01593342632484382	51.22572576243349	3.07	1.3200000000000003	1
"100 kb / 10 kb
(fine-scale)"	p99	120	0.9288861634588458	0.02231904790172836	41.618538906711784	2.99	0.16000000000000014	1
"2 Mb / 200 kb
(conventional)"	All SNPs	12000	0.4304285879206754	0.1881309927838561	2.2879196114974807	2.8	0.1999999999999993	1
"2 Mb / 200 kb
(conventional)"	p95	600	0.8211997093309895	0.543583201398826	1.5107157601959755	4.8	2.4000000000000004	1
"2 Mb / 200 kb
(conventional)"	p99	120	0.9291959980149436	0.007804764875886921	119.05496357561331	4.8	2.0	1
"500 kb / 50 kb
(medium)"	All SNPs	12000	0.42552889569604074	0.21009050878594063	2.02545511529799	2.95	0.15000000000000036	1
"500 kb / 50 kb
(medium)"	p95	600	0.8209636863418371	0.00977095828213248	84.02079536488047	3.4	1.6500000000000004	1
"500 kb / 50 kb
(medium)"	p99	120	0.9300701644274282	0.00988352672122445	94.10306570327192	3.35	1.6999999999999993	1
"100 kb / 10 kb
(fine-scale)"	All SNPs	12000	0.42973751096150237	0.21747464310924847	1.976035020991498	2.98	0.3000000000000007	1
"100 kb / 10 kb
(fine-scale)"	p95	600	0.8207415617352211	0.01672113467622551	49.08408296610217	3.08	1.2200000000000006	1
"100 kb / 10 kb
(fine-scale)"	p99	120	0.9305352411904182	0.0178391043458103	52.16266596977242	2.98	0.8100000000000005	1
"2 Mb / 200 kb
(conventional)"	All SNPs	12000	0.43023430315886785	0.18695539625918464	2.30126710310311	2.8	0.1999999999999993	1
"2 Mb / 200 kb
(conventional)"	p95	600	0.8195036341836347	0.00255672182493935	320.52905646200867	4.8	1.8000000000000007	1
"2 Mb / 200 kb
(conventional)"	p99	120	0.9333868303260141	0.0031390607206311172	297.3458984693848	4.6	2.1999999999999993	1
"500 kb / 50 kb
(medium)"	All SNPs	12000	0.42875370028771814	0.21058651977933726	2.0359978441971833	2.9	1.0	1
"500 kb / 50 kb
(medium)"	p95	600	0.8199410842152641	0.0060056507095406905	136.52826710562607	3.4	1.6999999999999993	1
"500 kb / 50 kb
(medium)"	p99	120	0.9333116611737433	0.00994508694417688	93.84650595942983	3.3	0.25	1
"100 kb / 10 kb
(fine-scale)"	All SNPs	12000	0.4321511777571284	0.2173232910379418	1.9885175477196344	2.99	0.2400000000000002	1
"100 kb / 10 kb
(fine-scale)"	p95	600	0.8207917376446974	0.014885234212487459	55.141338451774054	3.07	1.5399999999999991	1
"100 kb / 10 kb
(fine-scale)"	p99	120	0.9331346155243444	0.020273428454791277	46.02746977923283	2.94	0.2599999999999998	1
"2 Mb / 200 kb
(conventional)"	All SNPs	12000	0.42358164302216267	0.1873902332668886	2.260425400180173	2.8	0.1999999999999993	1
"2 Mb / 200 kb
(conventional)"	p95	600	0.8121378257118183	0.007600996601388715	106.84622929096419	4.8	0.1999999999999993	1
"2 Mb / 200 kb
(conventional)"	p99	120	0.922951201876188	0.004514102608711265	204.45950876151707	4.6	2.3999999999999986	1
"500 kb / 50 kb
(medium)"	All SNPs	12000	0.4234373161422466	0.21100509873542078	2.0067634321632886	2.9	0.4499999999999993	1
"500 kb / 50 kb
(medium)"	p95	600	0.8134715464763138	0.011186717680068195	72.71762546807696	3.4	0.6999999999999993	1
"500 kb / 50 kb
(medium)"	p99	120	0.9234978581823291	0.007987712691131502	115.61480662764183	3.25	0.40000000000000036	1
"100 kb / 10 kb
(fine-scale)"	All SNPs	12000	0.427116836324543	0.21752640952260394	1.9635171529834854	2.98	0.5	1
"100 kb / 10 kb
(fine-scale)"	p95	600	0.8156059211731277	0.018054803182445286	45.173902641383684	3.04	0.5800000000000001	1
"100 kb / 10 kb
(fine-scale)"	p99	120	0.9238377890785588	0.018928724262496595	48.8061306333758	2.89	0.41000000000000014	1
"2 Mb / 200 kb
(conventional)"	All SNPs	12000	0.4341718501511184	0.18838116684631842	2.304751889053306	2.8	0.40000000000000036	1
"2 Mb / 200 kb
(conventional)"	p95	600	0.8087862826908119	0.007369570165494766	109.74673753398112	4.8	2.3999999999999986	1
"2 Mb / 200 kb
(conventional)"	p99	120	0.9140583414037668	0.0088563675262649	103.20916997775763	4.8	2.3999999999999986	1
"500 kb / 50 kb
(medium)"	All SNPs	12000	0.4267597966050718	0.2098664565593279	2.0334826422555503	2.9	1.1499999999999986	1
"500 kb / 50 kb
(medium)"	p95	600	0.8090892543859678	0.010732100568481978	75.38964522584705	3.4	1.6999999999999993	1
"500 kb / 50 kb
(medium)"	p99	120	0.9145700034926709	0.011471497309387011	79.72542544592565	3.35	1.6999999999999993	1
"100 kb / 10 kb
(fine-scale)"	All SNPs	12000	0.4322741234586953	0.21670276747462622	1.9947789707360817	2.99	1.3200000000000003	1
"100 kb / 10 kb
(fine-scale)"	p95	600	0.8099349400566628	0.016550850880622612	48.93615113195887	3.06	1.5199999999999996	1
"100 kb / 10 kb
(fine-scale)"	p99	120	0.9166957160544775	0.021810415077635023	42.03018203878575	3.01	0.8699999999999992	1
"2 Mb / 200 kb
(conventional)"	All SNPs	12000	0.4306702665273388	0.1859022700811188	2.316648776474946	2.8	0.40000000000000036	1
"2 Mb / 200 kb
(conventional)"	p95	600	0.8136195001184099	0.20342358332019606	3.999632131333285	4.8	2.4000000000000004	1
"2 Mb / 200 kb
(conventional)"	p99	120	0.9237284087994881	0.005207152409153968	177.39607682225895	4.8	2.3999999999999986	1
"500 kb / 50 kb
(medium)"	All SNPs	12000	0.4315346754973241	0.20922191094526266	2.0625692287564648	2.95	1.25	1
"500 kb / 50 kb
(medium)"	p95	600	0.81382427251794	0.00888947851788194	91.54915790401692	3.4	1.6999999999999993	1
"500 kb / 50 kb
(medium)"	p99	120	0.9227048461578855	0.007797486624600146	118.33362345846943	3.4	1.6999999999999993	1
"100 kb / 10 kb
(fine-scale)"	All SNPs	12000	0.43453238607859684	0.21661061711180143	2.006053035961378	2.99	1.3499999999999996	1
"100 kb / 10 kb
(fine-scale)"	p95	600	0.8129068480787432	0.015495779092429598	52.45988880132433	3.08	1.0099999999999998	1
"100 kb / 10 kb
(fine-scale)"	p99	120	0.9212936342102998	0.0166098477632181	55.466711516192866	3.03	0.8100000000000005	1
"2 Mb / 200 kb
(conventional)"	All SNPs	12000	0.4279372229254477	0.18766565745273206	2.2803171807459424	2.8	0.40000000000000036	1
"2 Mb / 200 kb
(conventional)"	p95	600	0.8174772050342223	0.014412870973494663	56.71855430729705	8.0	1.3999999999999986	1
"2 Mb / 200 kb
(conventional)"	p99	120	0.9224916388220034	0.0051556383645192955	178.92869390733833	4.8	2.0	1
"500 kb / 50 kb
(medium)"	All SNPs	12000	0.42555578416408324	0.21074895641682534	2.0192545263304025	2.9	1.25	1
"500 kb / 50 kb
(medium)"	p95	600	0.817611986426926	0.0069288046965958845	118.00188087688747	3.4	0.9499999999999993	1
"500 kb / 50 kb
(medium)"	p99	120	0.9222172480003786	0.009146944114806911	100.82244260217024	3.4	1.6999999999999993	1
"100 kb / 10 kb
(fine-scale)"	All SNPs	12000	0.43077006083318514	0.2182195204257758	1.9740216640229733	3.0	1.2600000000000016	1
"100 kb / 10 kb
(fine-scale)"	p95	600	0.818449720640781	0.01632972174376368	50.120249045477266	3.08	1.5399999999999991	1
"100 kb / 10 kb
(fine-scale)"	p99	120	0.9221312570587789	0.02149162837531152	42.90653276501263	3.02	0.9399999999999995	1
"2 Mb / 200 kb
(conventional)"	All SNPs	12000	0.4308292877683626	0.18588781891826747	2.3176843446519366	2.8	0.40000000000000036	1
"2 Mb / 200 kb
(conventional)"	p95	600	0.8152376249284786	0.2694513731991199	3.025546373170762	4.8	2.4000000000000004	1
"2 Mb / 200 kb
(conventional)"	p99	120	0.9182074177975756	0.008322168916478696	110.33270617464115	4.8	2.0	1
"500 kb / 50 kb
(medium)"	All SNPs	12000	0.4302662085927141	0.20947801675106137	2.053992181451823	2.95	1.1999999999999993	1
"500 kb / 50 kb
(medium)"	p95	600	0.8141579060598404	0.008062821439775136	100.97679976434483	3.4	1.6999999999999993	1
"500 kb / 50 kb
(medium)"	p99	120	0.9179553591037921	0.009050741342297887	101.42322317994042	3.35	1.1999999999999993	1
"100 kb / 10 kb
(fine-scale)"	All SNPs	12000	0.4328668834955407	0.21707370113320468	1.9941009953569508	3.01	1.0099999999999998	1
"100 kb / 10 kb
(fine-scale)"	p95	600	0.8126500850647954	0.01393203058576749	58.329622524298244	3.07	1.5099999999999998	1
"100 kb / 10 kb
(fine-scale)"	p99	120	0.9183352160115845	0.01865216649693454	49.23477474654281	2.98	0.35999999999999943	1
"2 Mb / 200 kb
(conventional)"	All SNPs	12000	0.4190972680501399	0.18277668930743277	2.292947036288708	2.8	0.40000000000000036	1
"2 Mb / 200 kb
(conventional)"	p95	600	0.8155306559552217	0.012841117629111748	63.5093205677327	6.8	2.4000000000000004	1
"2 Mb / 200 kb
(conventional)"	p99	120	0.9281976043514006	0.008091622260257912	114.71094108164847	4.8	2.4000000000000004	1
"500 kb / 50 kb
(medium)"	All SNPs	12000	0.4194940075395222	0.20725085192663256	2.0240882179245485	2.9	0.40000000000000036	1
"500 kb / 50 kb
(medium)"	p95	600	0.8146849223704626	0.011561929942844166	70.46271049883693	5.4	1.5999999999999996	1
"500 kb / 50 kb
(medium)"	p99	120	0.9273663298520516	0.012177168132163208	76.15615714483117	3.4	1.5999999999999996	1
"100 kb / 10 kb
(fine-scale)"	All SNPs	12000	0.42596057347169014	0.21557132602048718	1.9759611880441292	2.97	1.2199999999999989	1
"100 kb / 10 kb
(fine-scale)"	p95	600	0.8145667343867431	0.01813533779056093	44.91599460643674	5.07	0.0600000000000005	1
"100 kb / 10 kb
(fine-scale)"	p99	120	0.9290998811252799	0.025239693261449585	36.81106071698429	3.03	1.0100000000000016	1
"2 Mb / 200 kb
(conventional)"	All SNPs	12000	0.429024110551786	0.18809232678443122	2.280922980146244	2.8	0.1999999999999993	1
"2 Mb / 200 kb
(conventional)"	p95	600	0.8176319859292088	0.004991126664801098	163.81711802575387	4.8	1.5999999999999996	1
"2 Mb / 200 kb
(conventional)"	p99	120	0.9246757590182584	0.005297886490425197	174.53672529402303	4.8	0.1999999999999993	1
"500 kb / 50 kb
(medium)"	All SNPs	12000	0.42809293643835356	0.2112642188452182	2.0263390496428264	2.9	0.5999999999999996	1
"500 kb / 50 kb
(medium)"	p95	600	0.818037521770765	0.008337066152229455	98.12055066301826	3.4	0.5500000000000007	1
"500 kb / 50 kb
(medium)"	p99	120	0.9255621488565763	0.008034177503170868	115.20309932053188	3.3	0.6999999999999993	1
"100 kb / 10 kb
(fine-scale)"	All SNPs	12000	0.43178888621442346	0.21823780471103738	1.9785246959670584	2.99	0.6799999999999997	1
"100 kb / 10 kb
(fine-scale)"	p95	600	0.8174706007644895	0.0183744861242309	44.48944015291238	3.07	0.6899999999999995	1
"100 kb / 10 kb
(fine-scale)"	p99	120	0.9242749205221243	0.01845166674539779	50.09167644720533	2.97	1.1099999999999994	1
"2 Mb / 200 kb
(conventional)"	All SNPs	12000	0.4353720073804911	0.18897654147389578	2.303841545542472	2.8	0.40000000000000036	1
"2 Mb / 200 kb
(conventional)"	p95	600	0.8189304962677408	0.004357140781508588	187.95135097383744	4.8	2.4000000000000004	1
"2 Mb / 200 kb
(conventional)"	p99	120	0.9262196074543216	0.0019848568679157936	466.6430221877419	4.8	1.3999999999999986	1
"500 kb / 50 kb
(medium)"	All SNPs	12000	0.4327250011640107	0.21090777801777738	2.051726139410261	2.95	0.25	1
"500 kb / 50 kb
(medium)"	p95	600	0.8197099590017697	0.007064819658599424	116.02701818495878	3.4	1.6999999999999993	1
"500 kb / 50 kb
(medium)"	p99	120	0.9261343946703829	0.006611705848150594	140.07495432202847	3.4	0.8000000000000007	1
"100 kb / 10 kb
(fine-scale)"	All SNPs	12000	0.4351860493280292	0.21782151257087676	1.997902062985741	3.0	0.8399999999999999	1
"100 kb / 10 kb
(fine-scale)"	p95	600	0.8199999827877681	0.0146208659696204	56.084228149795265	3.08	1.5399999999999991	1
"100 kb / 10 kb
(fine-scale)"	p99	120	0.9252050402615719	0.019543783783662987	47.34011850023474	3.04	1.1999999999999993	1
"2 Mb / 200 kb
(conventional)"	All SNPs	12000	0.4345771564814851	0.1874184945787598	2.3187527861550534	2.8	0.40000000000000036	1
"2 Mb / 200 kb
(conventional)"	p95	600	0.8049666244842116	0.3277846653282987	2.455778776831987	4.8	2.3999999999999986	1
"2 Mb / 200 kb
(conventional)"	p99	120	0.8801995952693636	0.1824897508356026	4.823282355524167	4.6	2.3999999999999986	1
"500 kb / 50 kb
(medium)"	All SNPs	12000	0.4285033750129891	0.20862636036458398	2.053927290224304	2.95	0.1999999999999993	1
"500 kb / 50 kb
(medium)"	p95	600	0.8118641727954712	0.010986974129690252	73.89333616446402	3.4	1.6999999999999993	1
"500 kb / 50 kb
(medium)"	p99	120	0.9249255465033047	0.00810799964062124	114.07567680065121	3.3	1.6999999999999993	1
"100 kb / 10 kb
(fine-scale)"	All SNPs	12000	0.4315387098687405	0.21584653275895188	1.9992848824246083	2.97	0.8800000000000008	1
"100 kb / 10 kb
(fine-scale)"	p95	600	0.8115836968553428	0.016950907577004647	47.87848043937927	3.05	1.0700000000000003	1
"100 kb / 10 kb
(fine-scale)"	p99	120	0.9257215292887196	0.0196220977668822	47.17750060603279	2.96	1.0899999999999999	1
"2 Mb / 200 kb
(conventional)"	All SNPs	12000	0.43249577432713215	0.18809286000851816	2.299373693969807	2.8	0.1999999999999993	1
"2 Mb / 200 kb
(conventional)"	p95	600	0.8068124076713425	0.018591638085569927	43.39652073463917	4.8	1.1999999999999993	1
"2 Mb / 200 kb
(conventional)"	p99	120	0.917922500766599	0.007211840449838064	127.27992350235787	4.8	2.3999999999999986	1
"500 kb / 50 kb
(medium)"	All SNPs	12000	0.43004489669687773	0.21050566616753433	2.0429136399331864	3.0	0.4499999999999993	1
"500 kb / 50 kb
(medium)"	p95	600	0.812642605450095	0.007268722410277411	111.79992295497229	3.4	0.4499999999999993	1
"500 kb / 50 kb
(medium)"	p99	120	0.9185128911112015	0.010724881400938727	85.64317466772229	3.35	1.6000000000000014	1
"100 kb / 10 kb
(fine-scale)"	All SNPs	12000	0.4316312902251637	0.2169704415072702	1.9893552652917503	2.99	1.2100000000000009	1
"100 kb / 10 kb
(fine-scale)"	p95	600	0.8132698059097995	0.014530298168708362	55.97062059340337	3.07	0.25	1
"100 kb / 10 kb
(fine-scale)"	p99	120	0.9181818684445626	0.020677419330566844	44.405051412157626	2.98	0.3800000000000008	1
"2 Mb / 200 kb
(conventional)"	All SNPs	12000	0.4252822571392242	0.1862994858669732	2.282788141685459	2.8	0.0	1
"2 Mb / 200 kb
(conventional)"	p95	600	0.8081252193584774	0.009608964992334984	84.10117218692275	4.8	1.8000000000000007	1
"2 Mb / 200 kb
(conventional)"	p99	120	0.9182431012581341	0.00917566804790783	100.07370542001084	4.8	2.3999999999999986	1
"500 kb / 50 kb
(medium)"	All SNPs	12000	0.4222919163394553	0.20843550999676108	2.026007547111418	2.9	0.75	1
"500 kb / 50 kb
(medium)"	p95	600	0.8091239545869208	0.01237303074427899	65.3941601948287	3.4	1.6999999999999993	1
"500 kb / 50 kb
(medium)"	p99	120	0.9197054573053116	0.010984575422380594	83.72699189005083	3.3	1.6499999999999986	1
"100 kb / 10 kb
(fine-scale)"	All SNPs	12000	0.4285330295536725	0.21604064824293676	1.9835759290621504	2.97	0.7599999999999998	1
"100 kb / 10 kb
(fine-scale)"	p95	600	0.8107078267826099	0.020062931022503058	40.40824473120607	3.08	0.9499999999999993	1
"100 kb / 10 kb
(fine-scale)"	p99	120	0.920303847651219	0.02070909957322966	44.43958774725686	2.96	0.13000000000000078	1
"2 Mb / 200 kb
(conventional)"	All SNPs	12000	0.4408342393173003	0.19140761279786683	2.303117586983527	2.8	0.40000000000000036	1
"2 Mb / 200 kb
(conventional)"	p95	600	0.8230217722454561	0.574762954849216	1.4319325302747958	4.8	0.1999999999999993	1
"2 Mb / 200 kb
(conventional)"	p99	120	0.9425442402176017	0.00421739957018806	223.48943336558747	4.6	1.8000000000000007	1
"500 kb / 50 kb
(medium)"	All SNPs	12000	0.4381598601775161	0.21314745829555354	2.05566542374602	3.0	0.3000000000000007	1
"500 kb / 50 kb
(medium)"	p95	600	0.8237149632916725	0.010069978998452153	81.79907459770124	3.4	1.6999999999999993	1
"500 kb / 50 kb
(medium)"	p99	120	0.9434896042006986	0.007221855974896839	130.6436472120556	3.3	1.5999999999999996	1
"100 kb / 10 kb
(fine-scale)"	All SNPs	12000	0.43692150484652287	0.21915160422277388	1.9936952156753533	2.99	0.4900000000000002	1
"100 kb / 10 kb
(fine-scale)"	p95	600	0.82575178985308	0.018663174898567784	44.24497944968883	3.08	1.0199999999999996	1
"100 kb / 10 kb
(fine-scale)"	p99	120	0.9430834212827856	0.01713796890258549	55.0288909172025	2.94	0.7699999999999996	1
"2 Mb / 200 kb
(conventional)"	All SNPs	12000	0.4284597125169043	0.18697300650397353	2.291559196315318	2.8	0.40000000000000036	1
"2 Mb / 200 kb
(conventional)"	p95	600	0.8038628323486927	0.015688316600727132	51.23958502414687	4.8	0.40000000000000036	1
"2 Mb / 200 kb
(conventional)"	p99	120	0.9258305202498369	0.002753465553137038	336.2419112870445	4.8	2.3999999999999986	1
"500 kb / 50 kb
(medium)"	All SNPs	12000	0.42529425354750783	0.20987543981620105	2.0264126851620197	3.0	0.5	1
"500 kb / 50 kb
(medium)"	p95	600	0.8117747694652576	0.010793623939627607	75.20873193338852	3.4	1.6999999999999993	1
"500 kb / 50 kb
(medium)"	p99	120	0.9259631913049025	0.00645565403135533	143.43445091813595	3.4	0.5999999999999996	1
"100 kb / 10 kb
(fine-scale)"	All SNPs	12000	0.428696913423326	0.21607990682446432	1.9839739831597771	2.98	0.33999999999999986	1
"100 kb / 10 kb
(fine-scale)"	p95	600	0.8129785464930223	0.01813440027670021	44.83073793940509	3.08	1.5300000000000011	1
"100 kb / 10 kb
(fine-scale)"	p99	120	0.9260525152438505	0.018234464383615027	50.785835863430954	3.05	0.7200000000000006	1
"2 Mb / 200 kb
(conventional)"	All SNPs	12000	0.4295787075022443	0.18682251770759126	2.2993947023806167	2.8	0.0	1
"2 Mb / 200 kb
(conventional)"	p95	600	0.8167610447964365	0.005835141791984761	139.97278453770426	4.8	2.1999999999999993	1
"2 Mb / 200 kb
(conventional)"	p99	120	0.9322900519456548	0.004586663442701028	203.26105536024266	4.8	2.0	1
"500 kb / 50 kb
(medium)"	All SNPs	12000	0.4277483065758903	0.210137397720205	2.035564879057992	2.95	0.09999999999999964	1
"500 kb / 50 kb
(medium)"	p95	600	0.8171548294132732	0.009157731936173719	89.23113660768462	3.4	1.5	1
"500 kb / 50 kb
(medium)"	p99	120	0.9328446156147879	0.009301905768783893	100.28532204070538	3.35	1.6999999999999993	1
"100 kb / 10 kb
(fine-scale)"	All SNPs	12000	0.42795040891401215	0.21720876414801776	1.970226250274062	2.98	0.2400000000000002	1
"100 kb / 10 kb
(fine-scale)"	p95	600	0.8159544909693053	0.015500770074464546	52.639609970957615	3.07	1.2400000000000002	1
"100 kb / 10 kb
(fine-scale)"	p99	120	0.9319721076220144	0.019761463592845772	47.161087195961315	2.97	0.4499999999999993	1
"2 Mb / 200 kb
(conventional)"	All SNPs	12000	0.43534273403533885	0.18830491250344608	2.3119032225320826	2.8	0.40000000000000036	1
"2 Mb / 200 kb
(conventional)"	p95	600	0.8161497987671964	0.007840052510826053	104.10004239642576	4.8	2.3999999999999986	1
"2 Mb / 200 kb
(conventional)"	p99	120	0.9324744422035532	0.010073308393443406	92.56883694839419	4.8	2.3999999999999986	1
"500 kb / 50 kb
(medium)"	All SNPs	12000	0.4256246959159793	0.20980563782855136	2.0286618620982466	2.95	0.25	1
"500 kb / 50 kb
(medium)"	p95	600	0.8159802100903127	0.007476676369551066	109.1367567296895	3.4	1.6499999999999986	1
"500 kb / 50 kb
(medium)"	p99	120	0.9325746886060742	0.01281874679264077	72.75084715312923	3.35	0.1999999999999993	1
"100 kb / 10 kb
(fine-scale)"	All SNPs	12000	0.42866220072082334	0.21723429382022036	1.9732713154193662	2.98	0.21000000000000085	1
"100 kb / 10 kb
(fine-scale)"	p95	600	0.8149399512284863	0.015500134365708258	52.57631527578366	3.07	1.4400000000000013	1
"100 kb / 10 kb
(fine-scale)"	p99	120	0.9314067294199598	0.024542846506889426	37.95023242958002	2.98	0.009999999999999787	1
"2 Mb / 200 kb
(conventional)"	All SNPs	12000	0.42684246283773314	0.1866716721369926	2.2865947358337615	2.8	0.40000000000000036	1
"2 Mb / 200 kb
(conventional)"	p95	600	0.8208492207656708	0.502884171012553	1.6322828756230243	4.8	2.3999999999999986	1
"2 Mb / 200 kb
(conventional)"	p99	120	0.9341682340917612	0.008157741762074917	114.51309214452948	4.8	2.3999999999999986	1
"500 kb / 50 kb
(medium)"	All SNPs	12000	0.42549868708852073	0.20979758273618374	2.028139130771477	2.9	0.6500000000000004	1
"500 kb / 50 kb
(medium)"	p95	600	0.8195819566987266	0.009196932075960748	89.11471237685637	3.4	1.6499999999999986	1
"500 kb / 50 kb
(medium)"	p99	120	0.9338421681026906	0.008235516737128199	113.39205515698218	3.3	1.6499999999999986	1
"100 kb / 10 kb
(fine-scale)"	All SNPs	12000	0.43219709718803473	0.21760328491350397	1.9861699117264269	2.99	0.3800000000000008	1
"100 kb / 10 kb
(fine-scale)"	p95	600	0.8189561558592591	0.017227073243305652	47.53890253398098	3.07	1.4400000000000013	1
"100 kb / 10 kb
(fine-scale)"	p99	120	0.9348955375467145	0.022016683108478978	42.4630509936654	2.97	0.3100000000000005	1
"2 Mb / 200 kb
(conventional)"	All SNPs	12000	0.43975201256677143	0.1885058176259144	2.332829925914804	2.8	0.0	1
"2 Mb / 200 kb
(conventional)"	p95	600	0.8226283127726686	0.007370079976278811	111.61728440130409	4.8	2.3999999999999986	1
"2 Mb / 200 kb
(conventional)"	p99	120	0.9342890689172693	0.006930726452948027	134.80391633691787	4.8	2.4000000000000004	1
"500 kb / 50 kb
(medium)"	All SNPs	12000	0.4315898479356288	0.21006424848344799	2.0545611690303214	3.0	0.6500000000000004	1
"500 kb / 50 kb
(medium)"	p95	600	0.8224987755749685	0.00952173274091132	86.38120791198007	3.4	1.6999999999999993	1
"500 kb / 50 kb
(medium)"	p99	120	0.9331256930678387	0.008696106779256457	107.30384489915656	3.4	1.6500000000000004	1
"100 kb / 10 kb
(fine-scale)"	All SNPs	12000	0.43487178596272275	0.2169816058869161	2.0041873327703366	2.98	0.5600000000000005	1
"100 kb / 10 kb
(fine-scale)"	p95	600	0.8208883165714647	0.016191116996886214	50.69991877208554	3.06	1.5	1
"100 kb / 10 kb
(fine-scale)"	p99	120	0.9310741479627299	0.016679823940963633	55.82038223293978	3.02	1.4100000000000001	1
"2 Mb / 200 kb
(conventional)"	All SNPs	12000	0.4346732588476561	0.18855736835518458	2.3052573476145692	2.8	0.40000000000000036	1
"2 Mb / 200 kb
(conventional)"	p95	600	0.8123591023974563	0.0041754197401137	194.55747037669923	4.8	0.40000000000000036	1
"2 Mb / 200 kb
(conventional)"	p99	120	0.9278284795045284	0.016613139523004822	55.849075258757104	4.6	2.1999999999999993	1
"500 kb / 50 kb
(medium)"	All SNPs	12000	0.42894824801171616	0.21031292022589587	2.039571546774137	2.95	1.1000000000000014	1
"500 kb / 50 kb
(medium)"	p95	600	0.8140027070124507	0.006705430202126361	121.39455373859862	3.4	0.34999999999999964	1
"500 kb / 50 kb
(medium)"	p99	120	0.9272036828897265	0.017180374147450474	53.96877128123088	3.25	1.4000000000000004	1
"100 kb / 10 kb
(fine-scale)"	All SNPs	12000	0.43071267323441587	0.21669919596776427	1.9876062359663198	2.97	0.21000000000000085	1
"100 kb / 10 kb
(fine-scale)"	p95	600	0.8140843093221258	0.016006835402805328	50.85854191887616	3.06	0.5500000000000007	1
"100 kb / 10 kb
(fine-scale)"	p99	120	0.9222265523501229	0.02473345677995311	37.28660172958934	2.91	0.8499999999999996	1
"2 Mb / 200 kb
(conventional)"	All SNPs	12000	0.4334527722916337	0.18797867886164216	2.3058613610678034	2.8	0.1999999999999993	1
"2 Mb / 200 kb
(conventional)"	p95	600	0.8157944501974117	0.0048691227753061795	167.54444031165613	4.8	2.1999999999999993	1
"2 Mb / 200 kb
(conventional)"	p99	120	0.9362942949986032	0.0076807802154439	121.90093567785956	4.8	2.1999999999999993	1
"500 kb / 50 kb
(medium)"	All SNPs	12000	0.4252995951862677	0.20927389148089173	2.0322630413985525	2.95	0.5	1
"500 kb / 50 kb
(medium)"	p95	600	0.8156354715431763	0.005676143003335867	143.69537044148248	3.4	1.4499999999999993	1
"500 kb / 50 kb
(medium)"	p99	120	0.9361518095111636	0.011345613850260543	82.51222206806074	3.35	1.5	1
"100 kb / 10 kb
(fine-scale)"	All SNPs	12000	0.42703819435172	0.21692872253196221	1.9685645559858969	2.99	0.5	1
"100 kb / 10 kb
(fine-scale)"	p95	600	0.8162019366159692	0.015353843672751095	53.15945335984539	3.07	0.7599999999999998	1
"100 kb / 10 kb
(fine-scale)"	p99	120	0.938877019513627	0.024042760449669697	39.05030046275429	2.98	1.3000000000000007	1
"2 Mb / 200 kb
(conventional)"	All SNPs	12000	0.4218332703677449	0.1865527590484174	2.26120091988703	2.8	0.0	1
"2 Mb / 200 kb
(conventional)"	p95	600	0.8055859957957504	0.017442241743905587	46.18592080213694	4.8	0.40000000000000036	1
"2 Mb / 200 kb
(conventional)"	p99	120	0.9270932267406978	0.007645947070970163	121.25289622532827	4.8	2.4000000000000004	1
"500 kb / 50 kb
(medium)"	All SNPs	12000	0.4233100312123024	0.21044968415131413	2.0114548183780636	2.9	0.34999999999999964	1
"500 kb / 50 kb
(medium)"	p95	600	0.8119846490539041	0.009591801475885946	84.6540299124472	3.4	0.34999999999999964	1
"500 kb / 50 kb
(medium)"	p99	120	0.9275269717463414	0.007912063981585544	117.22945793980661	3.35	1.6500000000000004	1
"100 kb / 10 kb
(fine-scale)"	All SNPs	12000	0.4299357835019862	0.2182295680873155	1.9701078422607023	2.97	0.6799999999999997	1
"100 kb / 10 kb
(fine-scale)"	p95	600	0.8122246461032177	0.01830153800266776	44.380130565246596	3.08	1.3000000000000007	1
"100 kb / 10 kb
(fine-scale)"	p99	120	0.9265410641486918	0.018650243739955857	49.679836739274954	2.95	0.5700000000000003	1
"2 Mb / 200 kb
(conventional)"	All SNPs	12000	0.43522048639823874	0.19088402453613904	2.2800257248130307	2.8	0.1999999999999993	1
"2 Mb / 200 kb
(conventional)"	p95	600	0.8143537922161178	0.026643352388585336	30.564989733236683	11.6	1.8000000000000007	1
"2 Mb / 200 kb
(conventional)"	p99	120	0.9330500033230916	0.015500208758887074	60.1959636697232	4.8	1.8000000000000007	1
"500 kb / 50 kb
(medium)"	All SNPs	12000	0.4323521173562021	0.2127143032580782	2.032548402876537	2.9	1.0	1
"500 kb / 50 kb
(medium)"	p95	600	0.8215523373080226	0.014445422978586265	56.872847442811654	10.15	0.9499999999999993	1
"500 kb / 50 kb
(medium)"	p99	120	0.9340357070701113	0.01604440122433649	58.215678728686115	3.35	0.9000000000000004	1
"100 kb / 10 kb
(fine-scale)"	All SNPs	12000	0.4372763593202442	0.21970299622708492	1.990306763355542	2.97	0.9900000000000002	1
"100 kb / 10 kb
(fine-scale)"	p95	600	0.8237340460966661	0.018158047819269097	45.364680955544664	3.07	0.9600000000000009	1
"100 kb / 10 kb
(fine-scale)"	p99	120	0.9378726192665247	0.023301820325548287	40.24889927754847	2.97	1.0899999999999999	1
"2 Mb / 200 kb
(conventional)"	All SNPs	12000	0.42731711359745544	0.18593406575735758	2.2982185209411856	2.8	0.1999999999999993	1
"2 Mb / 200 kb
(conventional)"	p95	600	0.8137529400123792	0.15746499812964262	5.167833802293051	4.8	2.0	1
"2 Mb / 200 kb
(conventional)"	p99	120	0.9170377838500837	0.01179580005123393	77.74273723418655	4.8	1.8000000000000007	1
"500 kb / 50 kb
(medium)"	All SNPs	12000	0.4272635669391195	0.20913596565282389	2.042994210036538	2.9	0.5999999999999996	1
"500 kb / 50 kb
(medium)"	p95	600	0.814176106774167	0.007926299290673263	102.71831493067562	3.4	1.0500000000000007	1
"500 kb / 50 kb
(medium)"	p99	120	0.9177556511755653	0.012428142619733698	73.84495650366381	3.35	1.0999999999999996	1
"100 kb / 10 kb
(fine-scale)"	All SNPs	12000	0.43093640464884597	0.21571737461412877	1.9976898264207832	2.95	1.1900000000000013	1
"100 kb / 10 kb
(fine-scale)"	p95	600	0.814205739136579	0.016261811767552543	50.06857481656361	3.08	1.1500000000000004	1
"100 kb / 10 kb
(fine-scale)"	p99	120	0.9198700528715048	0.021838044281832857	42.12236411832665	2.98	0.9900000000000002	1
"2 Mb / 200 kb
(conventional)"	All SNPs	12000	0.4317372804946318	0.18708129521062009	2.307752252883287	2.8	0.40000000000000036	1
"2 Mb / 200 kb
(conventional)"	p95	600	0.8161280895509374	0.333565837711706	2.4466776788344253	4.8	2.4000000000000004	1
"2 Mb / 200 kb
(conventional)"	p99	120	0.9184100646108816	0.009453169027749269	97.15367004598545	4.8	2.0	1
"500 kb / 50 kb
(medium)"	All SNPs	12000	0.43096676359957553	0.20959285199628935	2.056209262361702	2.95	1.0	1
"500 kb / 50 kb
(medium)"	p95	600	0.8154674447093335	0.011519704291278835	70.78892166760699	3.4	1.5999999999999996	1
"500 kb / 50 kb
(medium)"	p99	120	0.9171833900691875	0.01264935771086595	72.50829734076663	3.4	1.1500000000000004	1
"100 kb / 10 kb
(fine-scale)"	All SNPs	12000	0.43347279114297416	0.21607297012856902	2.0061407536770868	2.98	1.3399999999999999	1
"100 kb / 10 kb
(fine-scale)"	p95	600	0.8144428742776807	0.01629981579365393	49.9663851780933	3.06	1.42	1
"100 kb / 10 kb
(fine-scale)"	p99	120	0.9196501005694315	0.022989911481205213	40.00233325479599	3.02	1.3100000000000005	1
"2 Mb / 200 kb
(conventional)"	All SNPs	12000	0.4246390575569447	0.1863337530098869	2.278916464127749	2.8	0.0	1
"2 Mb / 200 kb
(conventional)"	p95	600	0.8153106349436644	0.004279894172026812	190.4978492862035	4.8	1.8000000000000007	1
"2 Mb / 200 kb
(conventional)"	p99	120	0.9234960594209918	0.005015351014106788	184.13388351552146	4.8	1.1999999999999993	1
"500 kb / 50 kb
(medium)"	All SNPs	12000	0.42073291090651865	0.20919423714366142	2.0112069847200704	2.9	1.1999999999999993	1
"500 kb / 50 kb
(medium)"	p95	600	0.8152062566052202	0.0060275095939243606	135.24760830359122	3.4	1.6999999999999993	1
"500 kb / 50 kb
(medium)"	p99	120	0.9240584041483885	0.009131733196299858	101.1920064115335	3.4	1.6999999999999993	1
"100 kb / 10 kb
(fine-scale)"	All SNPs	12000	0.42738526249105563	0.21716632008156372	1.9680089542915196	2.96	1.0	1
"100 kb / 10 kb
(fine-scale)"	p95	600	0.8154166938964907	0.015087961534583019	54.044192254035075	3.08	1.5399999999999991	1
"100 kb / 10 kb
(fine-scale)"	p99	120	0.9239894766534962	0.019222983123537433	48.066914001611146	3.02	0.41999999999999993	1
"2 Mb / 200 kb
(conventional)"	All SNPs	12000	0.43174674135031105	0.18642274628092345	2.3159552681393554	2.8	0.40000000000000036	1
"2 Mb / 200 kb
(conventional)"	p95	600	0.8177962416321575	0.7166314718874736	1.1411670764029311	4.8	2.1999999999999993	1
"2 Mb / 200 kb
(conventional)"	p99	120	0.9268286215137458	0.004683787975552395	197.88014025217223	4.8	2.3999999999999986	1
"500 kb / 50 kb
(medium)"	All SNPs	12000	0.4250503125105998	0.20826628350202164	2.040898341120462	2.9	1.0999999999999996	1
"500 kb / 50 kb
(medium)"	p95	600	0.8177612814610605	0.40777713251425135	2.0054123104425936	3.4	1.5500000000000007	1
"500 kb / 50 kb
(medium)"	p99	120	0.9274886028849567	0.007376978942505323	125.7274299023509	3.4	0.6999999999999993	1
"100 kb / 10 kb
(fine-scale)"	All SNPs	12000	0.4311942212196053	0.21572121560533045	1.9988493946209274	2.97	1.2699999999999996	1
"100 kb / 10 kb
(fine-scale)"	p95	600	0.8174131832737082	0.016483087047530317	49.59102508629791	3.07	1.5199999999999996	1
"100 kb / 10 kb
(fine-scale)"	p99	120	0.9279710882504988	0.020617743297310885	45.00837336409807	3.02	0.8399999999999999	1
"2 Mb / 200 kb
(conventional)"	All SNPs	12000	0.44086048908738446	0.18796815552278975	2.345399878299776	2.8	0.0	1
"2 Mb / 200 kb
(conventional)"	p95	600	0.8127366788448234	0.008027446632868898	101.24473148373488	4.8	2.0	1
"2 Mb / 200 kb
(conventional)"	p99	120	0.9214659516738218	0.008483364355079369	108.62034366378465	4.8	2.3999999999999986	1
"500 kb / 50 kb
(medium)"	All SNPs	12000	0.4343076653129311	0.20882671857995552	2.079751423889963	3.0	0.5	1
"500 kb / 50 kb
(medium)"	p95	600	0.8121915234358383	0.008843815378037492	91.83723186406789	3.4	1.6499999999999986	1
"500 kb / 50 kb
(medium)"	p99	120	0.9204626459513259	0.011309896269625221	81.38559576566546	3.35	1.6999999999999993	1
"100 kb / 10 kb
(fine-scale)"	All SNPs	12000	0.4350375429142112	0.21548397928537513	2.0188857861125324	2.98	0.08999999999999986	1
"100 kb / 10 kb
(fine-scale)"	p95	600	0.8114834477069444	0.01552424466909778	52.27200839743691	3.07	0.17999999999999972	1
"100 kb / 10 kb
(fine-scale)"	p99	120	0.9202677217552871	0.018001935204513642	51.12048850862143	3.01	0.6600000000000001	1
"2 Mb / 200 kb
(conventional)"	All SNPs	12000	0.4310882566595109	0.189453286759187	2.275432978935144	2.8	0.40000000000000036	1
"2 Mb / 200 kb
(conventional)"	p95	600	0.8201794162158975	0.0038978095655907456	210.42059711082692	4.8	1.3999999999999986	1
"2 Mb / 200 kb
(conventional)"	p99	120	0.9309261073843177	0.005240687281095984	177.63435546752052	4.8	1.5999999999999996	1
"500 kb / 50 kb
(medium)"	All SNPs	12000	0.42608858011102735	0.21155470498376489	2.0140822684313555	2.9	0.6999999999999993	1
"500 kb / 50 kb
(medium)"	p95	600	0.8206942228085916	0.00704638101054671	116.47031597925417	3.4	1.6999999999999993	1
"500 kb / 50 kb
(medium)"	p99	120	0.9314307974317338	0.008570572071355228	108.67778599573117	3.35	0.9499999999999993	1
"100 kb / 10 kb
(fine-scale)"	All SNPs	12000	0.4300943020430841	0.21900348060729932	1.9638697104284706	2.95	0.9299999999999997	1
"100 kb / 10 kb
(fine-scale)"	p95	600	0.8202049247871771	0.015894018447803165	51.60462896659995	3.04	1.5199999999999996	1
"100 kb / 10 kb
(fine-scale)"	p99	120	0.9310993160196525	0.02114110096478216	44.042139412262465	2.99	1.1600000000000001	1
"2 Mb / 200 kb
(conventional)"	All SNPs	12000	0.4235730329610072	0.18442794526444023	2.2966857455016974	2.8	0.1999999999999993	1
"2 Mb / 200 kb
(conventional)"	p95	600	0.8068100827338571	0.010933952154693793	73.78942868224505	4.8	0.8000000000000007	1
"2 Mb / 200 kb
(conventional)"	p99	120	0.9315054497501832	0.005886186255089716	158.25279890603554	4.6	2.0	1
"500 kb / 50 kb
(medium)"	All SNPs	12000	0.41826397459875564	0.20717638072777292	2.0188786633373477	2.9	0.25	1
"500 kb / 50 kb
(medium)"	p95	600	0.8136704653259527	0.010838475068411412	75.07241195741494	3.4	1.6999999999999993	1
"500 kb / 50 kb
(medium)"	p99	120	0.931684713009364	0.007650718793327882	121.77740917910579	3.3	1.0500000000000007	1
"100 kb / 10 kb
(fine-scale)"	All SNPs	12000	0.4241674279098703	0.21484601643093088	1.9742857463975017	2.98	0.10999999999999943	1
"100 kb / 10 kb
(fine-scale)"	p95	600	0.8127460390138703	0.019581903925532846	41.50495488613498	3.07	0.46000000000000085	1
"100 kb / 10 kb
(fine-scale)"	p99	120	0.9297323362095462	0.022375199416433313	41.55191285252683	2.96	0.7300000000000004	1
"2 Mb / 200 kb
(conventional)"	All SNPs	12000	0.43408287578356086	0.18796344655083816	2.309400491154301	2.8	0.40000000000000036	1
"2 Mb / 200 kb
(conventional)"	p95	600	0.8091872299350932	0.01795054889679301	45.07869004939788	4.8	2.1999999999999993	1
"2 Mb / 200 kb
(conventional)"	p99	120	0.9195608583171178	0.009423645846333283	97.58015881665551	4.8	2.4000000000000004	1
"500 kb / 50 kb
(medium)"	All SNPs	12000	0.42646769226913267	0.20996353535684115	2.0311512260656803	2.9	0.05000000000000071	1
"500 kb / 50 kb
(medium)"	p95	600	0.8153427071491087	0.007808305531358956	104.41992873800965	3.4	1.6999999999999993	1
"500 kb / 50 kb
(medium)"	p99	120	0.9199800844285934	0.011375159505676267	80.87623597449497	3.35	1.6999999999999993	1
"100 kb / 10 kb
(fine-scale)"	All SNPs	12000	0.43127615695964383	0.21748253233434317	1.9830381425604726	2.97	0.21000000000000085	1
"100 kb / 10 kb
(fine-scale)"	p95	600	0.8143420937913108	0.01633617781153986	49.848997922638944	3.08	1.1799999999999997	1
"100 kb / 10 kb
(fine-scale)"	p99	120	0.9202444730984095	0.019555871833168214	47.05719494119441	2.97	0.5800000000000001	1
"2 Mb / 200 kb
(conventional)"	All SNPs	12000	0.44186616827932457	0.1902336212687734	2.3227553853639242	2.8	0.1999999999999993	1
"2 Mb / 200 kb
(conventional)"	p95	600	0.813344671234376	0.028980828720917028	28.064921092037004	16.0	1.1999999999999993	1
"2 Mb / 200 kb
(conventional)"	p99	120	0.9332095658132908	0.005548460871453671	168.1925109384063	4.8	0.5999999999999996	1
"500 kb / 50 kb
(medium)"	All SNPs	12000	0.4336634400319509	0.2102953410582074	2.0621638018690946	3.0	0.5	1
"500 kb / 50 kb
(medium)"	p95	600	0.81346020201861	0.01763490364768616	46.127850668769746	14.7	0.5	1
"500 kb / 50 kb
(medium)"	p99	120	0.934715655587434	0.008861456916027743	105.48103595660562	3.35	0.0	1
"100 kb / 10 kb
(fine-scale)"	All SNPs	12000	0.43574689492475405	0.2161642952382121	2.0158134554301066	3.0	0.9900000000000002	1
"100 kb / 10 kb
(fine-scale)"	p95	600	0.8135085186372186	0.017938131895215523	45.35079368293632	3.08	0.33000000000000007	1
"100 kb / 10 kb
(fine-scale)"	p99	120	0.9375692675472672	0.020913938991517285	44.82987484698823	3.01	0.11999999999999922	1
"2 Mb / 200 kb
(conventional)"	All SNPs	12000	0.42882496614897775	0.18722327351310342	2.2904468985206856	2.8	0.1999999999999993	1
"2 Mb / 200 kb
(conventional)"	p95	600	0.8203179888850581	0.0049550107972391	165.55321924669346	4.8	2.4000000000000004	1
"2 Mb / 200 kb
(conventional)"	p99	120	0.9260210527357657	0.006647223430818784	139.30945188970446	4.8	2.4000000000000004	1
"500 kb / 50 kb
(medium)"	All SNPs	12000	0.4282708455625218	0.21046144210827053	2.0349135750110494	2.95	0.0	1
"500 kb / 50 kb
(medium)"	p95	600	0.8201542061038977	0.007322939561251126	111.9979482616096	3.4	1.6500000000000004	1
"500 kb / 50 kb
(medium)"	p99	120	0.924647013730495	0.007729185571395957	119.63058787880749	3.3	1.6500000000000004	1
"100 kb / 10 kb
(fine-scale)"	All SNPs	12000	0.4323998880258805	0.21765556373389178	1.9866245576636745	2.98	0.08999999999999986	1
"100 kb / 10 kb
(fine-scale)"	p95	600	0.8205127303359243	0.015536054914032336	52.813454565922534	3.08	1.5399999999999991	1
"100 kb / 10 kb
(fine-scale)"	p99	120	0.9231029607225681	0.02298004966306806	40.169754820248066	2.94	0.2400000000000002	1
"2 Mb / 200 kb
(conventional)"	All SNPs	12000	0.43035830333040226	0.18707350213320173	2.3004770767800924	2.8	0.40000000000000036	1
"2 Mb / 200 kb
(conventional)"	p95	600	0.8212699840612635	0.35115929906215043	2.338739102893328	4.8	2.1999999999999993	1
"2 Mb / 200 kb
(conventional)"	p99	120	0.9336461302467822	0.00527621430131545	176.9537924215869	4.8	2.1999999999999993	1
"500 kb / 50 kb
(medium)"	All SNPs	12000	0.43083555279522573	0.21115060798586963	2.0404182441381256	2.95	0.05000000000000071	1
"500 kb / 50 kb
(medium)"	p95	600	0.821851273435371	0.009669071704559959	84.99795001497236	3.4	1.6999999999999993	1
"500 kb / 50 kb
(medium)"	p99	120	0.9329668119960393	0.008798453795852717	106.03758724468237	3.4	1.6999999999999993	1
"100 kb / 10 kb
(fine-scale)"	All SNPs	12000	0.434257918016203	0.21844192003554203	1.9879788547250739	2.99	1.0	1
"100 kb / 10 kb
(fine-scale)"	p95	600	0.8218354329068004	0.018323914799630914	44.850428628021895	3.08	0.03999999999999915	1
"100 kb / 10 kb
(fine-scale)"	p99	120	0.931275578478035	0.01930930937800194	48.2293571586246	3.05	0.09999999999999964	1
"2 Mb / 200 kb
(conventional)"	All SNPs	12000	0.43699735495707737	0.18795044862794405	2.3250668362177325	2.8	0.40000000000000036	1
"2 Mb / 200 kb
(conventional)"	p95	600	0.8157291240325593	0.004666787887659583	174.79455755630053	4.8	2.3999999999999986	1
"2 Mb / 200 kb
(conventional)"	p99	120	0.9306211483977965	0.008324253936774037	111.79634300758097	4.8	2.4000000000000004	1
"500 kb / 50 kb
(medium)"	All SNPs	12000	0.431135155203804	0.20997021265565788	2.0533158001361227	3.0	0.6500000000000004	1
"500 kb / 50 kb
(medium)"	p95	600	0.8156205215867585	0.008045061078548358	101.3815201181702	3.4	1.6999999999999993	1
"500 kb / 50 kb
(medium)"	p99	120	0.9295734757052894	0.008717858972175101	106.62864341717624	3.35	1.6500000000000004	1
"100 kb / 10 kb
(fine-scale)"	All SNPs	12000	0.4321161165978724	0.21675354298893532	1.9935827144469365	2.99	0.39000000000000057	1
"100 kb / 10 kb
(fine-scale)"	p95	600	0.8151303753981848	0.015303015769855698	53.26599590937174	3.07	1.4800000000000004	1
"100 kb / 10 kb
(fine-scale)"	p99	120	0.929580573002213	0.020761833924002996	44.773528986161196	3.0	1.129999999999999	1
"2 Mb / 200 kb
(conventional)"	All SNPs	12000	0.424142301474134	0.18393909858139362	2.305884419056505	2.8	0.40000000000000036	1
"2 Mb / 200 kb
(conventional)"	p95	600	0.8141102868257803	0.02302423326236175	35.35884463768986	8.8	2.3999999999999986	1
"2 Mb / 200 kb
(conventional)"	p99	120	0.9292921740142053	0.003549072645826025	261.8408431585988	4.8	2.1999999999999993	1
"500 kb / 50 kb
(medium)"	All SNPs	12000	0.42180213643635883	0.20727488108501868	2.034989161389733	2.95	1.25	1
"500 kb / 50 kb
(medium)"	p95	600	0.8133920127234827	0.010725234496289265	75.83908892667115	3.4	1.6499999999999986	1
"500 kb / 50 kb
(medium)"	p99	120	0.9288058118268147	0.010247738702885421	90.63519657905543	3.4	0.15000000000000036	1
"100 kb / 10 kb
(fine-scale)"	All SNPs	12000	0.42790769628053094	0.21489998210497374	1.9911946575756707	2.98	1.4499999999999993	1
"100 kb / 10 kb
(fine-scale)"	p95	600	0.8118864622788717	0.01738233669633316	46.70755586331157	3.08	1.4800000000000004	1
"100 kb / 10 kb
(fine-scale)"	p99	120	0.9296273360205733	0.026465870864805025	35.125514696620655	3.03	0.3200000000000003	1
"2 Mb / 200 kb
(conventional)"	All SNPs	12000	0.42138144175492476	0.18545748706647516	2.272118793477911	2.8	0.40000000000000036	1
"2 Mb / 200 kb
(conventional)"	p95	600	0.8004341160356317	0.014722816594536146	54.36691484241437	4.8	1.3999999999999986	1
"2 Mb / 200 kb
(conventional)"	p99	120	0.9083491656639495	0.008819646939433897	102.99155645364795	4.8	2.1999999999999993	1
"500 kb / 50 kb
(medium)"	All SNPs	12000	0.4196968736646928	0.20879125902990364	2.0101266480920197	2.9	1.0500000000000007	1
"500 kb / 50 kb
(medium)"	p95	600	0.8053158637597587	0.00673688310628943	119.5383460057264	3.4	1.6999999999999993	1
"500 kb / 50 kb
(medium)"	p99	120	0.9078204624597115	0.01209946583376887	75.02979676392324	3.35	1.4000000000000004	1
"100 kb / 10 kb
(fine-scale)"	All SNPs	12000	0.42456768209391016	0.21622841366413256	1.963514761540039	2.98	1.2100000000000009	1
"100 kb / 10 kb
(fine-scale)"	p95	600	0.8050438390996385	0.01527445619045429	52.705237362410806	3.08	1.2300000000000004	1
"100 kb / 10 kb
(fine-scale)"	p99	120	0.9063043591647141	0.024499656458599545	36.99253337271165	2.98	1.1500000000000004	1
"2 Mb / 200 kb
(conventional)"	All SNPs	12000	0.4316493009286351	0.18608302603315074	2.319659724642143	2.8	0.0	1
"2 Mb / 200 kb
(conventional)"	p95	600	0.8125529865765801	0.0033830159003730496	240.1859791693497	4.8	2.1999999999999993	1
"2 Mb / 200 kb
(conventional)"	p99	120	0.9224388363009158	0.01040846921120845	88.62387134772706	4.8	2.4000000000000004	1
"500 kb / 50 kb
(medium)"	All SNPs	12000	0.42559033879954766	0.2084481855495199	2.0417080517040165	2.9	0.6999999999999993	1
"500 kb / 50 kb
(medium)"	p95	600	0.8119866904202067	0.006437664033903884	126.13064088835453	3.4	1.6999999999999993	1
"500 kb / 50 kb
(medium)"	p99	120	0.9222279155595159	0.010068741089854089	91.59317012221241	3.35	1.1999999999999993	1
"100 kb / 10 kb
(fine-scale)"	All SNPs	12000	0.42964138961053844	0.21582129562685276	1.9907275061186405	2.96	0.8699999999999992	1
"100 kb / 10 kb
(fine-scale)"	p95	600	0.8115810143521128	0.01926789981582222	42.12088614274748	3.06	0.9199999999999999	1
"100 kb / 10 kb
(fine-scale)"	p99	120	0.9218906803402475	0.021659453542833332	42.56297041461058	2.97	1.1400000000000006	1
"2 Mb / 200 kb
(conventional)"	All SNPs	12000	0.4324719069061003	0.18850645222350407	2.2942021443029272	2.8	0.40000000000000036	1
"2 Mb / 200 kb
(conventional)"	p95	600	0.8180254957427806	0.003843414217322755	212.83823431152334	4.8	0.40000000000000036	1
"2 Mb / 200 kb
(conventional)"	p99	120	0.9345629000843557	0.00509294768585381	183.5013743966389	4.8	2.3999999999999986	1
"500 kb / 50 kb
(medium)"	All SNPs	12000	0.4290348143224294	0.2106498581128458	2.0367201676091047	2.95	0.3000000000000007	1
"500 kb / 50 kb
(medium)"	p95	600	0.8187147445198117	0.007546516772475948	108.48909095463368	3.4	0.1999999999999993	1
"500 kb / 50 kb
(medium)"	p99	120	0.9342321254931524	0.006780792217336791	137.7762502594541	3.35	1.6499999999999986	1
"100 kb / 10 kb
(fine-scale)"	All SNPs	12000	0.4321171049365319	0.21790919424157404	1.9830145599890892	2.99	0.33999999999999986	1
"100 kb / 10 kb
(fine-scale)"	p95	600	0.8185388060709137	0.016246977955267937	50.38098828745624	3.06	0.33999999999999986	1
"100 kb / 10 kb
(fine-scale)"	p99	120	0.9342496880587663	0.01864543429027359	50.10608353306733	2.97	0.23000000000000043	1
"2 Mb / 200 kb
(conventional)"	All SNPs	12000	0.4330329017335622	0.18904395614829772	2.2906466334944056	2.8	0.1999999999999993	1
"2 Mb / 200 kb
(conventional)"	p95	600	0.8155689691778645	0.0046411809567539946	175.72444961255442	4.8	1.0	1
"2 Mb / 200 kb
(conventional)"	p99	120	0.929924526564173	0.012293461815205478	75.6438292600358	4.8	2.4000000000000004	1
"500 kb / 50 kb
(medium)"	All SNPs	12000	0.4287451989738179	0.21214360882192948	2.021013978949047	3.0	0.25	1
"500 kb / 50 kb
(medium)"	p95	600	0.8163203480807774	0.0076306169189024045	106.97960030710043	3.4	1.6999999999999993	1
"500 kb / 50 kb
(medium)"	p99	120	0.9294762627173323	0.014558338929448649	63.8449391253823	3.4	1.5999999999999996	1
"100 kb / 10 kb
(fine-scale)"	All SNPs	12000	0.4317035279330814	0.21899199348696333	1.9713210563507697	3.0	0.10999999999999943	1
"100 kb / 10 kb
(fine-scale)"	p95	600	0.8168869921834869	0.018524596411368707	44.097424529160385	3.08	1.5399999999999991	1
"100 kb / 10 kb
(fine-scale)"	p99	120	0.92806698992223	0.020795379057924567	44.628519986923166	3.04	0.9600000000000009	1
"2 Mb / 200 kb
(conventional)"	All SNPs	12000	0.42885699205848093	0.1851372097592034	2.316427867829859	2.8	0.40000000000000036	1
"2 Mb / 200 kb
(conventional)"	p95	600	0.8113920683587834	0.006727523808868356	120.60783304686194	4.8	2.3999999999999986	1
"2 Mb / 200 kb
(conventional)"	p99	120	0.9150855967295829	0.009859283227195755	92.81461701043533	4.8	2.3999999999999986	1
"500 kb / 50 kb
(medium)"	All SNPs	12000	0.42588619253763854	0.20757151152810885	2.051756473719979	2.95	0.34999999999999964	1
"500 kb / 50 kb
(medium)"	p95	600	0.8120165956966552	0.009391213449160858	86.46556699967373	3.4	1.6999999999999993	1
"500 kb / 50 kb
(medium)"	p99	120	0.9139262964354657	0.012794270649771811	71.43246547248599	3.4	1.6999999999999993	1
"100 kb / 10 kb
(fine-scale)"	All SNPs	12000	0.4280364437424749	0.21487506642501833	1.9920247186606002	2.99	0.8399999999999999	1
"100 kb / 10 kb
(fine-scale)"	p95	600	0.812443402961607	0.020218088497136043	40.18398688267153	3.08	1.5399999999999991	1
"100 kb / 10 kb
(fine-scale)"	p99	120	0.9126948950560562	0.017657701896183556	51.68820384567265	3.07	1.5399999999999991	1
"2 Mb / 200 kb
(conventional)"	All SNPs	12000	0.43407396233489914	0.1861064509727967	2.3323961102151585	2.8	0.40000000000000036	1
"2 Mb / 200 kb
(conventional)"	p95	600	0.8174677505928245	0.005879525730205064	139.03634206296996	4.8	2.3999999999999986	1
"2 Mb / 200 kb
(conventional)"	p99	120	0.9350534612516276	0.007397567791441186	126.40012063606402	4.8	2.3999999999999986	1
"500 kb / 50 kb
(medium)"	All SNPs	12000	0.42820886368942496	0.20789903196029502	2.0596962845464577	2.95	0.6999999999999993	1
"500 kb / 50 kb
(medium)"	p95	600	0.8173370892884924	0.006377591619563757	128.15763975561674	3.4	1.6499999999999986	1
"500 kb / 50 kb
(medium)"	p99	120	0.9344667194037977	0.009690947914967054	96.42676109739205	3.4	1.6499999999999986	1
"100 kb / 10 kb
(fine-scale)"	All SNPs	12000	0.43051635561469376	0.2148013396677976	2.004253587433447	2.98	0.9100000000000001	1
"100 kb / 10 kb
(fine-scale)"	p95	600	0.8171690967363592	0.01595547647601514	51.21558719758434	3.07	0.22000000000000064	1
"100 kb / 10 kb
(fine-scale)"	p99	120	0.9346415432769446	0.019506136007757066	47.915258199023256	3.01	0.6300000000000008	1
"2 Mb / 200 kb
(conventional)"	All SNPs	12000	0.4253152733657544	0.18540258722107578	2.2940093757084656	2.8	0.1999999999999993	1
"2 Mb / 200 kb
(conventional)"	p95	600	0.8129515571370789	0.02558456974750531	31.77507244249624	11.0	2.4000000000000004	1
"2 Mb / 200 kb
(conventional)"	p99	120	0.926047945118962	0.005845341835699266	158.42494265490305	4.8	2.3999999999999986	1
"500 kb / 50 kb
(medium)"	All SNPs	12000	0.42000018645692644	0.20807896486652147	2.018465377922022	2.9	0.75	1
"500 kb / 50 kb
(medium)"	p95	600	0.8121112271991895	0.008231622968933936	98.65748592520445	3.4	0.9000000000000004	1
"500 kb / 50 kb
(medium)"	p99	120	0.9266296271580342	0.012140738789581919	76.32399009796535	3.35	0.09999999999999964	1
"100 kb / 10 kb
(fine-scale)"	All SNPs	12000	0.42685106790486177	0.21544220599939046	1.9812787653412232	2.97	0.5500000000000007	1
"100 kb / 10 kb
(fine-scale)"	p95	600	0.8125248004441596	0.014956183646293518	54.32701414077125	3.08	1.0199999999999996	1
"100 kb / 10 kb
(fine-scale)"	p99	120	0.9263270156170875	0.02178588592147765	42.51959360091327	2.99	0.08000000000000007	1
"2 Mb / 200 kb
(conventional)"	All SNPs	12000	0.4322292826396981	0.18855986187038576	2.2922655879797387	2.8	0.1999999999999993	1
"2 Mb / 200 kb
(conventional)"	p95	600	0.8200101337400421	0.7367380942120736	1.1130280084363307	5.2	2.1999999999999993	1
"2 Mb / 200 kb
(conventional)"	p99	120	0.9265687708922512	0.005528990214200514	167.5837241513787	4.8	2.1999999999999993	1
"500 kb / 50 kb
(medium)"	All SNPs	12000	0.4275241269249364	0.2111673434643117	2.024575011984228	2.9	0.15000000000000036	1
"500 kb / 50 kb
(medium)"	p95	600	0.8198445186750692	0.5047559717025237	1.6242393644393411	3.4	1.6999999999999993	1
"500 kb / 50 kb
(medium)"	p99	120	0.9262611910545869	0.008143044167094668	113.74876177112334	3.4	1.5	1
"100 kb / 10 kb
(fine-scale)"	All SNPs	12000	0.4310472020866626	0.21795242045725455	1.977712388705501	2.99	0.9000000000000004	1
"100 kb / 10 kb
(fine-scale)"	p95	600	0.8197831516077553	0.1784552827827986	4.593773514710289	3.07	1.2699999999999996	1
"100 kb / 10 kb
(fine-scale)"	p99	120	0.9262821846034545	0.020472685376869595	45.24478189119169	3.03	0.7200000000000006	1
"2 Mb / 200 kb
(conventional)"	All SNPs	12000	0.4315769191451702	0.18747504102140805	2.3020500051304844	2.8	0.0	1
"2 Mb / 200 kb
(conventional)"	p95	600	0.8203537630848803	0.006987044535596655	117.41069616852336	4.8	2.4000000000000004	1
"2 Mb / 200 kb
(conventional)"	p99	120	0.9223906050688953	0.005902351814985135	156.27509744964573	4.8	0.1999999999999993	1
"500 kb / 50 kb
(medium)"	All SNPs	12000	0.42609453888723176	0.2096801248083568	2.0321169651948328	2.95	0.8499999999999996	1
"500 kb / 50 kb
(medium)"	p95	600	0.8199125644964655	0.00850966600724831	96.35073383586213	3.4	1.6999999999999993	1
"500 kb / 50 kb
(medium)"	p99	120	0.9234308266602295	0.008722667485921534	105.86564581885706	3.35	0.8000000000000007	1
"100 kb / 10 kb
(fine-scale)"	All SNPs	12000	0.432075719846582	0.2173971682123467	1.98749470105583	2.99	0.8699999999999992	1
"100 kb / 10 kb
(fine-scale)"	p95	600	0.8196212807490979	0.01561847942975888	52.47766176183716	3.08	1.5399999999999991	1
"100 kb / 10 kb
(fine-scale)"	p99	120	0.9256163944458766	0.019927410430175402	46.44940684536949	3.02	0.5	1
"2 Mb / 200 kb
(conventional)"	All SNPs	12000	0.4296762972391241	0.1877569208920894	2.288471153007853	2.8	0.1999999999999993	1
"2 Mb / 200 kb
(conventional)"	p95	600	0.8178534346757946	0.00593392982104523	137.82661058363075	4.8	2.4000000000000004	1
"2 Mb / 200 kb
(conventional)"	p99	120	0.9245001154085822	0.00785586531893444	117.68278577540333	4.8	2.1999999999999993	1
"500 kb / 50 kb
(medium)"	All SNPs	12000	0.4244276905564764	0.2105678847766153	2.0156335378813255	2.95	0.40000000000000036	1
"500 kb / 50 kb
(medium)"	p95	600	0.817006213010352	0.006628499337080719	123.25658817523133	3.4	1.6500000000000004	1
"500 kb / 50 kb
(medium)"	p99	120	0.9246369504972207	0.01051872233537581	87.90392226511658	3.35	1.3999999999999986	1
"100 kb / 10 kb
(fine-scale)"	All SNPs	12000	0.42758772593682665	0.21779332649835834	1.963272855103068	2.98	0.27999999999999936	1
"100 kb / 10 kb
(fine-scale)"	p95	600	0.8165723344811181	0.015219449934901328	53.6532094112383	3.08	1.5199999999999996	1
"100 kb / 10 kb
(fine-scale)"	p99	120	0.9246269816894664	0.02009432981947601	46.014322945634696	3.01	1.2800000000000011	1
"2 Mb / 200 kb
(conventional)"	All SNPs	12000	0.43819207949878225	0.1900178674448798	2.3060572428847648	2.8	0.40000000000000036	1
"2 Mb / 200 kb
(conventional)"	p95	600	0.8172897014307939	0.01256330331803571	65.05372677403273	4.8	1.8000000000000007	1
"2 Mb / 200 kb
(conventional)"	p99	120	0.93561427831999	0.006904773051677409	135.5025387970857	4.8	0.8000000000000007	1
"500 kb / 50 kb
(medium)"	All SNPs	12000	0.43307103335806324	0.2112994997656332	2.049560144905275	2.9	1.1500000000000004	1
"500 kb / 50 kb
(medium)"	p95	600	0.8226144410020412	0.011355524654270635	72.44178195612201	3.4	1.6999999999999993	1
"500 kb / 50 kb
(medium)"	p99	120	0.9368873345977263	0.010415872066386176	89.94804550463174	3.4	0.05000000000000071	1
"100 kb / 10 kb
(fine-scale)"	All SNPs	12000	0.43629160825331975	0.21902533350144712	1.9919686973125286	3.01	1.2599999999999998	1
"100 kb / 10 kb
(fine-scale)"	p95	600	0.8213077244991333	0.017264252599580424	47.57273561434647	3.08	1.5399999999999991	1
"100 kb / 10 kb
(fine-scale)"	p99	120	0.9379490123693097	0.019964268202730895	46.9813870884087	3.04	0.2699999999999996	1
"2 Mb / 200 kb
(conventional)"	All SNPs	12000	0.4306709828119544	0.18674709565910308	2.306172319799401	2.8	0.1999999999999993	1
"2 Mb / 200 kb
(conventional)"	p95	600	0.8182224045678537	0.008813806871852717	92.83416535718331	12.0	2.1999999999999993	1
"2 Mb / 200 kb
(conventional)"	p99	120	0.9354920852237916	0.0031058633441174714	301.20194663284866	4.6	0.0	1
"500 kb / 50 kb
(medium)"	All SNPs	12000	0.42518446596667636	0.2090499419530585	2.033889423715555	2.95	0.5999999999999996	1
"500 kb / 50 kb
(medium)"	p95	600	0.8177361802626314	0.009816799818536056	83.29966948277625	3.4	1.1999999999999993	1
"500 kb / 50 kb
(medium)"	p99	120	0.9359949450023267	0.006996301220570191	133.78425477884787	3.25	0.75	1
"100 kb / 10 kb
(fine-scale)"	All SNPs	12000	0.4302419353696809	0.21669320775396644	1.9854887923306659	2.98	1.2899999999999991	1
"100 kb / 10 kb
(fine-scale)"	p95	600	0.8192733581001452	0.01865440887455255	43.91848402217444	3.08	1.5399999999999991	1
"100 kb / 10 kb
(fine-scale)"	p99	120	0.9371531705212535	0.01738770822850485	53.89745205092151	2.89	0.7699999999999996	1
"2 Mb / 200 kb
(conventional)"	All SNPs	12000	0.4311867677584585	0.1880302018063742	2.2931782427297343	2.8	0.1999999999999993	1
"2 Mb / 200 kb
(conventional)"	p95	600	0.8221700436720547	0.00530049564906732	155.11191747072266	4.8	2.1999999999999993	1
"2 Mb / 200 kb
(conventional)"	p99	120	0.9452847985806045	0.013184972070438774	71.6941070129356	4.8	2.4000000000000004	1
"500 kb / 50 kb
(medium)"	All SNPs	12000	0.4278488329497402	0.21066962821970422	2.030899454113732	2.95	0.6999999999999993	1
"500 kb / 50 kb
(medium)"	p95	600	0.821149234202232	0.00868182225318446	94.58258995120956	3.4	1.6999999999999993	1
"500 kb / 50 kb
(medium)"	p99	120	0.9443255730119442	0.015578820433508837	60.61598675216597	3.35	1.5500000000000007	1
"100 kb / 10 kb
(fine-scale)"	All SNPs	12000	0.4323758275109451	0.2182842063287698	1.9807929981875105	2.98	1.1099999999999994	1
"100 kb / 10 kb
(fine-scale)"	p95	600	0.8206006740490305	0.014650739620246874	56.010870121190706	3.06	1.5399999999999991	1
"100 kb / 10 kb
(fine-scale)"	p99	120	0.9423670350138492	0.024632742082711562	38.25668420712477	2.99	1.4399999999999995	1
"2 Mb / 200 kb
(conventional)"	All SNPs	12000	0.42991450069286263	0.18725512870248145	2.295875705364141	2.8	0.40000000000000036	1
"2 Mb / 200 kb
(conventional)"	p95	600	0.8225938591030275	0.004728957042951693	173.94826208647174	4.8	2.1999999999999993	1
"2 Mb / 200 kb
(conventional)"	p99	120	0.9324931536961318	0.011743779591077374	79.40315521628288	4.8	2.4000000000000004	1
"500 kb / 50 kb
(medium)"	All SNPs	12000	0.4304946157318021	0.2114965746694186	2.035468500635011	2.9	1.0	1
"500 kb / 50 kb
(medium)"	p95	600	0.8226581873799806	0.007303072003846624	112.64549862669787	3.4	1.6999999999999993	1
"500 kb / 50 kb
(medium)"	p99	120	0.9325336958942118	0.013111093992282535	71.12554424849068	3.4	1.6999999999999993	1
"100 kb / 10 kb
(fine-scale)"	All SNPs	12000	0.43476353738700796	0.21871094763330934	1.987845336923565	2.97	0.8800000000000008	1
"100 kb / 10 kb
(fine-scale)"	p95	600	0.8219748829609907	0.017532206825698955	46.883709000975756	3.08	0.9700000000000006	1
"100 kb / 10 kb
(fine-scale)"	p99	120	0.9323744808533434	0.01955146017451799	47.68822750479452	3.04	1.1300000000000008	1
"2 Mb / 200 kb
(conventional)"	All SNPs	12000	0.44424011026502014	0.19253409289736026	2.3073321902622417	2.8	0.40000000000000036	1
"2 Mb / 200 kb
(conventional)"	p95	600	0.8209408224805158	0.20453956480143065	4.01360403439547	4.8	1.8000000000000007	1
"2 Mb / 200 kb
(conventional)"	p99	120	0.9323571889022526	0.0037275776355990315	250.12415033239688	4.8	2.0	1
"500 kb / 50 kb
(medium)"	All SNPs	12000	0.43770486024632926	0.21305698045261673	2.054402814291614	3.0	0.5	1
"500 kb / 50 kb
(medium)"	p95	600	0.8209930769875182	0.006159521595655155	133.28844850006467	3.4	1.6999999999999993	1
"500 kb / 50 kb
(medium)"	p99	120	0.9333304880355047	0.007632623292508151	122.28174406977756	3.35	0.3000000000000007	1
"100 kb / 10 kb
(fine-scale)"	All SNPs	12000	0.43754845821874244	0.21950334258076176	1.9933566982368638	3.0	0.3100000000000005	1
"100 kb / 10 kb
(fine-scale)"	p95	600	0.8217865133858745	0.013858037645199928	59.300352216211536	3.07	1.4000000000000004	1
"100 kb / 10 kb
(fine-scale)"	p99	120	0.9339332186316178	0.018409581396097607	50.73082318045479	3.01	0.08000000000000007	1
"2 Mb / 200 kb
(conventional)"	All SNPs	12000	0.43370269381734067	0.18848663334320975	2.300973210273347	2.8	0.1999999999999993	1
"2 Mb / 200 kb
(conventional)"	p95	600	0.811644886717416	0.2374743667128979	3.417821038759436	12.4	0.1999999999999993	1
"2 Mb / 200 kb
(conventional)"	p99	120	0.9234731209432873	0.0037020632404887823	249.4482295287212	4.8	2.0	1
"500 kb / 50 kb
(medium)"	All SNPs	12000	0.4285679227176458	0.21076016454841773	2.033438926354564	2.95	0.5	1
"500 kb / 50 kb
(medium)"	p95	600	0.8147482238180126	0.008620851539648174	94.50901921589794	3.4	0.5999999999999996	1
"500 kb / 50 kb
(medium)"	p99	120	0.923645241556673	0.006531530773708803	141.41328787343352	3.35	1.5500000000000007	1
"100 kb / 10 kb
(fine-scale)"	All SNPs	12000	0.4324160258688855	0.21798956654553478	1.9836546891732096	2.97	1.2100000000000009	1
"100 kb / 10 kb
(fine-scale)"	p95	600	0.8158675795252291	0.016549699629736608	49.29802943730006	3.08	1.2200000000000006	1
"100 kb / 10 kb
(fine-scale)"	p99	120	0.9241451192686215	0.017098664285181777	54.04779600647016	2.99	1.3800000000000008	1
"2 Mb / 200 kb
(conventional)"	All SNPs	12000	0.424761165384275	0.18577652246692797	2.286409282205674	2.8	0.0	1
"2 Mb / 200 kb
(conventional)"	p95	600	0.8113124181588449	0.30848939864049707	2.6299523475823574	14.8	1.0	1
"2 Mb / 200 kb
(conventional)"	p99	120	0.9236503147765611	0.006703903421835727	137.77798644414815	4.8	2.0	1
"500 kb / 50 kb
(medium)"	All SNPs	12000	0.4267575046052165	0.2099379379995975	2.032779347418544	2.95	0.6999999999999993	1
"500 kb / 50 kb
(medium)"	p95	600	0.8163318385961459	0.00811517432580195	100.59325971601665	3.4	0.5999999999999996	1
"500 kb / 50 kb
(medium)"	p99	120	0.9238770932734213	0.009053684370217155	102.04432311696127	3.3	1.1999999999999993	1
"100 kb / 10 kb
(fine-scale)"	All SNPs	12000	0.4329921431698622	0.21794787003192695	1.9866775624209294	2.99	0.8800000000000008	1
"100 kb / 10 kb
(fine-scale)"	p95	600	0.8173831856638462	0.015590792493218267	52.427301948851806	3.08	0.8399999999999999	1
"100 kb / 10 kb
(fine-scale)"	p99	120	0.9244557981152693	0.0210657397346318	43.8843263878114	2.98	1.2100000000000009	1
"2 Mb / 200 kb
(conventional)"	All SNPs	12000	0.43533694126869854	0.18758789909326842	2.320709082904381	2.8	0.40000000000000036	1
"2 Mb / 200 kb
(conventional)"	p95	600	0.8248258087684568	0.41821409758044975	1.9722573044295553	4.8	1.8000000000000007	1
"2 Mb / 200 kb
(conventional)"	p99	120	0.9443269797162263	0.011866110841002314	79.58184382141337	4.8	2.1999999999999993	1
"500 kb / 50 kb
(medium)"	All SNPs	12000	0.431310306517161	0.2093027581666135	2.060700538756496	2.95	1.1999999999999993	1
"500 kb / 50 kb
(medium)"	p95	600	0.824039340770262	0.008850813576868682	93.1032309757221	3.4	1.6999999999999993	1
"500 kb / 50 kb
(medium)"	p99	120	0.9412636521500624	0.01669846559651879	56.36827208520837	3.4	1.5999999999999996	1
"100 kb / 10 kb
(fine-scale)"	All SNPs	12000	0.43516378192570404	0.2165756250049238	2.0092925134848887	2.97	1.2600000000000016	1
"100 kb / 10 kb
(fine-scale)"	p95	600	0.8237252928007562	0.01904260705781403	43.25696005278568	3.07	0.9600000000000009	1
"100 kb / 10 kb
(fine-scale)"	p99	120	0.9404914179798445	0.025020820873169595	37.58835182695206	3.04	1.4299999999999997	1
"2 Mb / 200 kb
(conventional)"	All SNPs	12000	0.43730730863278455	0.18847945206840197	2.320185589642309	2.8	0.40000000000000036	1
"2 Mb / 200 kb
(conventional)"	p95	600	0.8182579435819615	0.004981481553310827	164.25995656615956	4.8	2.4000000000000004	1
"2 Mb / 200 kb
(conventional)"	p99	120	0.9193568839134856	0.006731186616846144	136.5816959542632	4.8	2.3999999999999986	1
"500 kb / 50 kb
(medium)"	All SNPs	12000	0.4328444977340503	0.21032627500985848	2.057966831361236	2.95	0.25	1
"500 kb / 50 kb
(medium)"	p95	600	0.8180151690949892	0.008288836563405523	98.68878012463817	3.4	1.6999999999999993	1
"500 kb / 50 kb
(medium)"	p99	120	0.9184272630551834	0.008284481780578706	110.86116034538824	3.35	1.6499999999999986	1
"100 kb / 10 kb
(fine-scale)"	All SNPs	12000	0.43331977545264605	0.21717914837822672	1.9952181352972305	2.98	0.08000000000000007	1
"100 kb / 10 kb
(fine-scale)"	p95	600	0.8167069445199305	0.01449899634927548	56.32851577073069	3.03	1.5299999999999994	1
"100 kb / 10 kb
(fine-scale)"	p99	120	0.9166294876710809	0.01940260775273858	47.24259230266114	3.02	0.3000000000000007	1
"2 Mb / 200 kb
(conventional)"	All SNPs	12000	0.4352821723003001	0.18920441350100037	2.3005920646666027	2.8	0.1999999999999993	1
"2 Mb / 200 kb
(conventional)"	p95	600	0.8236417705281437	0.0048959408465151935	168.22951835996773	4.8	0.1999999999999993	1
"2 Mb / 200 kb
(conventional)"	p99	120	0.93792339672972	0.00417779551283599	224.50198767460373	4.8	1.4000000000000004	1
"500 kb / 50 kb
(medium)"	All SNPs	12000	0.43320328588727125	0.21214094847328696	2.0420540636067757	2.9	0.40000000000000036	1
"500 kb / 50 kb
(medium)"	p95	600	0.8242469563455803	0.005991280319461875	137.57442689972692	3.4	0.9499999999999993	1
"500 kb / 50 kb
(medium)"	p99	120	0.9387152000668259	0.006320744257169128	148.51339682065358	3.35	1.6999999999999993	1
"100 kb / 10 kb
(fine-scale)"	All SNPs	12000	0.4375849876993617	0.21900338538674452	1.9980740796614513	2.98	0.22000000000000064	1
"100 kb / 10 kb
(fine-scale)"	p95	600	0.8257637079288854	0.015796376006880233	52.27551607844848	3.08	1.0899999999999999	1
"100 kb / 10 kb
(fine-scale)"	p99	120	0.9395977736606742	0.016691655958893162	56.29146538693574	2.95	1.0099999999999998	1
"2 Mb / 200 kb
(conventional)"	All SNPs	12000	0.426279114935827	0.1844098849056761	2.3115849519339196	2.8	0.40000000000000036	1
"2 Mb / 200 kb
(conventional)"	p95	600	0.8119381413784024	0.019332432746101275	41.998756806338505	4.8	0.8000000000000007	1
"2 Mb / 200 kb
(conventional)"	p99	120	0.9320862551458078	0.008827923701663092	105.58385942667495	4.8	2.3999999999999986	1
"500 kb / 50 kb
(medium)"	All SNPs	12000	0.42652814381599385	0.2089937245897239	2.0408657946706885	2.9	0.5999999999999996	1
"500 kb / 50 kb
(medium)"	p95	600	0.8158447797587072	0.01102922693788126	73.97116627971324	3.4	0.15000000000000036	1
"500 kb / 50 kb
(medium)"	p99	120	0.932500571243696	0.01095949177170043	85.08611445391989	3.35	0.6500000000000004	1
"100 kb / 10 kb
(fine-scale)"	All SNPs	12000	0.4311961348385831	0.21651941253542448	1.991489491816516	3.0	0.5299999999999994	1
"100 kb / 10 kb
(fine-scale)"	p95	600	0.8169875578314326	0.020076005404303657	40.69472693289355	3.07	1.5399999999999991	1
"100 kb / 10 kb
(fine-scale)"	p99	120	0.933353052564726	0.019834437779770807	47.05719733163574	3.01	0.6199999999999992	1
"2 Mb / 200 kb
(conventional)"	All SNPs	12000	0.4165027578660741	0.18388063546241037	2.2650713427146996	2.8	0.1999999999999993	1
"2 Mb / 200 kb
(conventional)"	p95	600	0.8098249749914644	0.34533563808662815	2.345037365614487	4.8	2.4000000000000004	1
"2 Mb / 200 kb
(conventional)"	p99	120	0.9155980354276357	0.006914341767418776	132.42012995973755	4.6	2.4000000000000004	1
"500 kb / 50 kb
(medium)"	All SNPs	12000	0.4170850385601534	0.2078547109523912	2.0066181644335503	2.85	0.05000000000000071	1
"500 kb / 50 kb
(medium)"	p95	600	0.8107082721819856	0.00974991201518868	83.15031673301688	3.4	0.40000000000000036	1
"500 kb / 50 kb
(medium)"	p99	120	0.9153973231022647	0.008342127184594188	109.73188286948843	3.25	1.5999999999999996	1
"100 kb / 10 kb
(fine-scale)"	All SNPs	12000	0.42615273533001435	0.215944349451931	1.973437769553102	2.97	0.2599999999999998	1
"100 kb / 10 kb
(fine-scale)"	p95	600	0.8116453980057431	0.014261857486757144	56.91021655204428	3.06	0.4800000000000004	1
"100 kb / 10 kb
(fine-scale)"	p99	120	0.9170891943528079	0.019244409297363485	47.654837318308886	2.81	0.10999999999999943	1
"2 Mb / 200 kb
(conventional)"	All SNPs	12000	0.4312707132964854	0.18622560970139782	2.3158507253003684	2.8	0.40000000000000036	1
"2 Mb / 200 kb
(conventional)"	p95	600	0.8115495442957311	0.003559073140748919	228.02272170359515	4.8	2.1999999999999993	1
"2 Mb / 200 kb
(conventional)"	p99	120	0.9156881520962799	0.006293854457567258	145.4892480068911	4.8	2.4000000000000004	1
"500 kb / 50 kb
(medium)"	All SNPs	12000	0.4276651792969868	0.20807962856236956	2.055295764663473	3.0	0.05000000000000071	1
"500 kb / 50 kb
(medium)"	p95	600	0.8116199946701912	0.007002315588865621	115.90737155016947	3.4	1.5	1
"500 kb / 50 kb
(medium)"	p99	120	0.9167949070069719	0.011365980436978163	80.66131312563803	3.4	0.09999999999999964	1
"100 kb / 10 kb
(fine-scale)"	All SNPs	12000	0.4307332410842442	0.21586965159577498	1.9953394926064474	2.99	0.6699999999999999	1
"100 kb / 10 kb
(fine-scale)"	p95	600	0.8113517968003414	0.014849121936219413	54.63971541787417	3.05	1.3500000000000014	1
"100 kb / 10 kb
(fine-scale)"	p99	120	0.9175467732929274	0.02153043598440497	42.61626536302049	3.0	0.0600000000000005	1
"2 Mb / 200 kb
(conventional)"	All SNPs	12000	0.4277068115886816	0.18738265462506482	2.2825314992173795	2.8	0.40000000000000036	1
"2 Mb / 200 kb
(conventional)"	p95	600	0.818045467987075	0.005944649388854589	137.61038111361106	4.8	2.4000000000000004	1
"2 Mb / 200 kb
(conventional)"	p99	120	0.9267062555431997	0.006565273160151286	141.15273392856744	4.6	1.8000000000000007	1
"500 kb / 50 kb
(medium)"	All SNPs	12000	0.42104508658885414	0.2102090652505347	2.0029825359198354	2.9	1.0999999999999996	1
"500 kb / 50 kb
(medium)"	p95	600	0.8171109823499797	0.007881904439749501	103.66923230243435	3.4	1.6500000000000004	1
"500 kb / 50 kb
(medium)"	p99	120	0.9259175373926798	0.01016028914171842	91.13102240278158	3.3	1.0	1
"100 kb / 10 kb
(fine-scale)"	All SNPs	12000	0.4273357284596897	0.21815301636460646	1.9588806773382823	2.96	1.1600000000000001	1
"100 kb / 10 kb
(fine-scale)"	p95	600	0.8174992310529497	0.01574732627216944	51.91352594870231	3.06	1.5399999999999991	1
"100 kb / 10 kb
(fine-scale)"	p99	120	0.925626843486499	0.02002016316034851	46.2347302603295	2.95	1.2199999999999989	1
"2 Mb / 200 kb
(conventional)"	All SNPs	12000	0.41362619557520913	0.18339621220510818	2.2553693481554267	2.8	0.1999999999999993	1
"2 Mb / 200 kb
(conventional)"	p95	600	0.8096521471639335	0.003806347561616039	212.7110396666415	4.8	2.0	1
"2 Mb / 200 kb
(conventional)"	p99	120	0.9192084956633002	0.010208206396112272	90.04603355329637	4.8	2.3999999999999986	1
"500 kb / 50 kb
(medium)"	All SNPs	12000	0.41338993971598	0.2079652228803156	1.9877839861421769	2.9	1.1999999999999993	1
"500 kb / 50 kb
(medium)"	p95	600	0.8087046754332688	0.006684743655374515	120.97766453363886	3.4	1.6999999999999993	1
"500 kb / 50 kb
(medium)"	p99	120	0.919013692404434	0.011145941898245975	82.45276180284577	3.35	1.6499999999999986	1
"100 kb / 10 kb
(fine-scale)"	All SNPs	12000	0.41700176205303313	0.2156216552986329	1.9339512141092308	2.98	1.2899999999999991	1
"100 kb / 10 kb
(fine-scale)"	p95	600	0.8077962496627928	0.015211972491310516	53.10266305860253	3.07	0.22000000000000064	1
"100 kb / 10 kb
(fine-scale)"	p99	120	0.9196031516465706	0.021091646350911115	43.60034946285005	2.99	0.019999999999999574	1
"2 Mb / 200 kb
(conventional)"	All SNPs	12000	0.4285209613776898	0.1871971645833187	2.289142372062807	2.8	0.40000000000000036	1
"2 Mb / 200 kb
(conventional)"	p95	600	0.8160302492879313	0.28482843314063905	2.864988724229656	4.8	2.3999999999999986	1
"2 Mb / 200 kb
(conventional)"	p99	120	0.9285085943701028	0.004352837182991928	213.31112452313027	4.8	2.1999999999999993	1
"500 kb / 50 kb
(medium)"	All SNPs	12000	0.42516700162068	0.20977923233015783	2.0267354251327294	2.95	1.1999999999999993	1
"500 kb / 50 kb
(medium)"	p95	600	0.8162690102517396	0.0081106275996445	100.64190473836055	3.4	1.6999999999999993	1
"500 kb / 50 kb
(medium)"	p99	120	0.9299518646915129	0.007683564199230164	121.03131314822451	3.4	0.6999999999999993	1
"100 kb / 10 kb
(fine-scale)"	All SNPs	12000	0.42782798560953567	0.21729443618175578	1.9688860567588544	2.97	1.3000000000000007	1
"100 kb / 10 kb
(fine-scale)"	p95	600	0.8155809639889815	0.016164751623773163	50.45428367668351	3.06	1.5399999999999991	1
"100 kb / 10 kb
(fine-scale)"	p99	120	0.9318688445132127	0.021481551167150167	43.379960658438726	3.01	0.21000000000000085	1
"2 Mb / 200 kb
(conventional)"	All SNPs	12000	0.4308436557021082	0.18908162804060552	2.278611942190301	2.8	0.0	1
"2 Mb / 200 kb
(conventional)"	p95	600	0.8139873527026057	0.015151550879155946	53.7230385981419	4.8	2.1999999999999993	1
"2 Mb / 200 kb
(conventional)"	p99	120	0.927553899829544	0.008856598920966937	104.73025911037602	4.8	2.1999999999999993	1
"500 kb / 50 kb
(medium)"	All SNPs	12000	0.4260492181412397	0.21158770983031736	2.0135820671385387	2.95	0.1999999999999993	1
"500 kb / 50 kb
(medium)"	p95	600	0.8168642939441175	0.005731324285943191	142.52627371785297	3.4	1.6500000000000004	1
"500 kb / 50 kb
(medium)"	p99	120	0.9284132196501254	0.009371274257910024	99.0701151304454	3.3	0.5999999999999996	1
"100 kb / 10 kb
(fine-scale)"	All SNPs	12000	0.42956278663735803	0.21819622225917296	1.9686994677988712	2.97	0.4299999999999997	1
"100 kb / 10 kb
(fine-scale)"	p95	600	0.8176215592617445	0.013159750475613	62.13047586099147	3.07	1.0	1
"100 kb / 10 kb
(fine-scale)"	p99	120	0.9293672960863479	0.022647231044461074	41.03668542356515	2.96	0.47000000000000064	1
"2 Mb / 200 kb
(conventional)"	All SNPs	12000	0.42787980324125635	0.18624015913291375	2.2974626161905927	2.8	0.0	1
"2 Mb / 200 kb
(conventional)"	p95	600	0.8130552241990361	0.012062796503841695	67.4018851217542	4.8	1.5999999999999996	1
"2 Mb / 200 kb
(conventional)"	p99	120	0.9292199528297382	0.008926105951530997	104.101380588067	4.8	1.8000000000000007	1
"500 kb / 50 kb
(medium)"	All SNPs	12000	0.4255559212788855	0.20967353473574335	2.02961199569237	2.9	0.9000000000000004	1
"500 kb / 50 kb
(medium)"	p95	600	0.8131239526640699	0.018602303177638113	43.71092895859953	3.4	0.9499999999999993	1
"500 kb / 50 kb
(medium)"	p99	120	0.9295644258938759	0.010877184174075455	85.46002448955385	3.35	1.1000000000000014	1
"100 kb / 10 kb
(fine-scale)"	All SNPs	12000	0.4305114783778514	0.21702752533290323	1.9836722448799087	2.98	0.9000000000000004	1
"100 kb / 10 kb
(fine-scale)"	p95	600	0.8172615298670959	0.01625119121965212	50.28933072172604	3.05	0.7400000000000002	1
"100 kb / 10 kb
(fine-scale)"	p99	120	0.9304590493562356	0.021110814286046428	44.074995722511716	2.99	1.2300000000000004	1
"2 Mb / 200 kb
(conventional)"	All SNPs	12000	0.43423461306521527	0.18838067331701963	2.30509109782433	2.8	0.1999999999999993	1
"2 Mb / 200 kb
(conventional)"	p95	600	0.8138318578899023	0.00496704534032327	163.8462711993154	4.8	0.8000000000000007	1
"2 Mb / 200 kb
(conventional)"	p99	120	0.923147021498265	0.0053882565059735635	171.32573782908068	4.8	2.3999999999999986	1
"500 kb / 50 kb
(medium)"	All SNPs	12000	0.4293791434657608	0.20973126700213673	2.047282456274802	3.0	0.15000000000000036	1
"500 kb / 50 kb
(medium)"	p95	600	0.8144740235735237	0.009897361856441007	82.29203250192172	3.4	0.0	1
"500 kb / 50 kb
(medium)"	p99	120	0.9227844396501468	0.007142106969891022	129.20339103577263	3.35	1.6499999999999986	1
"100 kb / 10 kb
(fine-scale)"	All SNPs	12000	0.4303632171362	0.216214504267777	1.990445639128837	2.98	0.5099999999999998	1
"100 kb / 10 kb
(fine-scale)"	p95	600	0.8157157184524496	0.01841886506340442	44.28696967182614	3.06	0.08000000000000007	1
"100 kb / 10 kb
(fine-scale)"	p99	120	0.9230692287311857	0.018926924302962358	48.77016539801509	2.97	0.7899999999999991	1
"2 Mb / 200 kb
(conventional)"	All SNPs	12000	0.4273715661981246	0.18678967876555838	2.287982767690944	2.8	0.0	1
"2 Mb / 200 kb
(conventional)"	p95	600	0.8103060308760547	0.162428443037968	4.988695426247753	4.8	1.5999999999999996	1
"2 Mb / 200 kb
(conventional)"	p99	120	0.9140442830116747	0.007582081617190829	120.5532107355934	4.6	2.1999999999999993	1
"500 kb / 50 kb
(medium)"	All SNPs	12000	0.42290925876733765	0.2086198067655436	2.0271769268898914	2.9	0.5999999999999996	1
"500 kb / 50 kb
(medium)"	p95	600	0.8105273819151906	0.008736264669902578	92.77733820354015	3.4	0.8499999999999996	1
"500 kb / 50 kb
(medium)"	p99	120	0.9148347362903692	0.009479210920510107	96.50958755553663	3.3	0.40000000000000036	1
"100 kb / 10 kb
(fine-scale)"	All SNPs	12000	0.42676533184463106	0.21546784011798786	1.9806451469088797	2.97	0.7699999999999996	1
"100 kb / 10 kb
(fine-scale)"	p95	600	0.8108235623756875	0.016233328674969467	49.948077723942994	3.07	0.6099999999999994	1
"100 kb / 10 kb
(fine-scale)"	p99	120	0.9147855837629096	0.02027992890547618	45.1079285349906	2.96	1.2199999999999989	1
"2 Mb / 200 kb
(conventional)"	All SNPs	12000	0.43078171109220625	0.18570872730319118	2.3196632562609985	2.8	0.40000000000000036	1
"2 Mb / 200 kb
(conventional)"	p95	600	0.8150575881440058	0.00421393554094171	193.4195671065867	4.8	2.1999999999999993	1
"2 Mb / 200 kb
(conventional)"	p99	120	0.926905149853242	0.006693075692869319	138.4871757599798	4.6	1.5999999999999996	1
"500 kb / 50 kb
(medium)"	All SNPs	12000	0.4292193594856621	0.2083033192216034	2.0605497842741394	2.9	0.8000000000000007	1
"500 kb / 50 kb
(medium)"	p95	600	0.8145825608177966	0.007964310875349294	102.27910155278452	3.4	0.8000000000000007	1
"500 kb / 50 kb
(medium)"	p99	120	0.9271353291276964	0.009526800179652805	97.31864966663811	3.25	1.0	1
"100 kb / 10 kb
(fine-scale)"	All SNPs	12000	0.43367180626328117	0.21574017420979516	2.0101578570227714	2.99	0.7799999999999994	1
"100 kb / 10 kb
(fine-scale)"	p95	600	0.8147790226612944	0.01592285234244444	51.17041878793253	3.07	0.7599999999999998	1
"100 kb / 10 kb
(fine-scale)"	p99	120	0.9276702583135817	0.020006357250674598	46.368774019683244	2.92	0.8399999999999999	1
"2 Mb / 200 kb
(conventional)"	All SNPs	12000	0.43225088827291686	0.18803257317958266	2.298808557281672	2.8	0.40000000000000036	1
"2 Mb / 200 kb
(conventional)"	p95	600	0.8096892057692593	0.019410410529932635	41.7141721201952	4.8	2.1999999999999993	1
"2 Mb / 200 kb
(conventional)"	p99	120	0.9286006181657581	0.004750402905970263	195.47828606257826	4.8	1.1999999999999993	1
"500 kb / 50 kb
(medium)"	All SNPs	12000	0.430547854315378	0.21054829159550298	2.044888852114409	3.0	1.1999999999999993	1
"500 kb / 50 kb
(medium)"	p95	600	0.8152178392290417	0.006420504808473314	126.97098803713637	3.4	0.15000000000000036	1
"500 kb / 50 kb
(medium)"	p99	120	0.9275624770225215	0.009055228556674566	102.43391110639826	3.4	0.4499999999999993	1
"100 kb / 10 kb
(fine-scale)"	All SNPs	12000	0.4308557908363447	0.2169997317667514	1.9855130111380173	2.99	1.2699999999999996	1
"100 kb / 10 kb
(fine-scale)"	p95	600	0.8157344254885345	0.016230612920822222	50.25900312378409	3.07	1.5299999999999994	1
"100 kb / 10 kb
(fine-scale)"	p99	120	0.9274503498965904	0.01616590868192902	57.37075274545724	3.05	1.0500000000000007	1
"2 Mb / 200 kb
(conventional)"	All SNPs	12000	0.42557993287189233	0.18413213423398134	2.3112746433009743	2.8	0.40000000000000036	1
"2 Mb / 200 kb
(conventional)"	p95	600	0.8065339984092654	0.004758722419039484	169.48540540678542	4.8	0.1999999999999993	1
"2 Mb / 200 kb
(conventional)"	p99	120	0.9237675683225876	0.005566899774818475	165.93932093068977	4.6	0.40000000000000036	1
"500 kb / 50 kb
(medium)"	All SNPs	12000	0.42470394130857547	0.20772154159442296	2.0445830415499775	2.9	0.6500000000000004	1
"500 kb / 50 kb
(medium)"	p95	600	0.8079420150754688	0.0070400618399754115	114.76348268530134	3.4	0.25	1
"500 kb / 50 kb
(medium)"	p99	120	0.9242806495482633	0.010322642497809642	89.53915140860357	3.3	0.05000000000000071	1
"100 kb / 10 kb
(fine-scale)"	All SNPs	12000	0.43062068519322044	0.21501113540035344	2.0027831786079324	2.99	0.5	1
"100 kb / 10 kb
(fine-scale)"	p95	600	0.8088157427797211	0.01668987495986484	48.46146209751299	3.06	0.16999999999999993	1
"100 kb / 10 kb
(fine-scale)"	p99	120	0.9247868023629574	0.019709401784537083	46.92109950736782	2.94	0.35999999999999943	1
"2 Mb / 200 kb
(conventional)"	All SNPs	12000	0.4305621117060927	0.1874792898226019	2.296584930066156	2.8	0.40000000000000036	1
"2 Mb / 200 kb
(conventional)"	p95	600	0.8215329184512885	0.3306956947283701	2.484256467644935	4.8	2.4000000000000004	1
"2 Mb / 200 kb
(conventional)"	p99	120	0.9383138835209097	0.0034795083557739763	269.6685242798311	4.8	1.1999999999999993	1
"500 kb / 50 kb
(medium)"	All SNPs	12000	0.42655085764251677	0.20909985428965625	2.0399385695010377	2.9	1.25	1
"500 kb / 50 kb
(medium)"	p95	600	0.8205109734948846	0.008700385653007263	94.3074256956963	3.4	1.6500000000000004	1
"500 kb / 50 kb
(medium)"	p99	120	0.9382831609851553	0.007331717924139964	127.97589469390547	3.4	0.3000000000000007	1
"100 kb / 10 kb
(fine-scale)"	All SNPs	12000	0.43295098541401655	0.21711763481233326	1.9940848461629566	2.99	1.2400000000000002	1
"100 kb / 10 kb
(fine-scale)"	p95	600	0.8184654307581285	0.015142558282420884	54.0506706656227	3.06	1.5100000000000016	1
"100 kb / 10 kb
(fine-scale)"	p99	120	0.9396654553970946	0.014658687589286418	64.10297304404433	3.01	0.7899999999999991	1
"2 Mb / 200 kb
(conventional)"	All SNPs	12000	0.4345725655362107	0.18819689653165148	2.3091377889067535	2.8	0.40000000000000036	1
"2 Mb / 200 kb
(conventional)"	p95	600	0.8215085936825881	0.3258821149297789	2.5208765871045324	4.8	2.4000000000000004	1
"2 Mb / 200 kb
(conventional)"	p99	120	0.9275318472298564	0.0055666511879573005	166.62295083917715	4.8	2.4000000000000004	1
"500 kb / 50 kb
(medium)"	All SNPs	12000	0.4292661111666739	0.21031682919483427	2.0410449929758516	2.85	1.25	1
"500 kb / 50 kb
(medium)"	p95	600	0.8201693806651182	0.00921958971292538	88.95942294647709	3.4	1.5	1
"500 kb / 50 kb
(medium)"	p99	120	0.9283338213476006	0.007653391314192605	121.297054238698	3.3	1.5999999999999996	1
"100 kb / 10 kb
(fine-scale)"	All SNPs	12000	0.43556598323074575	0.21838996144784395	1.9944414127055374	2.96	1.17	1
"100 kb / 10 kb
(fine-scale)"	p95	600	0.8195036960692114	0.016354176157287136	50.109751062211394	3.08	0.4299999999999997	1
"100 kb / 10 kb
(fine-scale)"	p99	120	0.9293579424537615	0.016483916029112484	56.37968191614231	2.94	0.6199999999999992	1
"2 Mb / 200 kb
(conventional)"	All SNPs	12000	0.4308935673092369	0.1864334704837003	2.3112457553425716	2.8	0.0	1
"2 Mb / 200 kb
(conventional)"	p95	600	0.8112498295594912	0.00976740469397317	83.05684621218376	4.8	0.1999999999999993	1
"2 Mb / 200 kb
(conventional)"	p99	120	0.9240618759147902	0.00640739345381836	144.21806348790923	4.4	0.1999999999999993	1
"500 kb / 50 kb
(medium)"	All SNPs	12000	0.4269067636237146	0.20896630279586367	2.042945479304163	2.95	0.6999999999999993	1
"500 kb / 50 kb
(medium)"	p95	600	0.8122603706330448	0.011567100343323351	70.22160667101758	3.4	0.1999999999999993	1
"500 kb / 50 kb
(medium)"	p99	120	0.9242434948618281	0.010189212654196115	90.7080386119144	3.15	0.9000000000000004	1
"100 kb / 10 kb
(fine-scale)"	All SNPs	12000	0.4305678755218163	0.2164936067903299	1.9888248983666914	2.98	0.08999999999999986	1
"100 kb / 10 kb
(fine-scale)"	p95	600	0.8133943799913481	0.019784469951658615	41.11277087426635	3.07	0.6199999999999992	1
"100 kb / 10 kb
(fine-scale)"	p99	120	0.9250550731315079	0.021732414690218152	42.56568293572453	2.78	0.7100000000000009	1
"2 Mb / 200 kb
(conventional)"	All SNPs	12000	0.42457309622150846	0.18573788790364634	2.285872317239661	2.8	0.1999999999999993	1
"2 Mb / 200 kb
(conventional)"	p95	600	0.8127622799470151	0.3299869236984232	2.463013597138179	4.8	2.0	1
"2 Mb / 200 kb
(conventional)"	p99	120	0.9215558122076354	0.015772978405185777	58.426239390821074	4.8	2.4000000000000004	1
"500 kb / 50 kb
(medium)"	All SNPs	12000	0.4249191587780911	0.20872952246729634	2.0357405783107048	2.9	0.09999999999999964	1
"500 kb / 50 kb
(medium)"	p95	600	0.8134353711332238	0.005768318272596722	141.01776855787813	3.4	0.09999999999999964	1
"500 kb / 50 kb
(medium)"	p99	120	0.9199418625092686	0.014293273279202243	64.36187460627728	3.35	1.6500000000000004	1
"100 kb / 10 kb
(fine-scale)"	All SNPs	12000	0.43011833431549285	0.21553817568064115	1.9955552326507164	2.99	0.13000000000000078	1
"100 kb / 10 kb
(fine-scale)"	p95	600	0.8137422541731315	0.01415100756613787	57.50419186548567	3.08	0.07000000000000028	1
"100 kb / 10 kb
(fine-scale)"	p99	120	0.9199943554424206	0.020546552144186565	44.77609425592719	2.95	1.2300000000000004	1
"2 Mb / 200 kb
(conventional)"	All SNPs	12000	0.43885782022641706	0.18956578283840542	2.3150687516244406	2.8	0.40000000000000036	1
"2 Mb / 200 kb
(conventional)"	p95	600	0.814398347643613	0.4206391930305827	1.93609716150345	4.8	2.1999999999999993	1
"2 Mb / 200 kb
(conventional)"	p99	120	0.9242409867353605	0.004278586932998343	216.0154745500688	4.8	2.3999999999999986	1
"500 kb / 50 kb
(medium)"	All SNPs	12000	0.4293080830722647	0.20970458527185373	2.0472040824273092	2.95	0.8000000000000007	1
"500 kb / 50 kb
(medium)"	p95	600	0.8133754206386872	0.27475209943612716	2.960397472150258	3.4	1.6999999999999993	1
"500 kb / 50 kb
(medium)"	p99	120	0.9221394089004419	0.00758716546260271	121.53938298112587	3.35	1.6999999999999993	1
"100 kb / 10 kb
(fine-scale)"	All SNPs	12000	0.43022289491224663	0.2161484448516163	1.9904047665371374	2.98	0.6199999999999992	1
"100 kb / 10 kb
(fine-scale)"	p95	600	0.8114962504491744	0.018535797111396343	43.77994890493504	3.08	1.5399999999999991	1
"100 kb / 10 kb
(fine-scale)"	p99	120	0.9217747719198612	0.01792547411269901	51.42261600025658	3.01	1.2200000000000006	1
"2 Mb / 200 kb
(conventional)"	All SNPs	12000	0.4285282827625383	0.184602478644226	2.3213571448757024	2.8	0.40000000000000036	1
"2 Mb / 200 kb
(conventional)"	p95	600	0.8124270300759262	0.004013983849352165	202.39917761678277	4.8	2.4000000000000004	1
"2 Mb / 200 kb
(conventional)"	p99	120	0.91783869353108	0.004058054742606739	226.17701133856454	4.8	2.4000000000000004	1
"500 kb / 50 kb
(medium)"	All SNPs	12000	0.429899535423003	0.2088643819406427	2.0582711682510637	2.95	0.75	1
"500 kb / 50 kb
(medium)"	p95	600	0.8124133976820056	0.007072812700424235	114.86426010309536	3.4	1.6999999999999993	1
"500 kb / 50 kb
(medium)"	p99	120	0.9178643029503074	0.007067161072028203	129.87737135116546	3.4	0.9499999999999993	1
"100 kb / 10 kb
(fine-scale)"	All SNPs	12000	0.43458466540272384	0.21582102714519052	2.013634496838731	3.01	0.8499999999999996	1
"100 kb / 10 kb
(fine-scale)"	p95	600	0.8118982974812319	0.014364211289408312	56.52230262582523	3.08	0.9100000000000001	1
"100 kb / 10 kb
(fine-scale)"	p99	120	0.9184729107511677	0.021764571524481902	42.200367221473776	2.96	0.39000000000000057	1
"2 Mb / 200 kb
(conventional)"	All SNPs	12000	0.43665357843315034	0.18829850160585893	2.318943457909937	2.8	0.0	1
"2 Mb / 200 kb
(conventional)"	p95	600	0.8109482405323416	0.007850212691743939	103.30270941387552	4.8	2.4000000000000004	1
"2 Mb / 200 kb
(conventional)"	p99	120	0.9201675998855372	0.007079391133707336	129.9783530117884	4.8	2.4000000000000004	1
"500 kb / 50 kb
(medium)"	All SNPs	12000	0.42842399181544927	0.2091367797548691	2.0485348981542533	2.95	0.09999999999999964	1
"500 kb / 50 kb
(medium)"	p95	600	0.8114502049686348	0.008256968107683713	98.27459600013728	3.4	1.6999999999999993	1
"500 kb / 50 kb
(medium)"	p99	120	0.9205116275640931	0.007843659512223657	117.35741794114804	3.4	1.6500000000000004	1
"100 kb / 10 kb
(fine-scale)"	All SNPs	12000	0.4307962279960367	0.21602783863202113	1.994169967741283	3.0	0.27999999999999936	1
"100 kb / 10 kb
(fine-scale)"	p95	600	0.8107074989292725	0.014463125478707003	56.0534097642185	3.07	1.4600000000000009	1
"100 kb / 10 kb
(fine-scale)"	p99	120	0.9204151853963836	0.01988918387019395	46.27717212548491	3.06	0.08000000000000007	1
"2 Mb / 200 kb
(conventional)"	All SNPs	12000	0.4258092846500049	0.1844492595955887	2.308544287917481	2.8	0.40000000000000036	1
"2 Mb / 200 kb
(conventional)"	p95	600	0.8074062162147687	0.6024313375402865	1.3402460428293619	4.8	2.4000000000000004	1
"2 Mb / 200 kb
(conventional)"	p99	120	0.9274256624337562	0.01660217602954325	55.86169311681916	4.8	2.3999999999999986	1
"500 kb / 50 kb
(medium)"	All SNPs	12000	0.42192839057977055	0.20656713249788383	2.0425727243132106	2.9	1.25	1
"500 kb / 50 kb
(medium)"	p95	600	0.8080139101102606	0.005169198628094115	156.313186674387	3.4	1.5500000000000007	1
"500 kb / 50 kb
(medium)"	p99	120	0.9256216827558049	0.014048369290263181	65.88819411213416	3.35	1.6499999999999986	1
"100 kb / 10 kb
(fine-scale)"	All SNPs	12000	0.42579346719019956	0.21454596370317078	1.9846258575122602	2.97	1.0399999999999991	1
"100 kb / 10 kb
(fine-scale)"	p95	600	0.8070741085405505	0.015259360277405879	52.89042881670231	3.08	0.0600000000000005	1
"100 kb / 10 kb
(fine-scale)"	p99	120	0.9266870704723064	0.025208668734620573	36.76065087878408	3.01	1.4200000000000017	1
"2 Mb / 200 kb
(conventional)"	All SNPs	12000	0.4342952119261415	0.18743759066490498	2.317012347339445	2.8	0.1999999999999993	1
"2 Mb / 200 kb
(conventional)"	p95	600	0.8105939334946365	0.015575818867708395	52.04181817850684	4.8	1.1999999999999993	1
"2 Mb / 200 kb
(conventional)"	p99	120	0.9198749461363572	0.007745504760330441	118.76242731753395	4.8	0.0	1
"500 kb / 50 kb
(medium)"	All SNPs	12000	0.42822479677056086	0.2102681743083479	2.036564963666781	2.9	0.1999999999999993	1
"500 kb / 50 kb
(medium)"	p95	600	0.8156921711389218	0.007149382218535087	114.09267908829997	3.4	0.5	1
"500 kb / 50 kb
(medium)"	p99	120	0.9208446328272069	0.010425830652234106	88.3233829076135	3.35	0.8499999999999996	1
"100 kb / 10 kb
(fine-scale)"	All SNPs	12000	0.43072291518201933	0.2170799136948098	1.9841675254559379	2.99	0.33999999999999986	1
"100 kb / 10 kb
(fine-scale)"	p95	600	0.8170977514018372	0.016406531570401083	49.8031986770414	3.08	0.3800000000000008	1
"100 kb / 10 kb
(fine-scale)"	p99	120	0.9230445852033158	0.016860928603469195	54.744587733643336	3.02	1.379999999999999	1
"2 Mb / 200 kb
(conventional)"	All SNPs	12000	0.43071022872224524	0.1879045410752384	2.292175730600282	2.8	0.1999999999999993	1
"2 Mb / 200 kb
(conventional)"	p95	600	0.8161069182679929	0.005682847994796668	143.60878894090376	4.8	0.40000000000000036	1
"2 Mb / 200 kb
(conventional)"	p99	120	0.9280126357524461	0.011469354837637313	80.9123659429493	4.8	2.4000000000000004	1
"500 kb / 50 kb
(medium)"	All SNPs	12000	0.42319313190427515	0.20987043893114057	2.016449453575149	2.9	0.75	1
"500 kb / 50 kb
(medium)"	p95	600	0.8164793735848327	0.008808446342285647	92.69277939121437	3.4	0.5500000000000007	1
"500 kb / 50 kb
(medium)"	p99	120	0.9286321678061821	0.011749412721071413	79.03647525639914	3.35	1.6500000000000004	1
"100 kb / 10 kb
(fine-scale)"	All SNPs	12000	0.42746084778238114	0.21761720865173872	1.9642787003414943	3.0	0.5299999999999994	1
"100 kb / 10 kb
(fine-scale)"	p95	600	0.8173072009417368	0.017620685789115607	46.383393400419855	3.06	0.0600000000000005	1
"100 kb / 10 kb
(fine-scale)"	p99	120	0.930520145884467	0.023922269463755017	38.89765338921175	2.99	0.6799999999999997	1
"2 Mb / 200 kb
(conventional)"	All SNPs	12000	0.4343282324853779	0.18773587951156476	2.313506792709929	2.8	0.1999999999999993	1
"2 Mb / 200 kb
(conventional)"	p95	600	0.8159278987568941	0.31015259391517797	2.6307305331776076	4.8	2.3999999999999986	1
"2 Mb / 200 kb
(conventional)"	p99	120	0.9221825341874976	0.011784648142665279	78.2528695828276	4.8	2.1999999999999993	1
"500 kb / 50 kb
(medium)"	All SNPs	12000	0.43107134659889157	0.2097309382025259	2.0553541136722	2.9	0.09999999999999964	1
"500 kb / 50 kb
(medium)"	p95	600	0.8171463759164849	0.008142971047006241	100.34990560563374	3.4	1.6999999999999993	1
"500 kb / 50 kb
(medium)"	p99	120	0.9226987536381114	0.014506171604770227	63.607323750029956	3.35	1.4499999999999993	1
"100 kb / 10 kb
(fine-scale)"	All SNPs	12000	0.4351903316647195	0.21768277756050114	1.9991950513575467	2.98	1.4499999999999993	1
"100 kb / 10 kb
(fine-scale)"	p95	600	0.8176712763899167	0.015121779765378478	54.07242329120454	3.07	0.07000000000000028	1
"100 kb / 10 kb
(fine-scale)"	p99	120	0.9240581337622502	0.022810574140037274	40.51007783010324	3.0	0.9000000000000004	1
"2 Mb / 200 kb
(conventional)"	All SNPs	12000	0.43795167770687626	0.1887752992144066	2.319962831627992	2.8	0.40000000000000036	1
"2 Mb / 200 kb
(conventional)"	p95	600	0.813782843848569	0.014957464771540871	54.40646902922544	4.8	2.4000000000000004	1
"2 Mb / 200 kb
(conventional)"	p99	120	0.9249475448653836	0.006007953958167642	153.95383375199535	4.8	2.3999999999999986	1
"500 kb / 50 kb
(medium)"	All SNPs	12000	0.4319273541649273	0.21100127874715718	2.0470366659839336	3.0	1.1499999999999986	1
"500 kb / 50 kb
(medium)"	p95	600	0.8187070605915339	0.008298469958123094	98.65759166726018	3.4	1.6999999999999993	1
"500 kb / 50 kb
(medium)"	p99	120	0.9232695785989624	0.008860084218172174	104.20550819430382	3.4	1.5500000000000007	1
"100 kb / 10 kb
(fine-scale)"	All SNPs	12000	0.4325676305189432	0.21742398624631173	1.9895120036521778	3.01	1.0999999999999996	1
"100 kb / 10 kb
(fine-scale)"	p95	600	0.8172082013461202	0.01631275010737771	50.09628639971162	3.06	1.5199999999999996	1
"100 kb / 10 kb
(fine-scale)"	p99	120	0.921950090746863	0.017259240314029135	53.41776775640918	3.04	0.8699999999999992	1
"2 Mb / 200 kb
(conventional)"	All SNPs	12000	0.4315361191939025	0.18650777044692235	2.3137701885547552	2.8	0.40000000000000036	1
"2 Mb / 200 kb
(conventional)"	p95	600	0.8122595365857337	0.537589040051329	1.5109302386599606	4.8	2.3999999999999986	1
"2 Mb / 200 kb
(conventional)"	p99	120	0.9172659749771506	0.011379020553069594	80.61027490891647	4.8	1.8000000000000007	1
"500 kb / 50 kb
(medium)"	All SNPs	12000	0.42937934356615	0.20805816011815803	2.0637467106423597	2.9	1.1000000000000014	1
"500 kb / 50 kb
(medium)"	p95	600	0.8130935871783884	0.009873768127854805	82.34886384303242	3.4	0.1999999999999993	1
"500 kb / 50 kb
(medium)"	p99	120	0.9190854373423317	0.01332207938125264	68.98963825690045	3.3	1.0	1
"100 kb / 10 kb
(fine-scale)"	All SNPs	12000	0.4338913246893898	0.21601098130190208	2.008654014135388	2.98	0.9600000000000009	1
"100 kb / 10 kb
(fine-scale)"	p95	600	0.8141896339151649	0.017585291752672517	46.29946692760606	3.07	0.03999999999999915	1
"100 kb / 10 kb
(fine-scale)"	p99	120	0.9227419662297327	0.024015574812782194	38.422647528661564	2.93	1.2199999999999989	1
"2 Mb / 200 kb
(conventional)"	All SNPs	12000	0.4382471388230477	0.18910870111481645	2.3174350848984364	2.8	0.1999999999999993	1
"2 Mb / 200 kb
(conventional)"	p95	600	0.8157397308316924	0.40901596454762723	1.9943958220161473	4.8	0.1999999999999993	1
"2 Mb / 200 kb
(conventional)"	p99	120	0.9283276162994476	0.014064375594593718	66.00560473202184	4.8	2.3999999999999986	1
"500 kb / 50 kb
(medium)"	All SNPs	12000	0.42977007872347567	0.21022214112453358	2.0443616282496335	2.95	0.5500000000000007	1
"500 kb / 50 kb
(medium)"	p95	600	0.8164334324222514	0.007137375033986771	114.38847314797898	3.4	0.5999999999999996	1
"500 kb / 50 kb
(medium)"	p99	120	0.9280153310462537	0.013185900602960597	70.37936649074153	3.3	1.6499999999999986	1
"100 kb / 10 kb
(fine-scale)"	All SNPs	12000	0.4321638098015003	0.21697407342843136	1.9917762660433669	2.98	0.5299999999999994	1
"100 kb / 10 kb
(fine-scale)"	p95	600	0.8164164742907439	0.015188647413238623	53.75175630050801	3.08	0.09999999999999964	1
"100 kb / 10 kb
(fine-scale)"	p99	120	0.928518618376346	0.022933578485626025	40.487297652143965	2.97	0.7100000000000009	1
"2 Mb / 200 kb
(conventional)"	All SNPs	12000	0.42901526042938004	0.18554664948279176	2.3121692664634637	2.8	0.1999999999999993	1
"2 Mb / 200 kb
(conventional)"	p95	600	0.8200373643247726	0.0037681873299599622	217.62117764285506	4.8	2.1999999999999993	1
"2 Mb / 200 kb
(conventional)"	p99	120	0.9321618158095961	0.007641580198785847	121.98547833832917	4.8	0.40000000000000036	1
"500 kb / 50 kb
(medium)"	All SNPs	12000	0.42353369557798026	0.20775189601711014	2.0386514091938714	2.85	0.40000000000000036	1
"500 kb / 50 kb
(medium)"	p95	600	0.8200411851935736	0.004978110443286323	164.72940778152355	3.4	0.34999999999999964	1
"500 kb / 50 kb
(medium)"	p99	120	0.9330318951489123	0.009687066140427162	96.31728343993419	3.4	0.05000000000000071	1
"100 kb / 10 kb
(fine-scale)"	All SNPs	12000	0.4313843234654089	0.2156950975884936	1.999972777723537	2.97	0.47000000000000064	1
"100 kb / 10 kb
(fine-scale)"	p95	600	0.8205013794676352	0.013209911594918808	62.112556437034826	3.08	0.7599999999999998	1
"100 kb / 10 kb
(fine-scale)"	p99	120	0.9351844387887472	0.0192272471808096	48.638498792595726	3.03	0.019999999999999574	1
"2 Mb / 200 kb
(conventional)"	All SNPs	12000	0.43469610466100705	0.18713022488227932	2.322960413981587	2.8	0.40000000000000036	1
"2 Mb / 200 kb
(conventional)"	p95	600	0.8072138672685096	0.00405871287393839	198.88420106082202	4.8	2.0	1
"2 Mb / 200 kb
(conventional)"	p99	120	0.9106203026285778	0.010005592854223953	91.01112906509594	4.8	2.4000000000000004	1
"500 kb / 50 kb
(medium)"	All SNPs	12000	0.4306184376129665	0.20830436028200455	2.0672559951697163	3.0	0.6500000000000004	1
"500 kb / 50 kb
(medium)"	p95	600	0.8067987301068298	0.006296567295911621	128.13310684866124	3.4	1.3000000000000007	1
"500 kb / 50 kb
(medium)"	p99	120	0.9108779214207189	0.012987191705539447	70.13663477626197	3.4	0.9499999999999993	1
"100 kb / 10 kb
(fine-scale)"	All SNPs	12000	0.4347339377102397	0.21485278988095985	2.0234037358840253	2.99	0.5999999999999996	1
"100 kb / 10 kb
(fine-scale)"	p95	600	0.8071549284582854	0.015091603821804408	53.48370776153723	3.08	1.5399999999999991	1
"100 kb / 10 kb
(fine-scale)"	p99	120	0.9136672883524924	0.02275154914674162	40.15846492296301	3.01	0.9299999999999997	1
"2 Mb / 200 kb
(conventional)"	All SNPs	12000	0.4282950867404376	0.18771527419705686	2.2816208674144893	2.8	0.1999999999999993	1
"2 Mb / 200 kb
(conventional)"	p95	600	0.8044694648713324	0.32428475496861847	2.480750181886232	4.8	0.5999999999999996	1
"2 Mb / 200 kb
(conventional)"	p99	120	0.9209350618321843	0.008608661677454658	106.97772735616196	4.8	1.3999999999999986	1
"500 kb / 50 kb
(medium)"	All SNPs	12000	0.4248727620073352	0.2094761153358702	2.0282635150365564	2.9	0.3000000000000007	1
"500 kb / 50 kb
(medium)"	p95	600	0.8107722900934151	0.004452944455840941	182.07554532370656	3.4	1.6999999999999993	1
"500 kb / 50 kb
(medium)"	p99	120	0.9210498813938991	0.011875403691912517	77.55945863307029	3.35	0.5	1
"100 kb / 10 kb
(fine-scale)"	All SNPs	12000	0.4309432628910462	0.21653444938720862	1.9901833824161161	2.98	1.3900000000000006	1
"100 kb / 10 kb
(fine-scale)"	p95	600	0.810677473498674	0.01278884261052296	63.38943235032305	3.07	0.2400000000000002	1
"100 kb / 10 kb
(fine-scale)"	p99	120	0.9231204117863174	0.02329173786684462	39.632955559763666	2.99	0.23000000000000043	1
"2 Mb / 200 kb
(conventional)"	All SNPs	12000	0.4229955283648713	0.18433829320512005	2.2946698757495194	2.8	0.0	1
"2 Mb / 200 kb
(conventional)"	p95	600	0.8068970408250985	0.3312125155961198	2.436191275480145	4.8	2.4000000000000004	1
"2 Mb / 200 kb
(conventional)"	p99	120	0.9314304526296625	0.00808296095812393	115.23381808414045	4.8	1.8000000000000007	1
"500 kb / 50 kb
(medium)"	All SNPs	12000	0.419469993772779	0.2077103928127458	2.019494489863768	2.9	0.9000000000000004	1
"500 kb / 50 kb
(medium)"	p95	600	0.8078035126414038	0.25184711964772505	3.2075153917635872	3.4	1.6500000000000004	1
"500 kb / 50 kb
(medium)"	p99	120	0.9311514601286024	0.0096483397543414	96.50898329006482	3.35	1.1499999999999986	1
"100 kb / 10 kb
(fine-scale)"	All SNPs	12000	0.42110303950676087	0.21501581847136514	1.9584746950273406	2.98	0.6899999999999995	1
"100 kb / 10 kb
(fine-scale)"	p95	600	0.8137520769504848	0.017908860012556326	45.43851905592784	3.06	0.8399999999999999	1
"100 kb / 10 kb
(fine-scale)"	p99	120	0.931274272896699	0.021554775646858978	43.20500886458574	2.97	0.8000000000000007	1
"2 Mb / 200 kb
(conventional)"	All SNPs	12000	0.42811941514826934	0.1858932383627575	2.3030392009892506	2.8	0.40000000000000036	1
"2 Mb / 200 kb
(conventional)"	p95	600	0.8196266410715508	0.0032969398178123665	248.60224522248072	4.8	1.8000000000000007	1
"2 Mb / 200 kb
(conventional)"	p99	120	0.9322828125976368	0.00451014467210445	206.7079618008418	4.8	1.8000000000000007	1
"500 kb / 50 kb
(medium)"	All SNPs	12000	0.4278594665469595	0.20885096286458282	2.048635355463407	2.9	0.3000000000000007	1
"500 kb / 50 kb
(medium)"	p95	600	0.8188832844645676	0.006087896605886065	134.5100512503502	3.4	1.0500000000000007	1
"500 kb / 50 kb
(medium)"	p99	120	0.9317918741721959	0.008090637974101353	115.16914700112908	3.4	0.9499999999999993	1
"100 kb / 10 kb
(fine-scale)"	All SNPs	12000	0.4346057763108838	0.2170674959083044	2.0021688392004755	2.98	0.4299999999999997	1
"100 kb / 10 kb
(fine-scale)"	p95	600	0.8199568254190466	0.016307995718854267	50.279435900946716	3.08	1.5399999999999991	1
"100 kb / 10 kb
(fine-scale)"	p99	120	0.9348566535689887	0.019595801797950518	47.70698658866632	3.01	0.9700000000000006	1
"2 Mb / 200 kb
(conventional)"	All SNPs	12000	0.43316850869357365	0.18766828078180123	2.3081604781002465	2.8	0.0	1
"2 Mb / 200 kb
(conventional)"	p95	600	0.8182371146284951	0.005552824084277884	147.35512996805167	4.8	2.1999999999999993	1
"2 Mb / 200 kb
(conventional)"	p99	120	0.9286522154329283	0.003430810661791043	270.6801123639183	4.6	1.1999999999999993	1
"500 kb / 50 kb
(medium)"	All SNPs	12000	0.43283377893607544	0.21026286964972807	2.058536438968625	2.95	0.75	1
"500 kb / 50 kb
(medium)"	p95	600	0.8178911902559494	0.008742042089554324	93.55836792792725	3.4	0.75	1
"500 kb / 50 kb
(medium)"	p99	120	0.9271379665027049	0.007704575242724712	120.33602597082611	3.3	0.6999999999999993	1
"100 kb / 10 kb
(fine-scale)"	All SNPs	12000	0.4357270701552062	0.21743320380006045	2.003958284843545	2.98	0.5999999999999996	1
"100 kb / 10 kb
(fine-scale)"	p95	600	0.8187846280316754	0.015849429584913623	51.660195317757086	3.05	0.5600000000000005	1
"100 kb / 10 kb
(fine-scale)"	p99	120	0.9272254829194313	0.018677302323863075	49.644507908123366	2.95	0.5099999999999998	1
"2 Mb / 200 kb
(conventional)"	All SNPs	12000	0.4377182270800885	0.18849346469327297	2.3221931210844255	2.8	0.1999999999999993	1
"2 Mb / 200 kb
(conventional)"	p95	600	0.815852806475363	0.004780433744724717	170.6650170344206	4.8	2.1999999999999993	1
"2 Mb / 200 kb
(conventional)"	p99	120	0.9216723266262435	0.006009872783972618	153.35970656220846	4.8	1.1999999999999993	1
"500 kb / 50 kb
(medium)"	All SNPs	12000	0.4325622830831056	0.21003562338444604	2.059471036926675	3.0	1.1500000000000004	1
"500 kb / 50 kb
(medium)"	p95	600	0.8155079050090558	0.009491030160726898	85.92406632354414	3.4	1.6999999999999993	1
"500 kb / 50 kb
(medium)"	p99	120	0.9230185373990607	0.009392713335818603	98.26963779243422	3.35	0.6500000000000004	1
"100 kb / 10 kb
(fine-scale)"	All SNPs	12000	0.4348297635095615	0.21710027143812863	2.0028982950096568	2.97	0.6699999999999999	1
"100 kb / 10 kb
(fine-scale)"	p95	600	0.8150839659867938	0.016188975552820745	50.34808801380731	3.06	1.5199999999999996	1
"100 kb / 10 kb
(fine-scale)"	p99	120	0.9228314094272341	0.02059611737242447	44.80608615402365	2.98	0.4299999999999997	1
"2 Mb / 200 kb
(conventional)"	All SNPs	12000	0.43078802518841736	0.1853504468736179	2.3241812062214895	2.8	0.40000000000000036	1
"2 Mb / 200 kb
(conventional)"	p95	600	0.8177963729431503	0.7095517946851466	1.152553455672726	4.8	2.1999999999999993	1
"2 Mb / 200 kb
(conventional)"	p99	120	0.9300728920358763	0.005610206066404742	165.7823047900817	4.6	2.0	1
"500 kb / 50 kb
(medium)"	All SNPs	12000	0.4240750820723505	0.20799419489951682	2.038879413327971	2.95	1.25	1
"500 kb / 50 kb
(medium)"	p95	600	0.8186317232113034	0.5037832012652047	1.6249682822995801	3.4	1.6999999999999993	1
"500 kb / 50 kb
(medium)"	p99	120	0.9305494173738155	0.00921170102266267	101.01819577996218	3.25	1.1499999999999986	1
"100 kb / 10 kb
(fine-scale)"	All SNPs	12000	0.42605600637007784	0.2150300006219515	1.9813793663105428	2.97	1.4499999999999993	1
"100 kb / 10 kb
(fine-scale)"	p95	600	0.8180423782952339	0.21630230598678904	3.781940162696171	3.08	1.5399999999999991	1
"100 kb / 10 kb
(fine-scale)"	p99	120	0.9308800302677053	0.023859332608431746	39.015342362876396	2.93	1.2399999999999984	1
"2 Mb / 200 kb
(conventional)"	All SNPs	12000	0.4272037406590609	0.1850205009665009	2.3089535398912835	2.8	0.40000000000000036	1
"2 Mb / 200 kb
(conventional)"	p95	600	0.8118765937319976	0.024438767743446232	33.22084821358145	9.6	2.1999999999999993	1
"2 Mb / 200 kb
(conventional)"	p99	120	0.9160617694504597	0.006243573270010858	146.72075265785526	4.6	2.1999999999999993	1
"500 kb / 50 kb
(medium)"	All SNPs	12000	0.42507739854037785	0.20760984488564044	2.0474818945822486	2.9	0.9499999999999993	1
"500 kb / 50 kb
(medium)"	p95	600	0.8110939647126333	0.015183448989885107	53.419612714671544	8.2	1.5	1
"500 kb / 50 kb
(medium)"	p99	120	0.9155517347896438	0.008751819444515235	104.61273116910793	3.3	1.4499999999999993	1
"100 kb / 10 kb
(fine-scale)"	All SNPs	12000	0.42989968174094506	0.21539930432789722	1.9958266953662906	2.97	1.3000000000000007	1
"100 kb / 10 kb
(fine-scale)"	p95	600	0.811232022616584	0.0163521561047741	49.61009529377844	3.07	1.3499999999999996	1
"100 kb / 10 kb
(fine-scale)"	p99	120	0.9145641231249969	0.017705125001806155	51.65533273736838	2.95	0.9800000000000004	1
"2 Mb / 200 kb
(conventional)"	All SNPs	12000	0.4410745299092841	0.18878696953612034	2.336361089926251	2.8	0.1999999999999993	1
"2 Mb / 200 kb
(conventional)"	p95	600	0.8068587962652843	0.6591636240302907	1.224064506672787	4.8	1.0	1
"2 Mb / 200 kb
(conventional)"	p99	120	0.9292500925083015	0.007839442769423558	118.53522244370312	4.8	2.4000000000000004	1
"500 kb / 50 kb
(medium)"	All SNPs	12000	0.4327222494980832	0.20960747318274203	2.0644409425270016	3.0	0.1999999999999993	1
"500 kb / 50 kb
(medium)"	p95	600	0.811679902839705	0.01788621156030522	45.380202515386884	3.4	0.25	1
"500 kb / 50 kb
(medium)"	p99	120	0.9296132220150157	0.010106791381623237	91.97906505770894	3.4	1.6999999999999993	1
"100 kb / 10 kb
(fine-scale)"	All SNPs	12000	0.4336533327281888	0.21602623431320384	2.007410507834248	3.0	0.2699999999999996	1
"100 kb / 10 kb
(fine-scale)"	p95	600	0.8123992187218663	0.016217612964871807	50.093637114263686	3.08	0.08999999999999986	1
"100 kb / 10 kb
(fine-scale)"	p99	120	0.9280783824287151	0.02004522897315317	46.29921582196453	3.03	1.2400000000000002	1
"2 Mb / 200 kb
(conventional)"	All SNPs	12000	0.432669770750348	0.18775380200849895	2.3044527787019864	2.8	0.0	1
"2 Mb / 200 kb
(conventional)"	p95	600	0.8092996054239703	0.00954760121338663	84.76470553559113	4.8	2.4000000000000004	1
"2 Mb / 200 kb
(conventional)"	p99	120	0.9282987540806843	0.01080904464365256	85.88166527980925	4.8	2.4000000000000004	1
"500 kb / 50 kb
(medium)"	All SNPs	12000	0.42797583814629203	0.20981272999248377	2.0397991969392115	2.95	0.6500000000000004	1
"500 kb / 50 kb
(medium)"	p95	600	0.8099073685326579	0.010384872396498263	77.98914975650113	3.4	1.6500000000000004	1
"500 kb / 50 kb
(medium)"	p99	120	0.9273425266659613	0.011950165811485182	77.6008083314377	3.3	1.6500000000000004	1
"100 kb / 10 kb
(fine-scale)"	All SNPs	12000	0.4308574521860034	0.21698506584268418	1.985654867595258	3.0	0.7699999999999996	1
"100 kb / 10 kb
(fine-scale)"	p95	600	0.8107597834060265	0.01705998181612014	47.52407078417469	3.06	1.4600000000000009	1
"100 kb / 10 kb
(fine-scale)"	p99	120	0.9298921964423223	0.022598624156861702	41.148177428313744	2.95	0.8800000000000008	1
"2 Mb / 200 kb
(conventional)"	All SNPs	12000	0.42706825670363474	0.18614105419699825	2.294325980617132	2.8	0.40000000000000036	1
"2 Mb / 200 kb
(conventional)"	p95	600	0.8074753942231806	0.014050410423053685	57.46987952026569	4.8	1.1999999999999993	1
"2 Mb / 200 kb
(conventional)"	p99	120	0.9193727689241646	0.013653123471624902	67.337907756777	4.8	2.3999999999999986	1
"500 kb / 50 kb
(medium)"	All SNPs	12000	0.4235652038713214	0.20965587549136736	2.020287782913872	2.95	0.25	1
"500 kb / 50 kb
(medium)"	p95	600	0.8122589334974415	0.005542069775477773	146.5623794726435	3.4	0.34999999999999964	1
"500 kb / 50 kb
(medium)"	p99	120	0.921075852763181	0.016133902301036934	57.08946512611416	3.4	1.6999999999999993	1
"100 kb / 10 kb
(fine-scale)"	All SNPs	12000	0.42703140998821176	0.21678229470265517	1.9698629474050928	2.99	0.2400000000000002	1
"100 kb / 10 kb
(fine-scale)"	p95	600	0.8129233145951142	0.01514237646999409	53.68531922357043	3.08	0.4800000000000004	1
"100 kb / 10 kb
(fine-scale)"	p99	120	0.9213674787678879	0.024886410092829072	37.022916335907226	3.03	0.9100000000000001	1
"2 Mb / 200 kb
(conventional)"	All SNPs	12000	0.4288795149002429	0.18755846295913528	2.286644431468208	2.8	0.40000000000000036	1
"2 Mb / 200 kb
(conventional)"	p95	600	0.8154324491966649	0.004838993977645893	168.5128051333848	4.8	2.4000000000000004	1
"2 Mb / 200 kb
(conventional)"	p99	120	0.9226151484263088	0.005351089860076599	172.41630631355196	4.8	1.3999999999999986	1
"500 kb / 50 kb
(medium)"	All SNPs	12000	0.42511601887949213	0.21031264366557054	2.0213526465650444	2.95	0.6999999999999993	1
"500 kb / 50 kb
(medium)"	p95	600	0.8149909968737871	0.008708967820557105	93.5806646282513	3.4	1.6999999999999993	1
"500 kb / 50 kb
(medium)"	p99	120	0.9219732359263892	0.009016456999902856	102.25449263899586	3.35	1.6000000000000014	1
"100 kb / 10 kb
(fine-scale)"	All SNPs	12000	0.4269091804448857	0.21718830516369667	1.965617716493163	2.98	0.6300000000000008	1
"100 kb / 10 kb
(fine-scale)"	p95	600	0.8150127745394866	0.01604583308688483	50.792798985653334	3.05	1.5100000000000016	1
"100 kb / 10 kb
(fine-scale)"	p99	120	0.9229311522717292	0.023108462648284884	39.939097910532325	2.99	0.33000000000000007	1
"2 Mb / 200 kb
(conventional)"	All SNPs	12000	0.4346138425404548	0.18722623651870257	2.32132980196416	2.8	0.40000000000000036	1
"2 Mb / 200 kb
(conventional)"	p95	600	0.8201840670460503	0.006991974305850876	117.303644316845	4.8	2.4000000000000004	1
"2 Mb / 200 kb
(conventional)"	p99	120	0.9288210750551175	0.0033378322322299343	278.2707489269441	4.6	0.1999999999999993	1
"500 kb / 50 kb
(medium)"	All SNPs	12000	0.42702167648643424	0.2098141428393103	2.035237809557366	2.95	1.1000000000000014	1
"500 kb / 50 kb
(medium)"	p95	600	0.8206250176467438	0.008063247572506147	101.77351126423176	3.4	1.5999999999999996	1
"500 kb / 50 kb
(medium)"	p99	120	0.9297089897587987	0.008363242359240753	111.16609441929424	3.25	0.25	1
"100 kb / 10 kb
(fine-scale)"	All SNPs	12000	0.4304423084651477	0.21731845746122203	1.9806983423943876	2.98	1.4100000000000001	1
"100 kb / 10 kb
(fine-scale)"	p95	600	0.8199835453008535	0.015863895463262282	51.68866292644054	3.08	0.02999999999999936	1
"100 kb / 10 kb
(fine-scale)"	p99	120	0.9319845916750713	0.018153907283578144	51.337961416060324	2.85	0.33000000000000007	1
"2 Mb / 200 kb
(conventional)"	All SNPs	12000	0.4264635335314425	0.1869868701212939	2.280713791587644	2.8	0.40000000000000036	1
"2 Mb / 200 kb
(conventional)"	p95	600	0.8150716492168384	0.004294597485583409	189.78999823684597	4.8	2.3999999999999986	1
"2 Mb / 200 kb
(conventional)"	p99	120	0.9311657652024131	0.008923046940750051	104.35513467377785	4.8	2.3999999999999986	1
"500 kb / 50 kb
(medium)"	All SNPs	12000	0.425109530235717	0.20972107619986047	2.027023406224538	2.9	0.5	1
"500 kb / 50 kb
(medium)"	p95	600	0.8144440080902741	0.006623060444174552	122.97094597809912	3.4	0.8000000000000007	1
"500 kb / 50 kb
(medium)"	p99	120	0.9298113336870905	0.011775736312128977	78.9599315950534	3.35	0.8499999999999996	1
"100 kb / 10 kb
(fine-scale)"	All SNPs	12000	0.43139876092758983	0.21703081477773692	1.9877304583194277	3.0	1.3099999999999987	1
"100 kb / 10 kb
(fine-scale)"	p95	600	0.8154965723165067	0.01728076721086368	47.190993453336894	3.07	0.9900000000000002	1
"100 kb / 10 kb
(fine-scale)"	p99	120	0.9297813175789936	0.021212870910508528	43.83099871306879	3.0	0.7300000000000004	1
"2 Mb / 200 kb
(conventional)"	All SNPs	12000	0.432322557085598	0.18709403956078083	2.3107233031074212	2.8	0.40000000000000036	1
"2 Mb / 200 kb
(conventional)"	p95	600	0.8124908030408308	0.0032437282486325624	250.48053991062514	4.8	2.0	1
"2 Mb / 200 kb
(conventional)"	p99	120	0.9182576577948225	0.008818410666941435	104.12960934527555	4.8	2.4000000000000004	1
"500 kb / 50 kb
(medium)"	All SNPs	12000	0.43090445067528493	0.20934411916544635	2.0583546955753635	2.95	0.34999999999999964	1
"500 kb / 50 kb
(medium)"	p95	600	0.8127740056039202	0.004925691089998688	165.0071006795793	3.4	0.34999999999999964	1
"500 kb / 50 kb
(medium)"	p99	120	0.9171708753907885	0.010981238996608906	83.52162043591056	3.4	1.6999999999999993	1
"100 kb / 10 kb
(fine-scale)"	All SNPs	12000	0.43370100052373756	0.21684780487347527	2.0000248597249586	3.0	0.47000000000000064	1
"100 kb / 10 kb
(fine-scale)"	p95	600	0.8131272134583167	0.015040293025675014	54.06325608618408	3.06	0.7100000000000009	1
"100 kb / 10 kb
(fine-scale)"	p99	120	0.9164914276976036	0.019352663177272987	47.35738018599401	3.03	1.0799999999999983	1
"2 Mb / 200 kb
(conventional)"	All SNPs	12000	0.43124339624377017	0.18781645719103	2.2960895051126866	2.8	0.1999999999999993	1
"2 Mb / 200 kb
(conventional)"	p95	600	0.8095497347842145	0.255487532296909	3.1686467339761015	4.8	1.0	1
"2 Mb / 200 kb
(conventional)"	p99	120	0.9072649049733446	0.2915240984112986	3.112143764160876	4.8	2.3999999999999986	1
"500 kb / 50 kb
(medium)"	All SNPs	12000	0.4263175395403077	0.21111513977591606	2.019360335752395	2.95	0.5999999999999996	1
"500 kb / 50 kb
(medium)"	p95	600	0.731681843296375	0.2544852525923353	2.8751443780849253	3.4	1.6500000000000004	1
"500 kb / 50 kb
(medium)"	p99	120	0.8354345082474056	0.2919644899645775	2.8614250601118116	3.35	1.6499999999999986	1
"100 kb / 10 kb
(fine-scale)"	All SNPs	12000	0.42680124744690606	0.21730903391470877	1.964029013236608	2.97	0.6300000000000008	1
"100 kb / 10 kb
(fine-scale)"	p95	600	0.818788646572065	0.02103856892062738	38.918457318134365	3.06	1.5299999999999994	1
"100 kb / 10 kb
(fine-scale)"	p99	120	0.932447582121036	0.021523946546794594	43.321403911398335	3.01	1.5299999999999994	1
"2 Mb / 200 kb
(conventional)"	All SNPs	12000	0.4330269783383249	0.18787735600885141	2.3048385794716197	2.8	0.40000000000000036	1
"2 Mb / 200 kb
(conventional)"	p95	600	0.8092843657117322	0.14551360423144039	5.561571854302777	4.8	1.8000000000000007	1
"2 Mb / 200 kb
(conventional)"	p99	120	0.9241396926077744	0.0096712334844728	95.55551461884195	4.8	2.3999999999999986	1
"500 kb / 50 kb
(medium)"	All SNPs	12000	0.42803057712263043	0.20974830379952417	2.040686715310646	3.0	1.25	1
"500 kb / 50 kb
(medium)"	p95	600	0.8096530107189595	0.004934601532192937	164.0766747703638	3.4	1.6999999999999993	1
"500 kb / 50 kb
(medium)"	p99	120	0.92641724598298	0.014880438037777747	62.257390785878485	3.4	1.6499999999999986	1
"100 kb / 10 kb
(fine-scale)"	All SNPs	12000	0.4297901528928648	0.21656511950969853	1.9845769894335055	2.98	1.4200000000000017	1
"100 kb / 10 kb
(fine-scale)"	p95	600	0.8090842992411945	0.013185043726904684	61.363793401020054	3.07	1.5399999999999991	1
"100 kb / 10 kb
(fine-scale)"	p99	120	0.9255816639897455	0.02616939789091062	35.36885593807363	3.04	0.08000000000000007	1
"2 Mb / 200 kb
(conventional)"	All SNPs	12000	0.4242688515075033	0.18416864021506163	2.3036975839755693	2.8	0.40000000000000036	1
"2 Mb / 200 kb
(conventional)"	p95	600	0.807344747601156	0.005488557579118079	147.09597849037837	4.8	0.1999999999999993	1
"2 Mb / 200 kb
(conventional)"	p99	120	0.9252721921903969	0.008869557135056206	104.31999908240441	4.8	2.4000000000000004	1
"500 kb / 50 kb
(medium)"	All SNPs	12000	0.4199147997469484	0.2079905724380623	2.0189126594764057	2.95	0.5	1
"500 kb / 50 kb
(medium)"	p95	600	0.8085998534644668	0.008125783750723616	99.51038303135492	3.4	1.6999999999999993	1
"500 kb / 50 kb
(medium)"	p99	120	0.9258489402821234	0.014270984995689292	64.87631656551991	3.35	1.5	1
"100 kb / 10 kb
(fine-scale)"	All SNPs	12000	0.42220112935696125	0.21564311510525752	1.9578697383910482	2.99	0.3100000000000005	1
"100 kb / 10 kb
(fine-scale)"	p95	600	0.8098535584997881	0.018049768899997848	44.867807614970886	3.08	1.5399999999999991	1
"100 kb / 10 kb
(fine-scale)"	p99	120	0.9260336747534802	0.02322959528818449	39.864391233044785	3.01	0.5899999999999999	1
"2 Mb / 200 kb
(conventional)"	All SNPs	12000	0.43201484790530353	0.18761202363817153	2.3027034170181286	2.8	0.40000000000000036	1
"2 Mb / 200 kb
(conventional)"	p95	600	0.8194309503524932	0.004812043404325116	170.28752268027756	4.8	2.1999999999999993	1
"2 Mb / 200 kb
(conventional)"	p99	120	0.9295422028668219	0.008249200507779022	112.68270203764118	4.8	1.8000000000000007	1
"500 kb / 50 kb
(medium)"	All SNPs	12000	0.4303249594625522	0.21061102778107474	2.043221402014452	2.9	0.8000000000000007	1
"500 kb / 50 kb
(medium)"	p95	600	0.8197648176138358	0.005176825043150527	158.35281485868816	3.4	0.6999999999999993	1
"500 kb / 50 kb
(medium)"	p99	120	0.9296524036967596	0.009427735154252553	98.60824349498435	3.3	1.0	1
"100 kb / 10 kb
(fine-scale)"	All SNPs	12000	0.4349440152645256	0.21834258487574218	1.9920255845283243	3.0	0.6600000000000001	1
"100 kb / 10 kb
(fine-scale)"	p95	600	0.820081742304427	0.014575148815081145	56.265754312976554	3.07	0.25	1
"100 kb / 10 kb
(fine-scale)"	p99	120	0.9293909545033062	0.017734587695974767	52.40555745844888	2.94	1.2199999999999989	1
"2 Mb / 200 kb
(conventional)"	All SNPs	12000	0.4338564427424166	0.18814104823665267	2.3060169314922256	2.8	0.1999999999999993	1
"2 Mb / 200 kb
(conventional)"	p95	600	0.8188759366431	0.00460442045038417	177.84560412478774	4.8	2.1999999999999993	1
"2 Mb / 200 kb
(conventional)"	p99	120	0.9381803044431146	0.0072637416008352355	129.15937212513674	4.8	2.3999999999999986	1
"500 kb / 50 kb
(medium)"	All SNPs	12000	0.42631264811333053	0.2094859961277466	2.0350412724168967	2.9	0.9000000000000004	1
"500 kb / 50 kb
(medium)"	p95	600	0.8186302501677157	0.008521925305989077	96.06165517461119	3.4	1.6999999999999993	1
"500 kb / 50 kb
(medium)"	p99	120	0.9365654764383975	0.011324825376947354	82.70021349246198	3.4	1.6999999999999993	1
"100 kb / 10 kb
(fine-scale)"	All SNPs	12000	0.43025561330278556	0.2162773417137668	1.9893698058865974	2.97	1.0700000000000003	1
"100 kb / 10 kb
(fine-scale)"	p95	600	0.8191779278496565	0.018274656004836624	44.82590138128184	3.07	1.5199999999999996	1
"100 kb / 10 kb
(fine-scale)"	p99	120	0.9347652957729894	0.019653243599539832	47.56290182017977	3.05	0.09999999999999964	1
"2 Mb / 200 kb
(conventional)"	All SNPs	12000	0.4310676221050229	0.18739011276577075	2.300375488027152	2.8	0.40000000000000036	1
"2 Mb / 200 kb
(conventional)"	p95	600	0.8183946670928983	0.00476953400813775	171.5879718430686	4.8	2.1999999999999993	1
"2 Mb / 200 kb
(conventional)"	p99	120	0.9256761752446216	0.007412569187511706	124.87926275334476	4.8	2.3999999999999986	1
"500 kb / 50 kb
(medium)"	All SNPs	12000	0.42715489890238534	0.2100263971884199	2.0338152947468506	2.95	0.75	1
"500 kb / 50 kb
(medium)"	p95	600	0.817690493862083	0.008260062882357245	98.99325289745636	3.4	1.6999999999999993	1
"500 kb / 50 kb
(medium)"	p99	120	0.9254877728350301	0.009515523537978193	97.26083584799505	3.4	1.5500000000000007	1
"100 kb / 10 kb
(fine-scale)"	All SNPs	12000	0.4321586136209158	0.2175534420320514	1.986448063447543	3.0	0.9399999999999995	1
"100 kb / 10 kb
(fine-scale)"	p95	600	0.8172414325399581	0.01498505945645492	54.537083080302736	3.07	1.5399999999999991	1
"100 kb / 10 kb
(fine-scale)"	p99	120	0.9221104368849795	0.021337510285462255	43.21546537288537	3.02	0.09999999999999964	1
"2 Mb / 200 kb
(conventional)"	All SNPs	12000	0.4259970060413905	0.18623565465688002	2.2874084279202394	2.8	0.0	1
"2 Mb / 200 kb
(conventional)"	p95	600	0.811850236865911	0.005215911984446368	155.64876080862072	4.8	1.5999999999999996	1
"2 Mb / 200 kb
(conventional)"	p99	120	0.9270357585065487	0.004447037380746831	208.46142704356205	4.8	1.8000000000000007	1
"500 kb / 50 kb
(medium)"	All SNPs	12000	0.4252003066669562	0.20857020463787126	2.038643570423722	2.9	0.5500000000000007	1
"500 kb / 50 kb
(medium)"	p95	600	0.8123040488823348	0.006269991962178569	129.5542408638259	3.4	1.0	1
"500 kb / 50 kb
(medium)"	p99	120	0.9261735317716797	0.009870200432846081	93.83533172128469	3.3	1.1999999999999993	1
"100 kb / 10 kb
(fine-scale)"	All SNPs	12000	0.4311037421137121	0.21615421147893815	1.9944267528450095	2.98	0.7400000000000002	1
"100 kb / 10 kb
(fine-scale)"	p95	600	0.8126094909453927	0.014558341794961264	55.81744833238096	3.08	0.7599999999999998	1
"100 kb / 10 kb
(fine-scale)"	p99	120	0.9265696978188611	0.021907318124606036	42.29498528978539	2.94	0.8200000000000003	1
"2 Mb / 200 kb
(conventional)"	All SNPs	12000	0.43459626005549923	0.18863475777122862	2.303903401421738	2.8	0.1999999999999993	1
"2 Mb / 200 kb
(conventional)"	p95	600	0.816247514112774	0.382188230425355	2.135721220939573	4.8	2.3999999999999986	1
"2 Mb / 200 kb
(conventional)"	p99	120	0.9203201270738053	0.006489273194548315	141.82175714947135	4.8	2.4000000000000004	1
"500 kb / 50 kb
(medium)"	All SNPs	12000	0.43254936716162484	0.21051221378401597	2.0547471302801337	2.95	0.3000000000000007	1
"500 kb / 50 kb
(medium)"	p95	600	0.8161371207206919	0.19721204158801148	4.138373672058293	3.4	1.6499999999999986	1
"500 kb / 50 kb
(medium)"	p99	120	0.920511785827513	0.009247867709829953	99.53773288182548	3.35	1.5500000000000007	1
"100 kb / 10 kb
(fine-scale)"	All SNPs	12000	0.43391031213040504	0.21745442617093907	1.9954080483480794	2.98	1.0700000000000003	1
"100 kb / 10 kb
(fine-scale)"	p95	600	0.8164897951054592	0.015048653466354147	54.256668008933225	3.06	0.5600000000000005	1
"100 kb / 10 kb
(fine-scale)"	p99	120	0.9187336764941227	0.020275358526432207	45.31282025402436	3.0	0.14000000000000057	1
"2 Mb / 200 kb
(conventional)"	All SNPs	12000	0.4361621923588206	0.18719841233474596	2.329946001779548	2.8	0.1999999999999993	1
"2 Mb / 200 kb
(conventional)"	p95	600	0.8037911886656124	0.026358407678757342	30.494679286465413	4.8	1.8000000000000007	1
"2 Mb / 200 kb
(conventional)"	p99	120	0.9046865759848481	0.07337023561496135	12.330430295093235	4.6	2.1999999999999993	1
"500 kb / 50 kb
(medium)"	All SNPs	12000	0.4254904034347749	0.208297316569858	2.0427070806362284	2.95	1.25	1
"500 kb / 50 kb
(medium)"	p95	600	0.8145426304083658	0.00881985621927943	92.353277667707	3.4	1.6999999999999993	1
"500 kb / 50 kb
(medium)"	p99	120	0.9320083851880457	0.01021170793341968	91.2686096453932	3.3	1.6000000000000014	1
"100 kb / 10 kb
(fine-scale)"	All SNPs	12000	0.4272439587768672	0.21551824966084426	1.9824026941997277	3.0	1.1600000000000001	1
"100 kb / 10 kb
(fine-scale)"	p95	600	0.8143177101006663	0.015801115685505705	51.535456502456746	3.05	1.379999999999999	1
"100 kb / 10 kb
(fine-scale)"	p99	120	0.9271839924588873	0.01959950335803047	47.30650443134794	2.95	1.5099999999999998	1
"2 Mb / 200 kb
(conventional)"	All SNPs	12000	0.4268668545967007	0.18485691938052304	2.309174338873443	2.8	0.1999999999999993	1
"2 Mb / 200 kb
(conventional)"	p95	600	0.8045972145396583	0.38871065698722945	2.0699129290043934	4.8	1.1999999999999993	1
"2 Mb / 200 kb
(conventional)"	p99	120	0.8659834749978679	0.183690923310596	4.71435092921608	4.6	1.4000000000000004	1
"500 kb / 50 kb
(medium)"	All SNPs	12000	0.4217114420855644	0.20719043036042753	2.0353808877753528	2.9	0.40000000000000036	1
"500 kb / 50 kb
(medium)"	p95	600	0.8111705797134683	0.0075853989961697284	106.93841947181308	3.4	0.6500000000000004	1
"500 kb / 50 kb
(medium)"	p99	120	0.9208690445738394	0.009912716330063303	92.89775011325868	3.25	0.5999999999999996	1
"100 kb / 10 kb
(fine-scale)"	All SNPs	12000	0.42466800148195577	0.21456564646638307	1.9791984806313827	2.96	1.4000000000000004	1
"100 kb / 10 kb
(fine-scale)"	p95	600	0.8118857278241737	0.014875291443976564	54.57948376217729	3.06	0.4299999999999997	1
"100 kb / 10 kb
(fine-scale)"	p99	120	0.9224252996418242	0.02167853075165667	42.550176034016175	2.88	0.4299999999999997	1
"2 Mb / 200 kb
(conventional)"	All SNPs	12000	0.4308041536035156	0.18662502937930772	2.3083942975726144	2.8	0.40000000000000036	1
"2 Mb / 200 kb
(conventional)"	p95	600	0.8077850475084447	0.738409366154559	1.0939528729371026	4.8	0.1999999999999993	1
"2 Mb / 200 kb
(conventional)"	p99	120	0.9269433746557021	0.006875331604797481	134.82162431393095	4.6	2.1999999999999993	1
"500 kb / 50 kb
(medium)"	All SNPs	12000	0.42507526024740144	0.2085080244121325	2.0386518046289037	2.95	1.1500000000000004	1
"500 kb / 50 kb
(medium)"	p95	600	0.8129348054260399	0.30474382413248774	2.667600591218595	3.4	1.6999999999999993	1
"500 kb / 50 kb
(medium)"	p99	120	0.9247600547379657	0.00936279971022941	98.76960774111305	3.15	1.4499999999999993	1
"100 kb / 10 kb
(fine-scale)"	All SNPs	12000	0.4282132298955876	0.21615564454564845	1.9810411650164246	2.98	1.2699999999999996	1
"100 kb / 10 kb
(fine-scale)"	p95	600	0.8138506510491973	0.015063773132643225	54.027011949986246	3.07	0.35999999999999943	1
"100 kb / 10 kb
(fine-scale)"	p99	120	0.9248017750269253	0.021773746380600863	42.473250071970604	2.81	0.3100000000000005	1
"2 Mb / 200 kb
(conventional)"	All SNPs	12000	0.4362015161186929	0.18943037405945673	2.30270102291928	2.8	0.1999999999999993	1
"2 Mb / 200 kb
(conventional)"	p95	600	0.8148521835574043	0.34682325652924073	2.3494738839369154	4.8	0.8000000000000007	1
"2 Mb / 200 kb
(conventional)"	p99	120	0.9305409668769528	0.00565561236900838	164.5340780383271	4.6	0.40000000000000036	1
"500 kb / 50 kb
(medium)"	All SNPs	12000	0.42748199654897706	0.21114796437777839	2.024561296665601	3.0	0.4499999999999993	1
"500 kb / 50 kb
(medium)"	p95	600	0.8152505190487703	0.010724765282273738	76.01569802149838	3.4	1.6000000000000014	1
"500 kb / 50 kb
(medium)"	p99	120	0.9309085322330146	0.009239642874602152	100.75157069023605	3.25	0.09999999999999964	1
"100 kb / 10 kb
(fine-scale)"	All SNPs	12000	0.4298340505388954	0.21767099459040515	1.9746960376954252	2.99	0.6300000000000008	1
"100 kb / 10 kb
(fine-scale)"	p95	600	0.8154454907551435	0.018440628779782902	44.220048052219596	3.08	1.4200000000000017	1
"100 kb / 10 kb
(fine-scale)"	p99	120	0.9340481285340543	0.019958656094613236	46.799149406965846	2.9	1.25	1
"2 Mb / 200 kb
(conventional)"	All SNPs	12000	0.43805518168164304	0.18895211500150055	2.3183396580565625	2.8	0.0	1
"2 Mb / 200 kb
(conventional)"	p95	600	0.8135545485867697	0.006251996883314713	130.1271519757117	4.8	0.1999999999999993	1
"2 Mb / 200 kb
(conventional)"	p99	120	0.9312196662452982	0.00773085252914349	120.45497734367842	4.8	2.3999999999999986	1
"500 kb / 50 kb
(medium)"	All SNPs	12000	0.433689919705097	0.2102961330762778	2.0622819514602804	2.95	0.9000000000000004	1
"500 kb / 50 kb
(medium)"	p95	600	0.814471753737359	0.009105558673276296	89.44775196800767	3.4	0.05000000000000071	1
"500 kb / 50 kb
(medium)"	p99	120	0.9313348744136676	0.009972678294722934	93.38864113429645	3.35	1.6000000000000014	1
"100 kb / 10 kb
(fine-scale)"	All SNPs	12000	0.43912788498869343	0.21742393438188093	2.0196851199344694	2.98	0.8399999999999999	1
"100 kb / 10 kb
(fine-scale)"	p95	600	0.8163265116270201	0.016822040320509178	48.52719979702861	3.07	1.5299999999999994	1
"100 kb / 10 kb
(fine-scale)"	p99	120	0.9304746435176704	0.02130720176066307	43.66949043658535	3.02	0.0600000000000005	1
"2 Mb / 200 kb
(conventional)"	All SNPs	12000	0.4331323027113478	0.18769139935019122	2.307683272706691	2.8	0.0	1
"2 Mb / 200 kb
(conventional)"	p95	600	0.8161563478425954	0.005182634264684966	157.4790552758032	4.8	0.1999999999999993	1
"2 Mb / 200 kb
(conventional)"	p99	120	0.932378004031146	0.009845389290074127	94.70199466578187	4.8	2.4000000000000004	1
"500 kb / 50 kb
(medium)"	All SNPs	12000	0.4284405274129186	0.20969662695468178	2.043144582890741	2.95	0.75	1
"500 kb / 50 kb
(medium)"	p95	600	0.8175911713252052	0.007939583104015574	102.97658713487048	3.4	1.6999999999999993	1
"500 kb / 50 kb
(medium)"	p99	120	0.9336504556441962	0.012657934686538001	73.7600942622302	3.35	1.6500000000000004	1
"100 kb / 10 kb
(fine-scale)"	All SNPs	12000	0.4306737862097474	0.2169608913542488	1.9850295761670385	2.96	0.8100000000000005	1
"100 kb / 10 kb
(fine-scale)"	p95	600	0.8190929909874411	0.016294230051102435	50.26889815711316	3.05	0.33999999999999986	1
"100 kb / 10 kb
(fine-scale)"	p99	120	0.9332431250072921	0.022508907383532742	41.46105846479435	2.98	1.1499999999999986	1
"2 Mb / 200 kb
(conventional)"	All SNPs	12000	0.4341403543470444	0.18908273455445349	2.296033825457593	2.8	0.40000000000000036	1
"2 Mb / 200 kb
(conventional)"	p95	600	0.8215758674716159	0.033353033544292365	24.632717931955863	17.2	2.4000000000000004	1
"2 Mb / 200 kb
(conventional)"	p99	120	0.9312962242071269	0.010227789831029687	91.05547137678798	4.6	2.1999999999999993	1
"500 kb / 50 kb
(medium)"	All SNPs	12000	0.4325755720248248	0.21168650183982932	2.043472627046051	2.95	0.6500000000000004	1
"500 kb / 50 kb
(medium)"	p95	600	0.8214607913504601	0.015276029694114252	53.77449558552267	15.75	1.5999999999999996	1
"500 kb / 50 kb
(medium)"	p99	120	0.930481419486494	0.013423126201346622	69.31927820161201	3.2	1.5500000000000007	1
"100 kb / 10 kb
(fine-scale)"	All SNPs	12000	0.4368327755205472	0.2190276473192184	1.994418425560186	2.99	0.8800000000000008	1
"100 kb / 10 kb
(fine-scale)"	p95	600	0.8209066523494599	0.014502772763076122	56.60342789342173	3.06	0.5299999999999994	1
"100 kb / 10 kb
(fine-scale)"	p99	120	0.9279077140414261	0.01915401984038082	48.44454176063846	2.85	1.370000000000001	1
"2 Mb / 200 kb
(conventional)"	All SNPs	12000	0.43614214538858515	0.1862139970103805	2.3421555435721215	2.8	0.40000000000000036	1
"2 Mb / 200 kb
(conventional)"	p95	600	0.8120903181269484	0.6786024942421159	1.1967098927832793	4.8	2.3999999999999986	1
"2 Mb / 200 kb
(conventional)"	p99	120	0.9295278361950058	0.003913632723272737	237.5102371429727	4.8	2.3999999999999986	1
"500 kb / 50 kb
(medium)"	All SNPs	12000	0.4308293210447658	0.2077124504173373	2.0741622381284346	3.0	0.1999999999999993	1
"500 kb / 50 kb
(medium)"	p95	600	0.812247003829306	0.009729343429381929	83.484256643298	3.4	1.6499999999999986	1
"500 kb / 50 kb
(medium)"	p99	120	0.9283652976842819	0.007878510202610895	117.83513301494827	3.4	1.6499999999999986	1
"100 kb / 10 kb
(fine-scale)"	All SNPs	12000	0.43069815216848073	0.21459488648864317	2.007028961481215	2.98	0.25	1
"100 kb / 10 kb
(fine-scale)"	p95	600	0.8115872992637954	0.018163652453640388	44.68194386207471	3.08	0.2599999999999998	1
"100 kb / 10 kb
(fine-scale)"	p99	120	0.9276983656844637	0.019623221924456122	47.275537587855915	3.01	0.8499999999999996	1
"2 Mb / 200 kb
(conventional)"	All SNPs	12000	0.4277023993772222	0.1864029200034874	2.29450482518847	2.8	0.0	1
"2 Mb / 200 kb
(conventional)"	p95	600	0.810219382001697	0.015803253702954042	51.26914983654573	13.6	1.0	1
"2 Mb / 200 kb
(conventional)"	p99	120	0.9323370384851589	0.008672070869288891	107.5103112668186	4.8	2.4000000000000004	1
"500 kb / 50 kb
(medium)"	All SNPs	12000	0.42568327839795594	0.2099376484993124	2.027665268430165	2.9	0.5	1
"500 kb / 50 kb
(medium)"	p95	600	0.8174629417029583	0.009082758009984015	90.00162074167127	12.15	0.40000000000000036	1
"500 kb / 50 kb
(medium)"	p99	120	0.9304050408369591	0.011299602745916001	82.33962394591562	3.35	1.6500000000000004	1
"100 kb / 10 kb
(fine-scale)"	All SNPs	12000	0.432710067498082	0.2177137992079368	1.9875178747158966	2.99	0.35999999999999943	1
"100 kb / 10 kb
(fine-scale)"	p95	600	0.817656040067948	0.01858854592449488	43.98708986648006	3.05	0.34999999999999964	1
"100 kb / 10 kb
(fine-scale)"	p99	120	0.9306951358071809	0.018458211570732935	50.421739519059216	3.0	1.0099999999999998	1
"2 Mb / 200 kb
(conventional)"	All SNPs	12000	0.42898628836814373	0.18683919833972856	2.296018673705293	2.8	0.1999999999999993	1
"2 Mb / 200 kb
(conventional)"	p95	600	0.8101963336843302	0.3417984318647523	2.370392190695949	4.8	2.3999999999999986	1
"2 Mb / 200 kb
(conventional)"	p99	120	0.9276933733360984	0.008822713676189614	105.14830327541061	4.8	2.4000000000000004	1
"500 kb / 50 kb
(medium)"	All SNPs	12000	0.4256183243930941	0.20978172303957254	2.0288627542295803	2.95	0.25	1
"500 kb / 50 kb
(medium)"	p95	600	0.8159091802561953	0.0058845607263532974	138.65252109681597	3.4	1.6999999999999993	1
"500 kb / 50 kb
(medium)"	p99	120	0.9274946429165876	0.010434854010672292	88.8842950718801	3.35	1.5999999999999996	1
"100 kb / 10 kb
(fine-scale)"	All SNPs	12000	0.43012599970891424	0.21767312529167415	1.9760179357583114	2.98	1.2100000000000009	1
"100 kb / 10 kb
(fine-scale)"	p95	600	0.8158254441138034	0.013801636020071626	59.11077809379656	3.06	1.5100000000000016	1
"100 kb / 10 kb
(fine-scale)"	p99	120	0.9285022376118375	0.01853714700986356	50.088734642811225	2.99	1.4299999999999997	1
"2 Mb / 200 kb
(conventional)"	All SNPs	12000	0.42219813901681086	0.18721693991250404	2.255127870448718	2.8	0.1999999999999993	1
"2 Mb / 200 kb
(conventional)"	p95	600	0.8163401787839619	0.20670102022360248	3.949376630559789	10.0	2.0	1
"2 Mb / 200 kb
(conventional)"	p99	120	0.931644733101034	0.015519486238341755	60.03064268966287	4.8	2.3999999999999986	1
"500 kb / 50 kb
(medium)"	All SNPs	12000	0.4185856734833555	0.2110102880981187	1.983721633936234	2.9	0.5	1
"500 kb / 50 kb
(medium)"	p95	600	0.8167094836701817	0.007601381994347108	107.4422367245247	3.4	1.6999999999999993	1
"500 kb / 50 kb
(medium)"	p99	120	0.9285140485896636	0.015806876525547565	58.74114643009771	3.35	1.6499999999999986	1
"100 kb / 10 kb
(fine-scale)"	All SNPs	12000	0.4242434972515994	0.2182799478448109	1.9435752181561867	2.97	1.08	1
"100 kb / 10 kb
(fine-scale)"	p95	600	0.8165294633271485	0.01819829265063819	44.868465355650486	3.06	1.5299999999999994	1
"100 kb / 10 kb
(fine-scale)"	p99	120	0.9280216062425437	0.026518421475514965	34.99535623187097	3.02	1.4400000000000013	1
"2 Mb / 200 kb
(conventional)"	All SNPs	12000	0.4330079811020204	0.1879180129421107	2.3042388237439013	2.8	0.0	1
"2 Mb / 200 kb
(conventional)"	p95	600	0.8171142606961118	0.003158861217605862	258.67368156028465	4.8	1.8000000000000007	1
"2 Mb / 200 kb
(conventional)"	p99	120	0.9217181305076381	0.006891902555575232	133.73928651414414	4.8	2.4000000000000004	1
"500 kb / 50 kb
(medium)"	All SNPs	12000	0.4267996270568897	0.20994145922278257	2.0329458918544754	2.9	0.75	1
"500 kb / 50 kb
(medium)"	p95	600	0.816843998123957	0.006680527581236965	122.27237866933713	3.4	1.6999999999999993	1
"500 kb / 50 kb
(medium)"	p99	120	0.9209591656426052	0.00858922549499737	107.22260885792325	3.35	1.6500000000000004	1
"100 kb / 10 kb
(fine-scale)"	All SNPs	12000	0.43274594215781326	0.21822563221988742	1.9830206825647867	2.97	0.8200000000000003	1
"100 kb / 10 kb
(fine-scale)"	p95	600	0.8174717853679782	0.01593217440250383	51.309492647752336	3.06	0.5199999999999996	1
"100 kb / 10 kb
(fine-scale)"	p99	120	0.9202968837039064	0.02003008716288768	45.9457253590518	2.97	0.07000000000000028	1
"2 Mb / 200 kb
(conventional)"	All SNPs	12000	0.4283003822743904	0.1880563234564635	2.2775111966577675	2.8	0.40000000000000036	1
"2 Mb / 200 kb
(conventional)"	p95	600	0.8132450905594872	0.4577459815474856	1.7766296665460142	14.0	2.4000000000000004	1
"2 Mb / 200 kb
(conventional)"	p99	120	0.9147162015730054	0.008231809630938475	111.11969816881229	4.8	0.40000000000000036	1
"500 kb / 50 kb
(medium)"	All SNPs	12000	0.42490513328520896	0.20982472380503292	2.0250479809044175	2.95	0.5999999999999996	1
"500 kb / 50 kb
(medium)"	p95	600	0.8127765202931182	0.010191092550109577	79.75361977105969	3.4	1.6500000000000004	1
"500 kb / 50 kb
(medium)"	p99	120	0.9159500781569904	0.012510732424523949	73.2131458875673	3.35	0.25	1
"100 kb / 10 kb
(fine-scale)"	All SNPs	12000	0.4289164836373544	0.21661244708036018	1.9801100510084373	3.0	1.4000000000000004	1
"100 kb / 10 kb
(fine-scale)"	p95	600	0.812371640922332	0.015893139189720844	51.11461186017594	3.08	0.16000000000000014	1
"100 kb / 10 kb
(fine-scale)"	p99	120	0.9170949848289918	0.022182948920498893	41.342338573458086	3.02	0.40000000000000036	1
"2 Mb / 200 kb
(conventional)"	All SNPs	12000	0.43516299818361515	0.18836846573245522	2.3101690428465282	2.8	0.0	1
"2 Mb / 200 kb
(conventional)"	p95	600	0.8103198795880224	0.005051717905505636	160.4048156974268	4.8	2.4000000000000004	1
"2 Mb / 200 kb
(conventional)"	p99	120	0.9196510271587832	0.005420440415504842	169.6635248545814	4.8	1.8000000000000007	1
"500 kb / 50 kb
(medium)"	All SNPs	12000	0.4313673361854561	0.20998204497746784	2.054305815679355	2.95	0.5500000000000007	1
"500 kb / 50 kb
(medium)"	p95	600	0.811400586536724	0.007181749119430167	112.98091496143829	3.4	1.6999999999999993	1
"500 kb / 50 kb
(medium)"	p99	120	0.9195485357960761	0.008505946348784304	108.10655253280557	3.35	0.5500000000000007	1
"100 kb / 10 kb
(fine-scale)"	All SNPs	12000	0.4333831380627334	0.21687081213842727	1.9983470057100523	2.98	0.5199999999999996	1
"100 kb / 10 kb
(fine-scale)"	p95	600	0.8116503970271859	0.01565951421446101	51.831135111308576	3.07	1.1499999999999986	1
"100 kb / 10 kb
(fine-scale)"	p99	120	0.9202890577987572	0.019730462890127816	46.643054596515626	3.0	0.7699999999999996	1
"2 Mb / 200 kb
(conventional)"	All SNPs	12000	0.43827803755392575	0.18953971074209655	2.312328302274784	2.8	0.1999999999999993	1
"2 Mb / 200 kb
(conventional)"	p95	600	0.8200076178144111	0.0033082878655602234	247.86465118432235	4.8	1.8000000000000007	1
"2 Mb / 200 kb
(conventional)"	p99	120	0.9265663626186397	0.0075180740802446135	123.24517592256716	4.8	1.1999999999999993	1
"500 kb / 50 kb
(medium)"	All SNPs	12000	0.4306896543639142	0.21125739238689148	2.03869625340807	2.95	1.25	1
"500 kb / 50 kb
(medium)"	p95	600	0.819241598589858	0.006561675813049224	124.85249529710534	3.4	0.9499999999999993	1
"500 kb / 50 kb
(medium)"	p99	120	0.9276517676948278	0.010174671523752272	91.172650196055	3.3	0.40000000000000036	1
"100 kb / 10 kb
(fine-scale)"	All SNPs	12000	0.433086439480731	0.2182083278448991	1.9847383633706488	2.97	1.1900000000000013	1
"100 kb / 10 kb
(fine-scale)"	p95	600	0.8194248698429487	0.015993947768278675	51.23343415364536	3.07	1.0099999999999998	1
"100 kb / 10 kb
(fine-scale)"	p99	120	0.9296778879037817	0.015830965751911685	58.72527946006816	2.93	0.7899999999999991	1
"2 Mb / 200 kb
(conventional)"	All SNPs	12000	0.42993202860958357	0.18640716211527814	2.306413679232478	2.8	0.0	1
"2 Mb / 200 kb
(conventional)"	p95	600	0.8143243676567598	0.003752755513219296	216.99371696031238	4.8	0.1999999999999993	1
"2 Mb / 200 kb
(conventional)"	p99	120	0.9255039506589761	0.007836044826949677	118.10855745439186	4.8	0.8000000000000007	1
"500 kb / 50 kb
(medium)"	All SNPs	12000	0.4261293221242727	0.20899697752006632	2.038925764289385	2.9	0.0	1
"500 kb / 50 kb
(medium)"	p95	600	0.8153599024655463	0.006718396134156557	121.36228441788786	3.4	0.5500000000000007	1
"500 kb / 50 kb
(medium)"	p99	120	0.9282184330302451	0.014924422749639742	62.194595302029434	3.4	0.34999999999999964	1
"100 kb / 10 kb
(fine-scale)"	All SNPs	12000	0.4275097968989166	0.216038698033078	1.9788574953986249	2.98	0.05000000000000071	1
"100 kb / 10 kb
(fine-scale)"	p95	600	0.8158230081726707	0.01788507781962186	45.61473069340659	3.07	1.5399999999999991	1
"100 kb / 10 kb
(fine-scale)"	p99	120	0.9281197234885293	0.026083879052865598	35.582120343659746	3.07	0.40000000000000036	1
"2 Mb / 200 kb
(conventional)"	All SNPs	12000	0.4366692496660132	0.18888810839289635	2.3117879329794557	2.8	0.40000000000000036	1
"2 Mb / 200 kb
(conventional)"	p95	600	0.8146620566775298	0.5074477207557285	1.605410810525023	4.8	2.1999999999999993	1
"2 Mb / 200 kb
(conventional)"	p99	120	0.9249356676328587	0.004792986309490541	192.97690581786213	4.8	2.4000000000000004	1
"500 kb / 50 kb
(medium)"	All SNPs	12000	0.43198117115249396	0.21102009681770828	2.0471091505832497	2.95	0.3000000000000007	1
"500 kb / 50 kb
(medium)"	p95	600	0.8143865162796956	0.006437867308006944	126.49942555771875	3.4	1.4499999999999993	1
"500 kb / 50 kb
(medium)"	p99	120	0.9247625229803055	0.007610661197359402	121.50882807674601	3.4	1.5500000000000007	1
"100 kb / 10 kb
(fine-scale)"	All SNPs	12000	0.4322720404510107	0.21720895810427016	1.9901206848177067	3.0	0.27999999999999936	1
"100 kb / 10 kb
(fine-scale)"	p95	600	0.8140861980097087	0.016190805368543015	50.280772295082386	3.06	1.5300000000000011	1
"100 kb / 10 kb
(fine-scale)"	p99	120	0.9234817167994626	0.017235097876804203	53.58146054060576	3.05	0.7100000000000009	1
"2 Mb / 200 kb
(conventional)"	All SNPs	12000	0.4367652361688783	0.18848615573092617	2.3172271431562512	2.8	0.0	1
"2 Mb / 200 kb
(conventional)"	p95	600	0.8080839120941604	0.0052448465742678686	154.07198297444216	4.8	2.0	1
"2 Mb / 200 kb
(conventional)"	p99	120	0.9157850764933765	0.006743774454312153	135.79710927428758	4.8	2.4000000000000004	1
"500 kb / 50 kb
(medium)"	All SNPs	12000	0.4287823834282338	0.20939990002703937	2.047672340688157	3.0	0.5999999999999996	1
"500 kb / 50 kb
(medium)"	p95	600	0.8086196439880547	0.008079383529142805	100.0843246358236	3.4	1.6999999999999993	1
"500 kb / 50 kb
(medium)"	p99	120	0.9164195377254132	0.010344014532156049	88.59418506002426	3.4	1.6999999999999993	1
"100 kb / 10 kb
(fine-scale)"	All SNPs	12000	0.4300206883904919	0.21567147610055834	1.9938690835036141	2.99	0.8499999999999996	1
"100 kb / 10 kb
(fine-scale)"	p95	600	0.8076979945360425	0.01758041848693629	45.943047097327586	3.07	1.5299999999999994	1
"100 kb / 10 kb
(fine-scale)"	p99	120	0.9183503208139197	0.022665180422609937	40.51811208605283	3.05	0.7799999999999994	1
"2 Mb / 200 kb
(conventional)"	All SNPs	12000	0.43323781759265	0.187057130744525	2.316072185370728	2.8	0.1999999999999993	1
"2 Mb / 200 kb
(conventional)"	p95	600	0.8210735358600807	0.6386277417160698	1.285684103940986	4.8	2.3999999999999986	1
"2 Mb / 200 kb
(conventional)"	p99	120	0.9361826897693035	0.0064863210406908905	144.33184603357006	4.8	2.0	1
"500 kb / 50 kb
(medium)"	All SNPs	12000	0.4327515191976356	0.2098532311941326	2.0621627636379	2.95	0.5	1
"500 kb / 50 kb
(medium)"	p95	600	0.8215303556392318	0.3982228624786637	2.062991437823961	3.4	1.6999999999999993	1
"500 kb / 50 kb
(medium)"	p99	120	0.9357636152857473	0.009041841808714458	103.4925886873917	3.4	1.1999999999999993	1
"100 kb / 10 kb
(fine-scale)"	All SNPs	12000	0.4375617189574802	0.2170025087088471	2.016390140192149	3.0	0.2599999999999998	1
"100 kb / 10 kb
(fine-scale)"	p95	600	0.8213998887443624	0.015657986346525085	52.45884563736718	3.07	0.08999999999999986	1
"100 kb / 10 kb
(fine-scale)"	p99	120	0.9361985135942634	0.019846534378393784	47.17188884188614	3.04	1.1600000000000001	1
"2 Mb / 200 kb
(conventional)"	All SNPs	12000	0.43179183844777697	0.18744195350728998	2.3036029574402814	2.8	0.1999999999999993	1
"2 Mb / 200 kb
(conventional)"	p95	600	0.8155900353723569	0.005758775510264839	141.62559973358796	4.8	2.3999999999999986	1
"2 Mb / 200 kb
(conventional)"	p99	120	0.9282443195852246	0.008095776280006548	114.65785212934192	4.8	2.1999999999999993	1
"500 kb / 50 kb
(medium)"	All SNPs	12000	0.42750814459385345	0.20943207068413705	2.0412735413317673	2.95	0.34999999999999964	1
"500 kb / 50 kb
(medium)"	p95	600	0.8152927001440808	0.00787916366663716	103.47452275884112	3.4	1.6999999999999993	1
"500 kb / 50 kb
(medium)"	p99	120	0.9272559758311848	0.009502015248292636	97.58519130958017	3.4	1.5	1
"100 kb / 10 kb
(fine-scale)"	All SNPs	12000	0.4285075252502649	0.2159124164540132	1.9846358643368338	3.0	1.08	1
"100 kb / 10 kb
(fine-scale)"	p95	600	0.8131597347339762	0.017319948187544613	46.94931681832328	3.08	0.33000000000000007	1
"100 kb / 10 kb
(fine-scale)"	p99	120	0.9284200955090489	0.024122926108678423	38.487043044709324	3.04	0.9800000000000004	1
"2 Mb / 200 kb
(conventional)"	All SNPs	12000	0.4411546462170242	0.18776414245547782	2.349514877802772	2.8	0.40000000000000036	1
"2 Mb / 200 kb
(conventional)"	p95	600	0.8120685084795843	0.012964201335297179	62.639300908463504	4.8	2.4000000000000004	1
"2 Mb / 200 kb
(conventional)"	p99	120	0.9260515112255444	0.006320304389324545	146.5200810248495	4.8	2.3999999999999986	1
"500 kb / 50 kb
(medium)"	All SNPs	12000	0.4357745168121584	0.20937858851221805	2.081275453754094	3.0	0.15000000000000036	1
"500 kb / 50 kb
(medium)"	p95	600	0.8138624636463724	0.016645179587280966	48.89478418534257	3.4	1.6500000000000004	1
"500 kb / 50 kb
(medium)"	p99	120	0.9255265951743429	0.007739674907339015	119.58210212378921	3.35	1.6499999999999986	1
"100 kb / 10 kb
(fine-scale)"	All SNPs	12000	0.4378788807865884	0.2160348750480596	2.0268897819816214	3.0	1.370000000000001	1
"100 kb / 10 kb
(fine-scale)"	p95	600	0.8174137710989553	0.011915287318550316	68.60210326832527	3.08	0.6999999999999993	1
"100 kb / 10 kb
(fine-scale)"	p99	120	0.9239603083898512	0.015512282491683318	59.563143520962754	2.98	0.23000000000000043	1
"2 Mb / 200 kb
(conventional)"	All SNPs	12000	0.43168670070337173	0.18796285387395933	2.296659642084623	2.8	0.1999999999999993	1
"2 Mb / 200 kb
(conventional)"	p95	600	0.8158246319780352	0.004344757989923094	187.77216909899187	4.8	2.3999999999999986	1
"2 Mb / 200 kb
(conventional)"	p99	120	0.9248222595551069	0.00771610414610761	119.85611417928224	4.8	2.1999999999999993	1
"500 kb / 50 kb
(medium)"	All SNPs	12000	0.43172870651090867	0.2107445862867845	2.0485874115096157	2.95	0.0	1
"500 kb / 50 kb
(medium)"	p95	600	0.815467407641046	0.005773982313311714	141.23136570075985	3.4	1.6499999999999986	1
"500 kb / 50 kb
(medium)"	p99	120	0.9276210557104665	0.012173110699075248	76.20246612732561	3.4	1.5500000000000007	1
"100 kb / 10 kb
(fine-scale)"	All SNPs	12000	0.4331302458615239	0.21735693885067978	1.9927141417789123	2.99	0.9700000000000006	1
"100 kb / 10 kb
(fine-scale)"	p95	600	0.8163185818207714	0.013715047849251382	59.51992226300028	3.03	0.9199999999999999	1
"100 kb / 10 kb
(fine-scale)"	p99	120	0.9289596831012954	0.021797131165387566	42.61843799776841	3.0	0.3200000000000003	1
"2 Mb / 200 kb
(conventional)"	All SNPs	12000	0.42125754840538243	0.185515401509151	2.2707416472082125	2.8	0.1999999999999993	1
"2 Mb / 200 kb
(conventional)"	p95	600	0.8130737443523437	0.32126133682560903	2.530879539960659	4.8	2.4000000000000004	1
"2 Mb / 200 kb
(conventional)"	p99	120	0.923787191850677	0.005219668438858555	176.98196785324782	4.8	2.3999999999999986	1
"500 kb / 50 kb
(medium)"	All SNPs	12000	0.4191630860701688	0.2097572952581411	1.9983242325580102	2.95	0.1999999999999993	1
"500 kb / 50 kb
(medium)"	p95	600	0.8137956290324712	0.008807673572117562	92.39620682681777	3.4	1.6999999999999993	1
"500 kb / 50 kb
(medium)"	p99	120	0.9248834402164021	0.007732072960414459	119.61649158660111	3.35	1.6000000000000014	1
"100 kb / 10 kb
(fine-scale)"	All SNPs	12000	0.42511009046634896	0.21714143210519785	1.9577566857917617	3.0	0.15000000000000036	1
"100 kb / 10 kb
(fine-scale)"	p95	600	0.8148474157059984	0.017622304136304175	46.239550140739524	3.07	1.5399999999999991	1
"100 kb / 10 kb
(fine-scale)"	p99	120	0.9249218855098067	0.016426614525053902	56.306300004734034	2.99	0.35999999999999943	1
"2 Mb / 200 kb
(conventional)"	All SNPs	12000	0.4276220870079144	0.1866204279192805	2.291400206160041	2.8	0.40000000000000036	1
"2 Mb / 200 kb
(conventional)"	p95	600	0.813080225832102	0.016808688618127603	48.37261515780728	4.8	2.0	1
"2 Mb / 200 kb
(conventional)"	p99	120	0.9345302949869755	0.009585873010938193	97.49036878754883	4.6	2.1999999999999993	1
"500 kb / 50 kb
(medium)"	All SNPs	12000	0.4274424312961009	0.20989238788837933	2.0364837219509577	2.95	0.3000000000000007	1
"500 kb / 50 kb
(medium)"	p95	600	0.8179885643125224	0.007568048719317128	108.08447390469894	3.4	1.6999999999999993	1
"500 kb / 50 kb
(medium)"	p99	120	0.9342533885244387	0.013054466916041072	71.56580154004195	3.3	1.5	1
"100 kb / 10 kb
(fine-scale)"	All SNPs	12000	0.43075522393011323	0.21725347334020143	1.9827311264919814	2.97	0.3200000000000003	1
"100 kb / 10 kb
(fine-scale)"	p95	600	0.816899078881499	0.01407180029380706	58.052208091740255	3.08	1.5	1
"100 kb / 10 kb
(fine-scale)"	p99	120	0.9334038682794144	0.02167070715925015	43.07214625808787	2.93	1.5100000000000016	1
"2 Mb / 200 kb
(conventional)"	All SNPs	12000	0.4317574740835646	0.18724295667416388	2.3058676371731277	2.8	0.0	1
"2 Mb / 200 kb
(conventional)"	p95	600	0.8063207520100434	0.022285826130676503	36.180877804666196	4.8	1.5999999999999996	1
"2 Mb / 200 kb
(conventional)"	p99	120	0.9274756722578766	0.004803179084461302	193.09620897924466	4.6	2.1999999999999993	1
"500 kb / 50 kb
(medium)"	All SNPs	12000	0.4274130442690096	0.20931299011379842	2.0419805002863676	2.9	1.0500000000000007	1
"500 kb / 50 kb
(medium)"	p95	600	0.8070985016621056	0.02928617350040612	27.559028892965934	3.4	1.0500000000000007	1
"500 kb / 50 kb
(medium)"	p99	120	0.9271839182098462	0.00789470559050003	117.44376121201512	3.25	1.0500000000000007	1
"100 kb / 10 kb
(fine-scale)"	All SNPs	12000	0.4314506866395988	0.21682257077067277	1.9898790292267692	2.96	0.9299999999999997	1
"100 kb / 10 kb
(fine-scale)"	p95	600	0.8147038719615146	0.017862079559081607	45.610807479988814	3.08	0.8699999999999992	1
"100 kb / 10 kb
(fine-scale)"	p99	120	0.9270330110482576	0.020192638903837233	45.909453215255205	2.87	0.9000000000000004	1
"2 Mb / 200 kb
(conventional)"	All SNPs	12000	0.4307167537162069	0.1855383717021151	2.3214429972886133	2.8	0.40000000000000036	1
"2 Mb / 200 kb
(conventional)"	p95	600	0.8075930199995399	0.5539130937371545	1.4579778473024558	4.8	2.3999999999999986	1
"2 Mb / 200 kb
(conventional)"	p99	120	0.926777511339479	0.006608633787184121	140.2373835779408	4.8	2.4000000000000004	1
"500 kb / 50 kb
(medium)"	All SNPs	12000	0.42641451754776644	0.2077396590208994	2.052638959539582	2.95	0.5500000000000007	1
"500 kb / 50 kb
(medium)"	p95	600	0.8110894367035236	0.5197162676472727	1.5606389239561065	3.4	1.6999999999999993	1
"500 kb / 50 kb
(medium)"	p99	120	0.9261483624536327	0.009194280378219193	100.73092448296808	3.35	1.6500000000000004	1
"100 kb / 10 kb
(fine-scale)"	All SNPs	12000	0.4314741945253938	0.21517887138481534	2.0051884822546846	2.98	1.1499999999999986	1
"100 kb / 10 kb
(fine-scale)"	p95	600	0.813649812935262	0.259963248642894	3.1298647681271112	3.08	1.5300000000000011	1
"100 kb / 10 kb
(fine-scale)"	p99	120	0.9242320639830839	0.020766072694613467	44.506829845723374	2.99	0.7300000000000004	1
"2 Mb / 200 kb
(conventional)"	All SNPs	12000	0.4304710296855109	0.18610689550790543	2.3130310594387695	2.8	0.40000000000000036	1
"2 Mb / 200 kb
(conventional)"	p95	600	0.8067021178036446	0.3245409254697764	2.4856714654274645	4.8	0.0	1
"2 Mb / 200 kb
(conventional)"	p99	120	0.9218395451853988	0.010307386244724449	89.43485024219568	4.6	0.0	1
"500 kb / 50 kb
(medium)"	All SNPs	12000	0.42269548176088145	0.2063860312993779	2.0480818352853105	2.9	0.3000000000000007	1
"500 kb / 50 kb
(medium)"	p95	600	0.8075905381046133	0.19960549592905574	4.045933376461984	3.4	0.05000000000000071	1
"500 kb / 50 kb
(medium)"	p99	120	0.9237572398301003	0.012424421387164215	74.35012151024131	3.25	0.05000000000000071	1
"100 kb / 10 kb
(fine-scale)"	All SNPs	12000	0.428526624303749	0.21406001718947978	2.0018994202192815	2.97	0.2599999999999998	1
"100 kb / 10 kb
(fine-scale)"	p95	600	0.8072292411796357	0.11606980129103878	6.954687887812884	7.12	0.25	1
"100 kb / 10 kb
(fine-scale)"	p99	120	0.924676437505058	0.025151198872453328	36.76470621516986	2.89	0.1999999999999993	1
"2 Mb / 200 kb
(conventional)"	All SNPs	12000	0.42441780415380165	0.1852594521597157	2.290937381094612	2.8	0.40000000000000036	1
"2 Mb / 200 kb
(conventional)"	p95	600	0.8095333592214118	0.6298063919730414	1.2853685982533876	4.8	1.8000000000000007	1
"2 Mb / 200 kb
(conventional)"	p99	120	0.9295614109469633	0.004627933574041011	200.85884900359332	4.8	2.3999999999999986	1
"500 kb / 50 kb
(medium)"	All SNPs	12000	0.423684487891912	0.20912039670974622	2.0260313893721964	2.95	1.1999999999999993	1
"500 kb / 50 kb
(medium)"	p95	600	0.8139592592265987	0.35262167345067963	2.308307516271955	3.4	1.0500000000000007	1
"500 kb / 50 kb
(medium)"	p99	120	0.9288591210713697	0.007322270599645356	126.85397356338589	3.35	1.6499999999999986	1
"100 kb / 10 kb
(fine-scale)"	All SNPs	12000	0.42754756343156647	0.21696235865569546	1.9706070955379658	2.98	0.9800000000000004	1
"100 kb / 10 kb
(fine-scale)"	p95	600	0.8144094802615496	0.014926038131203134	54.56300413429957	3.07	0.9499999999999993	1
"100 kb / 10 kb
(fine-scale)"	p99	120	0.9297662592531815	0.017738294566941617	52.41576385736439	3.01	0.5099999999999998	1
"2 Mb / 200 kb
(conventional)"	All SNPs	12000	0.43242563232006753	0.1885712082274449	2.293168911547186	2.8	0.1999999999999993	1
"2 Mb / 200 kb
(conventional)"	p95	600	0.8190258036761773	0.006312411400736796	129.74848305682028	4.8	2.3999999999999986	1
"2 Mb / 200 kb
(conventional)"	p99	120	0.9275906424682999	0.011447798147951039	81.02786496408682	4.8	2.3999999999999986	1
"500 kb / 50 kb
(medium)"	All SNPs	12000	0.4264168228678587	0.21068606892504313	2.0239440844072476	2.95	0.6500000000000004	1
"500 kb / 50 kb
(medium)"	p95	600	0.8181684538339308	0.009033835902431075	90.5671148635493	3.4	1.6499999999999986	1
"500 kb / 50 kb
(medium)"	p99	120	0.9275901950761889	0.012563764804879326	73.83059214193068	3.35	1.6499999999999986	1
"100 kb / 10 kb
(fine-scale)"	All SNPs	12000	0.43104554564241687	0.21791026700986676	1.9780873639281051	2.97	1.4100000000000001	1
"100 kb / 10 kb
(fine-scale)"	p95	600	0.8167088648579954	0.01817485987700529	44.936184949150004	3.05	1.5300000000000011	1
"100 kb / 10 kb
(fine-scale)"	p99	120	0.9264022577095827	0.020574515947075014	45.02668544390641	2.99	0.7200000000000006	1
"2 Mb / 200 kb
(conventional)"	All SNPs	12000	0.4389744295986141	0.19009991438263638	2.309177418749589	2.8	0.1999999999999993	1
"2 Mb / 200 kb
(conventional)"	p95	600	0.8202820619384306	0.3667738441368478	2.236479168433759	4.8	2.4000000000000004	1
"2 Mb / 200 kb
(conventional)"	p99	120	0.9361083018640186	0.0047860003417092446	195.59302863102226	4.8	2.3999999999999986	1
"500 kb / 50 kb
(medium)"	All SNPs	12000	0.4305606818665066	0.2113252899542892	2.0374309291596817	2.95	0.6999999999999993	1
"500 kb / 50 kb
(medium)"	p95	600	0.8206533133584687	0.10184575756853868	8.057805577283839	3.4	1.6999999999999993	1
"500 kb / 50 kb
(medium)"	p99	120	0.9357462242647997	0.007548692370275487	123.96136686527204	3.4	1.6000000000000014	1
"100 kb / 10 kb
(fine-scale)"	All SNPs	12000	0.43183091248730915	0.21818399544639838	1.9792052648215335	2.99	1.0100000000000016	1
"100 kb / 10 kb
(fine-scale)"	p95	600	0.8201438891712387	0.016776199958516685	48.887345835126425	3.06	1.5299999999999994	1
"100 kb / 10 kb
(fine-scale)"	p99	120	0.934237386422566	0.018060850030428736	51.727210228121734	3.03	0.21000000000000085	1
"2 Mb / 200 kb
(conventional)"	All SNPs	12000	0.43026411676650494	0.18738650163173098	2.2961318612591377	2.8	0.1999999999999993	1
"2 Mb / 200 kb
(conventional)"	p95	600	0.8147093601113149	0.006630871605353975	122.86610397545518	4.8	2.1999999999999993	1
"2 Mb / 200 kb
(conventional)"	p99	120	0.9193042225643291	0.012705302068520977	72.3559516811508	4.8	2.3999999999999986	1
"500 kb / 50 kb
(medium)"	All SNPs	12000	0.4247926219589325	0.2097771635462498	2.0249707583889514	2.95	0.3000000000000007	1
"500 kb / 50 kb
(medium)"	p95	600	0.8136929835570218	0.008158197988840621	99.7393032959056	3.4	1.4499999999999993	1
"500 kb / 50 kb
(medium)"	p99	120	0.9182865965008863	0.012824111130026964	71.60625693197306	3.3	1.6499999999999986	1
"100 kb / 10 kb
(fine-scale)"	All SNPs	12000	0.4298740664986386	0.21721817688903908	1.9789967518152491	2.99	0.4900000000000002	1
"100 kb / 10 kb
(fine-scale)"	p95	600	0.813272500255082	0.015459198332555091	52.60767620416864	3.08	1.25	1
"100 kb / 10 kb
(fine-scale)"	p99	120	0.9175517030614754	0.02347867207880932	39.080221401857386	2.95	0.9700000000000006	1
"2 Mb / 200 kb
(conventional)"	All SNPs	12000	0.43687772339499603	0.19055557829935274	2.292652502193792	2.8	0.1999999999999993	1
"2 Mb / 200 kb
(conventional)"	p95	600	0.8183678733843186	0.016112966070811877	50.78939965415591	4.8	1.8000000000000007	1
"2 Mb / 200 kb
(conventional)"	p99	120	0.9350637165524396	0.0063258982871440645	147.81516776087625	4.8	2.4000000000000004	1
"500 kb / 50 kb
(medium)"	All SNPs	12000	0.4278482321860291	0.21241975823803552	2.0141640106123577	2.9	0.75	1
"500 kb / 50 kb
(medium)"	p95	600	0.8231664771706111	0.005079429998841216	162.05882891552835	3.4	1.6999999999999993	1
"500 kb / 50 kb
(medium)"	p99	120	0.9340766846350075	0.009494681998504983	98.3789330471611	3.4	1.6999999999999993	1
"100 kb / 10 kb
(fine-scale)"	All SNPs	12000	0.434645225127473	0.22008330701197643	1.974912277666841	3.0	0.5099999999999998	1
"100 kb / 10 kb
(fine-scale)"	p95	600	0.8237060052399651	0.01292480048172003	63.73065537104109	3.08	1.5399999999999991	1
"100 kb / 10 kb
(fine-scale)"	p99	120	0.9331486070805265	0.01804395744691835	51.71529637141186	3.03	1.1999999999999993	1
"2 Mb / 200 kb
(conventional)"	All SNPs	12000	0.4351458889619599	0.18862168594546347	2.3069769882545446	2.8	0.40000000000000036	1
"2 Mb / 200 kb
(conventional)"	p95	600	0.8218611846073877	0.2841941637665266	2.8919002899812165	4.8	2.3999999999999986	1
"2 Mb / 200 kb
(conventional)"	p99	120	0.9283644176680015	0.0074069523898506314	125.33689550105545	4.8	0.8000000000000007	1
"500 kb / 50 kb
(medium)"	All SNPs	12000	0.4256550364412548	0.2116287095229366	2.011329357915504	2.95	0.34999999999999964	1
"500 kb / 50 kb
(medium)"	p95	600	0.8212944732375201	0.010577621255220155	77.64453400448647	3.4	1.6000000000000014	1
"500 kb / 50 kb
(medium)"	p99	120	0.9299534054907145	0.011728177256668663	79.29223656318302	3.4	1.6999999999999993	1
"100 kb / 10 kb
(fine-scale)"	All SNPs	12000	0.4284221497812366	0.2192510924541741	1.954025154382214	3.0	0.4900000000000002	1
"100 kb / 10 kb
(fine-scale)"	p95	600	0.820274220398305	0.016973487598394593	48.326792925921076	3.07	0.08999999999999986	1
"100 kb / 10 kb
(fine-scale)"	p99	120	0.9300837025286521	0.019723371386054307	47.1564259640865	3.01	0.2400000000000002	1
"2 Mb / 200 kb
(conventional)"	All SNPs	12000	0.42977627738303986	0.1875318287806614	2.2917511132774657	2.8	0.40000000000000036	1
"2 Mb / 200 kb
(conventional)"	p95	600	0.8086882785333976	0.6250132453586441	1.2938738251368695	4.8	0.40000000000000036	1
"2 Mb / 200 kb
(conventional)"	p99	120	0.9202622484696802	0.004608283500763348	199.69740323425015	4.6	0.8000000000000007	1
"500 kb / 50 kb
(medium)"	All SNPs	12000	0.42821668822152126	0.20928731989506663	2.046070867724917	2.95	0.6500000000000004	1
"500 kb / 50 kb
(medium)"	p95	600	0.8096401725940767	0.006108942424188069	132.53360669898356	3.4	0.34999999999999964	1
"500 kb / 50 kb
(medium)"	p99	120	0.9201414396573059	0.007280805536519377	126.37907097532285	3.3	0.75	1
"100 kb / 10 kb
(fine-scale)"	All SNPs	12000	0.4312305541638752	0.21587810479325292	1.9975650359579815	2.99	0.5700000000000003	1
"100 kb / 10 kb
(fine-scale)"	p95	600	0.8102396242311789	0.01644354704236468	49.27401746981359	3.05	0.5500000000000007	1
"100 kb / 10 kb
(fine-scale)"	p99	120	0.92034112749875	0.019519969314517074	47.14869745283303	2.93	0.9600000000000009	1
"2 Mb / 200 kb
(conventional)"	All SNPs	12000	0.42481405007455014	0.1850833204533035	2.2952584221749506	2.8	0.1999999999999993	1
"2 Mb / 200 kb
(conventional)"	p95	600	0.8060050706511265	0.3464617308157475	2.326389898109034	4.8	2.4000000000000004	1
"2 Mb / 200 kb
(conventional)"	p99	120	0.9200542723785183	0.006685031909022677	137.62900235924624	4.8	1.1999999999999993	1
"500 kb / 50 kb
(medium)"	All SNPs	12000	0.42155363757021036	0.20765223391337198	2.0300944017104743	2.9	0.40000000000000036	1
"500 kb / 50 kb
(medium)"	p95	600	0.8071700376783106	0.011357899010313852	71.0668440479474	3.4	1.5999999999999996	1
"500 kb / 50 kb
(medium)"	p99	120	0.9211955625829876	0.012264164302679787	75.11278712905872	3.4	0.40000000000000036	1
"100 kb / 10 kb
(fine-scale)"	All SNPs	12000	0.4264124281547012	0.2152788811023262	1.9807443534232192	2.99	0.5700000000000003	1
"100 kb / 10 kb
(fine-scale)"	p95	600	0.8075375552244907	0.019116637021595585	42.24265775995201	3.08	1.5299999999999994	1
"100 kb / 10 kb
(fine-scale)"	p99	120	0.9225304756190654	0.021576180083794496	42.75689542988022	3.07	0.2699999999999996	1
"2 Mb / 200 kb
(conventional)"	All SNPs	12000	0.42678520168725664	0.18516546231934877	2.304885567434786	2.8	0.1999999999999993	1
"2 Mb / 200 kb
(conventional)"	p95	600	0.8073722553230706	0.013094983636299488	61.655079360696774	4.8	2.1999999999999993	1
"2 Mb / 200 kb
(conventional)"	p99	120	0.9192969695838348	0.009427264308065888	97.51471259772488	4.8	1.5999999999999996	1
"500 kb / 50 kb
(medium)"	All SNPs	12000	0.4221515124535907	0.20911024623143817	2.018798791840949	2.9	0.6999999999999993	1
"500 kb / 50 kb
(medium)"	p95	600	0.8113709182370391	0.009862745539780478	82.2662325581096	3.4	1.6999999999999993	1
"500 kb / 50 kb
(medium)"	p99	120	0.919034415369878	0.011408842738331851	80.5545695079197	3.35	0.8000000000000007	1
"100 kb / 10 kb
(fine-scale)"	All SNPs	12000	0.42735919425260954	0.2164526076962609	1.9743776653978002	2.99	0.8800000000000008	1
"100 kb / 10 kb
(fine-scale)"	p95	600	0.8106009974885116	0.01607244313167927	50.43421157862382	3.07	1.0899999999999999	1
"100 kb / 10 kb
(fine-scale)"	p99	120	0.920340125940813	0.019519275235962655	47.15032268437725	3.01	1.0	1
"2 Mb / 200 kb
(conventional)"	All SNPs	12000	0.43160489113436645	0.18787901709795082	2.297249037178798	2.8	0.0	1
"2 Mb / 200 kb
(conventional)"	p95	600	0.8166097619149834	0.005630953868915199	145.02156844561452	4.8	0.1999999999999993	1
"2 Mb / 200 kb
(conventional)"	p99	120	0.9256934161934549	0.002830628484496123	327.0275210129656	4.4	2.0	1
"500 kb / 50 kb
(medium)"	All SNPs	12000	0.429806254034259	0.21020216865332594	2.0447279720653744	2.95	0.6500000000000004	1
"500 kb / 50 kb
(medium)"	p95	600	0.8171371798527494	0.006980278413908957	117.06369451174261	3.4	0.5999999999999996	1
"500 kb / 50 kb
(medium)"	p99	120	0.9240815723568618	0.009038229575460808	102.24143618411554	3.15	1.4000000000000004	1
"100 kb / 10 kb
(fine-scale)"	All SNPs	12000	0.4342023133975168	0.21711936059823422	1.9998323143599386	2.99	0.7899999999999991	1
"100 kb / 10 kb
(fine-scale)"	p95	600	0.8171273167365882	0.017978361286028376	45.450600515610226	3.07	1.2300000000000004	1
"100 kb / 10 kb
(fine-scale)"	p99	120	0.9246209076377417	0.018975309680968642	48.72757932193822	2.73	0.3000000000000007	1
"2 Mb / 200 kb
(conventional)"	All SNPs	12000	0.42951816705373086	0.1865892057531352	2.301945417046258	2.8	0.40000000000000036	1
"2 Mb / 200 kb
(conventional)"	p95	600	0.8110743610831851	0.011465737689973807	70.73896011003526	4.8	2.3999999999999986	1
"2 Mb / 200 kb
(conventional)"	p99	120	0.9220225429234994	0.005688566544179581	162.08345912150628	4.8	0.40000000000000036	1
"500 kb / 50 kb
(medium)"	All SNPs	12000	0.42712449870930114	0.20906978753138178	2.0429757152031778	3.0	0.3000000000000007	1
"500 kb / 50 kb
(medium)"	p95	600	0.8145352518203104	0.007380175262726749	110.36800927128179	3.4	1.6999999999999993	1
"500 kb / 50 kb
(medium)"	p99	120	0.9232500210881782	0.010154699725099204	90.91849548305169	3.4	0.09999999999999964	1
"100 kb / 10 kb
(fine-scale)"	All SNPs	12000	0.42860688230861094	0.2155385517667139	1.9885393067524622	2.99	0.25	1
"100 kb / 10 kb
(fine-scale)"	p95	600	0.8137244973772008	0.014797054720049309	54.99232872840854	3.08	1.5300000000000011	1
"100 kb / 10 kb
(fine-scale)"	p99	120	0.9232207047181283	0.01804081152692901	51.174011952847174	3.05	0.16000000000000014	1
"2 Mb / 200 kb
(conventional)"	All SNPs	12000	0.4403217310153095	0.18790653452781073	2.3433018554772005	2.8	0.40000000000000036	1
"2 Mb / 200 kb
(conventional)"	p95	600	0.8145181802711344	0.004384413294954808	185.7758667980524	4.8	2.1999999999999993	1
"2 Mb / 200 kb
(conventional)"	p99	120	0.922408467951303	0.0059778884418661095	154.3033927316576	4.6	2.1999999999999993	1
"500 kb / 50 kb
(medium)"	All SNPs	12000	0.4352426748652794	0.20884947083863317	2.0840018081806306	3.0	0.1999999999999993	1
"500 kb / 50 kb
(medium)"	p95	600	0.8144730735300463	0.005800093981189032	140.42411660424122	3.4	1.3999999999999986	1
"500 kb / 50 kb
(medium)"	p99	120	0.923552603826028	0.009139874917356816	101.04652549152308	3.3	1.5	1
"100 kb / 10 kb
(fine-scale)"	All SNPs	12000	0.43550746742964863	0.21551481230514902	2.02077742486215	2.99	1.2800000000000011	1
"100 kb / 10 kb
(fine-scale)"	p95	600	0.813829587645778	0.013769549906109383	59.10357224419453	3.08	1.3099999999999987	1
"100 kb / 10 kb
(fine-scale)"	p99	120	0.9242787389572873	0.02159136284318839	42.80779984431957	2.96	0.6999999999999993	1
"2 Mb / 200 kb
(conventional)"	All SNPs	12000	0.43345508458613824	0.18726245746800163	2.314692920550851	2.8	0.0	1
"2 Mb / 200 kb
(conventional)"	p95	600	0.803776918073263	0.014515371325151991	55.37418920041625	4.8	1.5999999999999996	1
"2 Mb / 200 kb
(conventional)"	p99	120	0.9241963555084601	0.014356618728325152	64.37423553535277	4.8	2.4000000000000004	1
"500 kb / 50 kb
(medium)"	All SNPs	12000	0.4280028142089234	0.20848245521468728	2.0529440415894107	2.95	0.6999999999999993	1
"500 kb / 50 kb
(medium)"	p95	600	0.8101335113485354	0.005947024892990649	136.22500761740284	3.4	0.8000000000000007	1
"500 kb / 50 kb
(medium)"	p99	120	0.9230040561119122	0.013178849542470592	70.03677013971584	3.35	1.6500000000000004	1
"100 kb / 10 kb
(fine-scale)"	All SNPs	12000	0.43077447575801164	0.21532904107299664	2.000540538384597	2.98	0.7400000000000002	1
"100 kb / 10 kb
(fine-scale)"	p95	600	0.8094001242216188	0.014937561317573154	54.185559946080865	3.08	0.7100000000000009	1
"100 kb / 10 kb
(fine-scale)"	p99	120	0.9221700388434684	0.020498286067057208	44.987665594417074	2.99	1.4800000000000004	1
"2 Mb / 200 kb
(conventional)"	All SNPs	12000	0.43422677062032483	0.18898059980476847	2.2977319950773496	2.8	0.1999999999999993	1
"2 Mb / 200 kb
(conventional)"	p95	600	0.8198951119655026	0.005893293387726707	139.12341674232698	16.4	2.3999999999999986	1
"2 Mb / 200 kb
(conventional)"	p99	120	0.9303322220799967	0.007602715685685591	122.36840893993025	4.8	2.4000000000000004	1
"500 kb / 50 kb
(medium)"	All SNPs	12000	0.4309513819504397	0.21148766841503933	2.0377139961877506	3.0	0.5	1
"500 kb / 50 kb
(medium)"	p95	600	0.8197204325069394	0.0057883041948368075	141.61668165922129	16.15	1.6499999999999986	1
"500 kb / 50 kb
(medium)"	p99	120	0.9295151142181086	0.009384149667983193	99.05160798846003	3.4	1.6500000000000004	1
"100 kb / 10 kb
(fine-scale)"	All SNPs	12000	0.4341631475790794	0.21904565556342417	1.9820669187084994	2.98	0.3100000000000005	1
"100 kb / 10 kb
(fine-scale)"	p95	600	0.8193654658004466	0.01367028917266623	59.93768350114856	3.07	1.4299999999999997	1
"100 kb / 10 kb
(fine-scale)"	p99	120	0.927816233153018	0.018308699585888502	50.67624976861468	3.01	0.14000000000000057	1
"2 Mb / 200 kb
(conventional)"	All SNPs	12000	0.4302825387617457	0.1879742089918262	2.2890509345378116	2.8	0.40000000000000036	1
"2 Mb / 200 kb
(conventional)"	p95	600	0.8179341042855245	0.0043494251038889015	188.05568201512298	4.8	2.1999999999999993	1
"2 Mb / 200 kb
(conventional)"	p99	120	0.9295884101138168	0.0038665535912530153	240.41782641180708	4.8	2.1999999999999993	1
"500 kb / 50 kb
(medium)"	All SNPs	12000	0.4280312739916209	0.2112414208823626	2.0262658346252342	3.0	1.25	1
"500 kb / 50 kb
(medium)"	p95	600	0.817769358187121	0.006383012017368288	128.1165311865239	3.4	1.0500000000000007	1
"500 kb / 50 kb
(medium)"	p99	120	0.9298600801115943	0.006394606723554686	145.41317712103114	3.3	1.5	1
"100 kb / 10 kb
(fine-scale)"	All SNPs	12000	0.43091661841888274	0.21853007565770746	1.9718870142791922	2.99	1.2699999999999996	1
"100 kb / 10 kb
(fine-scale)"	p95	600	0.8186914316885131	0.013910508984861304	58.85416792293427	3.08	0.009999999999999787	1
"100 kb / 10 kb
(fine-scale)"	p99	120	0.929900419908358	0.017286514597984883	53.79340147705415	2.95	1.3299999999999983	1
"2 Mb / 200 kb
(conventional)"	All SNPs	12000	0.42938265227138783	0.1855489115424455	2.3141211053300297	2.8	0.40000000000000036	1
"2 Mb / 200 kb
(conventional)"	p95	600	0.8119908665653912	0.010435239096423339	77.81238734086119	14.6	2.3999999999999986	1
"2 Mb / 200 kb
(conventional)"	p99	120	0.9162794832160667	0.009991535848267105	91.70556930694322	4.8	2.3999999999999986	1
"500 kb / 50 kb
(medium)"	All SNPs	12000	0.4251881010962575	0.20787789120814018	2.0453743234798014	2.95	0.3000000000000007	1
"500 kb / 50 kb
(medium)"	p95	600	0.8121077304360688	0.011133801583638114	72.94074035139236	3.4	1.6999999999999993	1
"500 kb / 50 kb
(medium)"	p99	120	0.9157426605026269	0.012168261921271076	75.25665262857605	3.4	1.6499999999999986	1
"100 kb / 10 kb
(fine-scale)"	All SNPs	12000	0.42756313161987214	0.21465517647463062	1.991860334523097	3.0	0.9800000000000004	1
"100 kb / 10 kb
(fine-scale)"	p95	600	0.8114324872997208	0.017590796062469258	46.12824140636523	3.07	1.5300000000000011	1
"100 kb / 10 kb
(fine-scale)"	p99	120	0.9172203473162005	0.02133527035687096	42.99080030269279	3.04	1.0500000000000007	1
"2 Mb / 200 kb
(conventional)"	All SNPs	12000	0.4425348503531657	0.19089635176380532	2.318194382785853	2.8	0.40000000000000036	1
"2 Mb / 200 kb
(conventional)"	p95	600	0.8252884006399946	0.0028895246680602704	285.6138969022917	4.8	2.3999999999999986	1
"2 Mb / 200 kb
(conventional)"	p99	120	0.9344830570952892	0.004325788011683598	216.02608693984246	4.8	2.4000000000000004	1
"500 kb / 50 kb
(medium)"	All SNPs	12000	0.4371296167111387	0.21305340941970805	2.0517372517142314	3.0	0.6999999999999993	1
"500 kb / 50 kb
(medium)"	p95	600	0.8248618577863446	0.00612453299334806	134.68159265077654	3.4	0.3000000000000007	1
"500 kb / 50 kb
(medium)"	p99	120	0.9343502272913428	0.007198243796169962	129.80252597008334	3.4	1.6999999999999993	1
"100 kb / 10 kb
(fine-scale)"	All SNPs	12000	0.4374019596524141	0.2193257080553601	1.9943031919541745	3.0	0.46000000000000085	1
"100 kb / 10 kb
(fine-scale)"	p95	600	0.8237861593049791	0.015379566444355914	53.56367894280252	3.08	0.3800000000000008	1
"100 kb / 10 kb
(fine-scale)"	p99	120	0.9359646893201031	0.021530450286427576	43.47167276432296	3.0	0.15000000000000036	1
"2 Mb / 200 kb
(conventional)"	All SNPs	12000	0.43304653418082945	0.1874060903532129	2.3107388525348704	2.8	0.40000000000000036	1
"2 Mb / 200 kb
(conventional)"	p95	600	0.8154967016804231	0.32354577318813454	2.520498702995666	4.8	2.4000000000000004	1
"2 Mb / 200 kb
(conventional)"	p99	120	0.9297146844359737	0.009699590872179795	95.85091749617666	4.6	2.4000000000000004	1
"500 kb / 50 kb
(medium)"	All SNPs	12000	0.4280087176115835	0.20939579637736883	2.0440177167655977	2.95	0.75	1
"500 kb / 50 kb
(medium)"	p95	600	0.8159706674474638	0.012930011750932053	63.10672280623759	3.4	1.6999999999999993	1
"500 kb / 50 kb
(medium)"	p99	120	0.9295566804111892	0.014123735436291106	65.81521472164384	3.3	1.6999999999999993	1
"100 kb / 10 kb
(fine-scale)"	All SNPs	12000	0.433490904666405	0.21701891256466238	1.9974798488460916	2.98	0.9000000000000004	1
"100 kb / 10 kb
(fine-scale)"	p95	600	0.8161159982104399	0.018401528813782684	44.3504453607774	3.08	1.5299999999999994	1
"100 kb / 10 kb
(fine-scale)"	p99	120	0.9307838665304371	0.02494621480781918	37.31162718276164	2.95	1.5199999999999996	1
"2 Mb / 200 kb
(conventional)"	All SNPs	12000	0.43224603241863635	0.18667042229257988	2.315557157422352	2.8	0.1999999999999993	1
"2 Mb / 200 kb
(conventional)"	p95	600	0.8098309163381365	0.005151214870464208	157.2116358378888	4.8	0.0	1
"2 Mb / 200 kb
(conventional)"	p99	120	0.9206159775550923	0.009575534506811022	96.1425157937934	4.8	2.0	1
"500 kb / 50 kb
(medium)"	All SNPs	12000	0.4262446532107231	0.20862558621105787	2.043108234957859	2.9	0.6500000000000004	1
"500 kb / 50 kb
(medium)"	p95	600	0.8109415050362115	0.007790091242313313	104.09910228412134	3.4	0.6999999999999993	1
"500 kb / 50 kb
(medium)"	p99	120	0.9217140093861541	0.009532462454349314	96.69212061418713	3.3	0.09999999999999964	1
"100 kb / 10 kb
(fine-scale)"	All SNPs	12000	0.43262004429936984	0.21640779488229586	1.9990964028568	3.0	0.46000000000000085	1
"100 kb / 10 kb
(fine-scale)"	p95	600	0.8107495157623111	0.016925626443095938	47.90070952399051	3.06	0.47000000000000064	1
"100 kb / 10 kb
(fine-scale)"	p99	120	0.9242399833060603	0.022083231371947024	41.852569840849895	2.97	0.08000000000000007	1
"2 Mb / 200 kb
(conventional)"	All SNPs	12000	0.427144074478009	0.18531984960432	2.304901905489415	2.8	0.1999999999999993	1
"2 Mb / 200 kb
(conventional)"	p95	600	0.8055233442468048	0.006730976176881948	119.67407446982747	4.8	2.1999999999999993	1
"2 Mb / 200 kb
(conventional)"	p99	120	0.9176055556750622	0.0070808160927016695	129.5903669381917	4.8	1.0	1
"500 kb / 50 kb
(medium)"	All SNPs	12000	0.4232117498298061	0.20807859649581506	2.0339033276703105	2.95	0.34999999999999964	1
"500 kb / 50 kb
(medium)"	p95	600	0.8072720547208946	0.009590081614623438	84.17780861113066	3.4	0.3000000000000007	1
"500 kb / 50 kb
(medium)"	p99	120	0.9183352490578955	0.010763360405372758	85.3204960599005	3.4	0.1999999999999993	1
"100 kb / 10 kb
(fine-scale)"	All SNPs	12000	0.4234445269092649	0.2149181268617727	1.970259712814306	3.0	0.15000000000000036	1
"100 kb / 10 kb
(fine-scale)"	p95	600	0.8084300747854338	0.019564616456226896	41.32102853098007	3.08	1.2899999999999991	1
"100 kb / 10 kb
(fine-scale)"	p99	120	0.9194589342475878	0.02158968899686388	42.58787305278685	3.04	0.10999999999999943	1
"2 Mb / 200 kb
(conventional)"	All SNPs	12000	0.42503913629817547	0.18535848459630225	2.2930654467956018	2.8	0.0	1
"2 Mb / 200 kb
(conventional)"	p95	600	0.8117699452270759	0.006231234518627293	130.27433693924016	15.4	2.4000000000000004	1
"2 Mb / 200 kb
(conventional)"	p99	120	0.9283104214736393	0.01092064603999326	85.00508285627141	4.8	2.4000000000000004	1
"500 kb / 50 kb
(medium)"	All SNPs	12000	0.42052859075497434	0.2086364987033551	2.01560414102277	2.95	1.0	1
"500 kb / 50 kb
(medium)"	p95	600	0.811764239463983	0.009036939988172898	89.8273354173404	3.4	0.8000000000000007	1
"500 kb / 50 kb
(medium)"	p99	120	0.9290060326481927	0.012491274403173734	74.37239809671898	3.35	1.6999999999999993	1
"100 kb / 10 kb
(fine-scale)"	All SNPs	12000	0.425392213329495	0.21570022053776167	1.972145472401237	2.98	0.8800000000000008	1
"100 kb / 10 kb
(fine-scale)"	p95	600	0.8130935029764673	0.015750757901228433	51.622500204453814	3.06	0.39000000000000057	1
"100 kb / 10 kb
(fine-scale)"	p99	120	0.9284229507480461	0.01929324859587166	48.12164971256882	2.97	1.4800000000000004	1
"2 Mb / 200 kb
(conventional)"	All SNPs	12000	0.42901980887489494	0.1872200976583907	2.2915264666601214	2.8	0.1999999999999993	1
"2 Mb / 200 kb
(conventional)"	p95	600	0.814847383563157	0.0044436730075362385	183.3724898707034	4.8	2.3999999999999986	1
"2 Mb / 200 kb
(conventional)"	p99	120	0.9249576815304359	0.010268760934831516	90.07490654427355	4.8	1.5999999999999996	1
"500 kb / 50 kb
(medium)"	All SNPs	12000	0.42405491555459474	0.20905824533419334	2.028405599964331	2.95	0.05000000000000071	1
"500 kb / 50 kb
(medium)"	p95	600	0.8142776615002238	0.00531729855470501	153.13747255732153	3.4	1.5	1
"500 kb / 50 kb
(medium)"	p99	120	0.9246789564611322	0.01309724868313893	70.60100780185542	3.35	1.5999999999999996	1
"100 kb / 10 kb
(fine-scale)"	All SNPs	12000	0.4286499855181238	0.2166077013484172	1.9789231077644507	2.99	0.7200000000000006	1
"100 kb / 10 kb
(fine-scale)"	p95	600	0.8142258096609423	0.014245528691375214	57.15658767750091	3.06	1.0599999999999987	1
"100 kb / 10 kb
(fine-scale)"	p99	120	0.9251129177263517	0.021609090653196654	42.81128403658665	3.0	1.1700000000000017	1
"2 Mb / 200 kb
(conventional)"	All SNPs	12000	0.43625506263672725	0.18746847376509476	2.3270849432708975	2.8	0.1999999999999993	1
"2 Mb / 200 kb
(conventional)"	p95	600	0.8156424529234009	0.6693109160713955	1.2186301363660954	4.8	0.1999999999999993	1
"2 Mb / 200 kb
(conventional)"	p99	120	0.9288935442604963	0.007936268058230651	117.04412419602524	4.8	0.0	1
"500 kb / 50 kb
(medium)"	All SNPs	12000	0.43053389446784734	0.2097326171207716	2.0527751018332565	2.95	1.0	1
"500 kb / 50 kb
(medium)"	p95	600	0.8166107071684301	0.2587002165356803	3.156590736969105	3.4	0.9499999999999993	1
"500 kb / 50 kb
(medium)"	p99	120	0.9299914261219276	0.008719152220384262	106.66076272274806	3.35	0.25	1
"100 kb / 10 kb
(fine-scale)"	All SNPs	12000	0.4324799938804881	0.21671793232250403	1.9955893323903742	2.97	0.7200000000000006	1
"100 kb / 10 kb
(fine-scale)"	p95	600	0.81805125338687	0.015340343731050863	53.326787699745424	3.06	1.1400000000000006	1
"100 kb / 10 kb
(fine-scale)"	p99	120	0.9315807018737887	0.02007108716917389	46.41406287670125	2.97	0.6699999999999999	1
"2 Mb / 200 kb
(conventional)"	All SNPs	12000	0.43470767965095314	0.18938195639538663	2.2954017791609562	2.8	0.40000000000000036	1
"2 Mb / 200 kb
(conventional)"	p95	600	0.8207264666947064	0.003965531094139446	206.9650816526534	4.8	1.5999999999999996	1
"2 Mb / 200 kb
(conventional)"	p99	120	0.9364423958967962	0.010025271784915541	93.4081804451235	4.8	2.4000000000000004	1
"500 kb / 50 kb
(medium)"	All SNPs	12000	0.4306843741492443	0.2124621636502164	2.0271109300114936	2.9	1.0	1
"500 kb / 50 kb
(medium)"	p95	600	0.8201155930534317	0.008925175886819264	91.88789144924098	3.4	1.6000000000000014	1
"500 kb / 50 kb
(medium)"	p99	120	0.9341667213238217	0.009184217469961118	101.71435120947507	3.35	1.6500000000000004	1
"100 kb / 10 kb
(fine-scale)"	All SNPs	12000	0.43397804785251537	0.2201753154857555	1.9710567776186159	2.97	0.9800000000000004	1
"100 kb / 10 kb
(fine-scale)"	p95	600	0.8201889353661015	0.019194063442037074	42.73138607897893	3.07	0.6699999999999999	1
"100 kb / 10 kb
(fine-scale)"	p99	120	0.9339212066767949	0.01917440457428938	48.70666012383369	3.01	0.7899999999999991	1
"2 Mb / 200 kb
(conventional)"	All SNPs	12000	0.42858227687965644	0.1864098328327938	2.2991398595592694	2.8	0.40000000000000036	1
"2 Mb / 200 kb
(conventional)"	p95	600	0.8110075807063372	0.2571017969542687	3.154422062832151	4.8	2.0	1
"2 Mb / 200 kb
(conventional)"	p99	120	0.9204432144476161	0.00589335513932043	156.18322546123593	4.8	2.4000000000000004	1
"500 kb / 50 kb
(medium)"	All SNPs	12000	0.42084136599144245	0.20858179978449903	2.017632249919428	2.95	0.9499999999999993	1
"500 kb / 50 kb
(medium)"	p95	600	0.8113531865373699	0.006972478835084652	116.36509851485542	3.4	1.6999999999999993	1
"500 kb / 50 kb
(medium)"	p99	120	0.9202180817483049	0.009983792778997892	92.17119206280945	3.3	0.0	1
"100 kb / 10 kb
(fine-scale)"	All SNPs	12000	0.42399552584517664	0.21577312111404492	1.965006223463198	2.98	1.1300000000000008	1
"100 kb / 10 kb
(fine-scale)"	p95	600	0.8109063768961471	0.015299660348766148	53.001593395603926	3.05	1.129999999999999	1
"100 kb / 10 kb
(fine-scale)"	p99	120	0.9198287427853123	0.0220896907156969	41.6406347478502	2.97	0.17999999999999972	1
"2 Mb / 200 kb
(conventional)"	All SNPs	12000	0.4341159194364102	0.18858071985751923	2.3020164509097394	2.8	0.1999999999999993	1
"2 Mb / 200 kb
(conventional)"	p95	600	0.8110559465430712	0.015094209251173113	53.732920555612175	4.8	1.1999999999999993	1
"2 Mb / 200 kb
(conventional)"	p99	120	0.9347579176370178	0.00608874104451568	153.52236378635013	4.8	2.1999999999999993	1
"500 kb / 50 kb
(medium)"	All SNPs	12000	0.4297224595312681	0.2104490125330422	2.0419314605422447	2.95	0.6999999999999993	1
"500 kb / 50 kb
(medium)"	p95	600	0.8168102321694695	0.007022940921514626	116.30600930547332	3.4	0.40000000000000036	1
"500 kb / 50 kb
(medium)"	p99	120	0.9342734313939333	0.008768219747556273	106.55223731753733	3.35	1.0500000000000007	1
"100 kb / 10 kb
(fine-scale)"	All SNPs	12000	0.4331588095146545	0.217390545447926	1.9925374795952842	2.98	0.2400000000000002	1
"100 kb / 10 kb
(fine-scale)"	p95	600	0.8173376612489437	0.015970431273388527	51.17818343521321	3.08	0.3800000000000008	1
"100 kb / 10 kb
(fine-scale)"	p99	120	0.934543542433236	0.02277335749225225	41.03670452418701	3.02	0.6799999999999997	1
"2 Mb / 200 kb
(conventional)"	All SNPs	12000	0.43292648053539395	0.187305454459544	2.3113394203311977	2.8	0.0	1
"2 Mb / 200 kb
(conventional)"	p95	600	0.8141559021546165	0.0036148775128490252	225.22364845301456	4.8	2.0	1
"2 Mb / 200 kb
(conventional)"	p99	120	0.9250786640141183	0.01124026867129018	82.30040500517111	4.8	2.0	1
"500 kb / 50 kb
(medium)"	All SNPs	12000	0.4243564634141871	0.20883118396709038	2.032055056878197	2.9	0.40000000000000036	1
"500 kb / 50 kb
(medium)"	p95	600	0.8147852439262218	0.006860616143987127	118.76269227514307	3.4	1.6999999999999993	1
"500 kb / 50 kb
(medium)"	p99	120	0.9248486934084087	0.011905984736693584	77.6793111919652	3.4	1.0500000000000007	1
"100 kb / 10 kb
(fine-scale)"	All SNPs	12000	0.42747409051977425	0.21611117297998297	1.97802864435597	2.98	0.8900000000000006	1
"100 kb / 10 kb
(fine-scale)"	p95	600	0.8156681849323029	0.016362046058127723	49.85123388814358	3.07	1.0899999999999999	1
"100 kb / 10 kb
(fine-scale)"	p99	120	0.9260243013331332	0.01801499743514635	51.40296603798047	3.0	0.4399999999999995	1
"2 Mb / 200 kb
(conventional)"	All SNPs	12000	0.4319350797931309	0.18804749406790158	2.296946747065742	2.8	0.1999999999999993	1
"2 Mb / 200 kb
(conventional)"	p95	600	0.8143477411575758	0.002784221903642121	292.486651330594	4.8	2.0	1
"2 Mb / 200 kb
(conventional)"	p99	120	0.9303729489157793	0.005771107642574656	161.21219816664401	4.8	2.4000000000000004	1
"500 kb / 50 kb
(medium)"	All SNPs	12000	0.42590325161054554	0.21038429330015737	2.0244061233359525	2.95	0.25	1
"500 kb / 50 kb
(medium)"	p95	600	0.81385684480998	0.006732706512282717	120.88108152720335	3.4	1.6999999999999993	1
"500 kb / 50 kb
(medium)"	p99	120	0.9322051980723937	0.011531650575306834	80.83883499458095	3.4	0.25	1
"100 kb / 10 kb
(fine-scale)"	All SNPs	12000	0.4278326059212356	0.2167016047315654	1.9742936673274956	2.99	0.02999999999999936	1
"100 kb / 10 kb
(fine-scale)"	p95	600	0.8143573291074506	0.01548695639640483	52.58343268122696	3.06	1.1999999999999993	1
"100 kb / 10 kb
(fine-scale)"	p99	120	0.932271663701225	0.021836807270007082	42.6926726134412	3.02	0.3800000000000008	1
"2 Mb / 200 kb
(conventional)"	All SNPs	12000	0.4342738268814854	0.18935322681810088	2.293458813346041	2.8	0.40000000000000036	1
"2 Mb / 200 kb
(conventional)"	p95	600	0.8155453076756335	0.004332770863861309	188.22719532157075	4.8	1.3999999999999986	1
"2 Mb / 200 kb
(conventional)"	p99	120	0.925912754710919	0.004624726770224084	200.20918006925962	4.8	2.4000000000000004	1
"500 kb / 50 kb
(medium)"	All SNPs	12000	0.4260390820777032	0.21112001425666152	2.0179947579946713	2.95	0.5	1
"500 kb / 50 kb
(medium)"	p95	600	0.8154782340151748	0.006687912603807531	121.93314750418698	3.4	0.5	1
"500 kb / 50 kb
(medium)"	p99	120	0.9246552430393224	0.007015693921817497	131.7981162438996	3.35	1.6500000000000004	1
"100 kb / 10 kb
(fine-scale)"	All SNPs	12000	0.4279883467008982	0.2180287192124659	1.9629906933674623	2.99	0.5099999999999998	1
"100 kb / 10 kb
(fine-scale)"	p95	600	0.8159991564373761	0.015203374932026016	53.67223791333779	3.05	1.5399999999999991	1
"100 kb / 10 kb
(fine-scale)"	p99	120	0.9234087885184549	0.018387968511894368	50.21809711720696	2.99	1.1400000000000006	1
"2 Mb / 200 kb
(conventional)"	All SNPs	12000	0.429865568207616	0.1865270935957776	2.304574418229968	2.8	0.0	1
"2 Mb / 200 kb
(conventional)"	p95	600	0.8160122382362031	0.6439027876350992	1.2672910475092376	11.8	2.4000000000000004	1
"2 Mb / 200 kb
(conventional)"	p99	120	0.9298038717464103	0.0051557173667140304	180.3442286711337	4.8	2.1999999999999993	1
"500 kb / 50 kb
(medium)"	All SNPs	12000	0.4224037111842825	0.20846785074514929	2.0262295105669246	2.9	0.6500000000000004	1
"500 kb / 50 kb
(medium)"	p95	600	0.8154207360629012	0.4358127180183372	1.8710347411857577	10.4	1.6999999999999993	1
"500 kb / 50 kb
(medium)"	p99	120	0.9297155273480953	0.008106058150544842	114.6939128836135	3.35	1.6999999999999993	1
"100 kb / 10 kb
(fine-scale)"	All SNPs	12000	0.42700369137574473	0.21600607850113054	1.97681331163794	2.99	0.5700000000000003	1
"100 kb / 10 kb
(fine-scale)"	p95	600	0.8136135792894328	0.018874805521790477	43.10579933393946	3.05	1.33	1
"100 kb / 10 kb
(fine-scale)"	p99	120	0.9294521583171531	0.018699568754758943	49.70447022103718	2.99	0.6300000000000008	1
"2 Mb / 200 kb
(conventional)"	All SNPs	12000	0.435797068024639	0.18811387628747134	2.316666248260516	2.8	0.0	1
"2 Mb / 200 kb
(conventional)"	p95	600	0.8172453076912763	0.0034365153345745927	237.81221037165645	4.8	0.1999999999999993	1
"2 Mb / 200 kb
(conventional)"	p99	120	0.9258305614993464	0.005347552868704859	173.13163314710272	4.8	2.3999999999999986	1
"500 kb / 50 kb
(medium)"	All SNPs	12000	0.4292182525555509	0.21062910434090013	2.037791756740642	2.95	0.75	1
"500 kb / 50 kb
(medium)"	p95	600	0.8188356339254953	0.0069584436595192855	117.67511156109057	3.4	1.6999999999999993	1
"500 kb / 50 kb
(medium)"	p99	120	0.9260856957019378	0.006944647508679795	133.3524407890344	3.4	1.6499999999999986	1
"100 kb / 10 kb
(fine-scale)"	All SNPs	12000	0.43326406173616944	0.21773186993085397	1.989897307517558	2.99	0.9600000000000009	1
"100 kb / 10 kb
(fine-scale)"	p95	600	0.8196988971496133	0.015093307133331546	54.30876678706274	3.06	1.5199999999999996	1
"100 kb / 10 kb
(fine-scale)"	p99	120	0.9249424648919666	0.019722334635854117	46.89822386496131	3.03	0.5800000000000001	1
"2 Mb / 200 kb
(conventional)"	All SNPs	12000	0.43537743057607176	0.1885363612551325	2.3092491425932806	2.8	0.1999999999999993	1
"2 Mb / 200 kb
(conventional)"	p95	600	0.8089052670784248	0.014081895974319102	57.442923066156055	4.8	2.3999999999999986	1
"2 Mb / 200 kb
(conventional)"	p99	120	0.9270734441269793	0.00694344767860609	133.51774032710665	4.8	2.3999999999999986	1
"500 kb / 50 kb
(medium)"	All SNPs	12000	0.4274404610238675	0.2087546363991159	2.0475734977528757	2.9	1.0500000000000007	1
"500 kb / 50 kb
(medium)"	p95	600	0.8135880898511111	0.00885184654437818	91.91168032254491	3.4	1.6500000000000004	1
"500 kb / 50 kb
(medium)"	p99	120	0.9256391059455931	0.012884034487195623	71.84388607974539	3.35	1.6000000000000014	1
"100 kb / 10 kb
(fine-scale)"	All SNPs	12000	0.43097681199601945	0.2156067293945075	1.998902414624719	2.96	1.0600000000000005	1
"100 kb / 10 kb
(fine-scale)"	p95	600	0.812715386747856	0.018460369471916007	44.02487111562151	3.07	0.5600000000000005	1
"100 kb / 10 kb
(fine-scale)"	p99	120	0.9246165825503222	0.02338926246488897	39.53166902711532	2.99	0.3200000000000003	1
"2 Mb / 200 kb
(conventional)"	All SNPs	12000	0.43737331006835206	0.18898569688561095	2.314319640459801	2.8	0.1999999999999993	1
"2 Mb / 200 kb
(conventional)"	p95	600	0.8145453037286394	0.7205709144936286	1.1304165729490345	4.8	0.0	1
"2 Mb / 200 kb
(conventional)"	p99	120	0.9268604259664904	0.007323975343075848	126.55154919967782	4.6	2.4000000000000004	1
"500 kb / 50 kb
(medium)"	All SNPs	12000	0.4316815808241537	0.21076286483173132	2.0481861506712735	3.0	1.1999999999999993	1
"500 kb / 50 kb
(medium)"	p95	600	0.8150612151981383	0.006687818286449728	121.87251212395289	3.4	0.6500000000000004	1
"500 kb / 50 kb
(medium)"	p99	120	0.9256432800071772	0.010898340098662558	84.93433602065437	3.25	1.6000000000000014	1
"100 kb / 10 kb
(fine-scale)"	All SNPs	12000	0.4330303849332907	0.2172630314994768	1.9931158188517384	3.0	0.46000000000000085	1
"100 kb / 10 kb
(fine-scale)"	p95	600	0.8164025908853165	0.01492853492903814	54.68738859948651	3.06	0.23000000000000043	1
"100 kb / 10 kb
(fine-scale)"	p99	120	0.923241881700599	0.022503866041494125	41.02592327906077	2.87	0.9399999999999995	1
"2 Mb / 200 kb
(conventional)"	All SNPs	12000	0.4362500656431073	0.1893981771654161	2.3033488081677596	2.8	0.1999999999999993	1
"2 Mb / 200 kb
(conventional)"	p95	600	0.8192750982562251	0.02395305471194511	34.2033660469895	7.4	2.3999999999999986	1
"2 Mb / 200 kb
(conventional)"	p99	120	0.9237391643930613	0.008138252244819604	113.5058408862992	4.8	2.3999999999999986	1
"500 kb / 50 kb
(medium)"	All SNPs	12000	0.43232604942793135	0.21128469862936194	2.046177750838089	3.0	0.6500000000000004	1
"500 kb / 50 kb
(medium)"	p95	600	0.8187314471996681	0.010567147064935136	77.47894887509013	3.4	1.6999999999999993	1
"500 kb / 50 kb
(medium)"	p99	120	0.9228422825963184	0.010563319741364085	87.36290344243125	3.35	1.6499999999999986	1
"100 kb / 10 kb
(fine-scale)"	All SNPs	12000	0.43413036704070523	0.21743486777150134	1.9965995863042791	2.99	0.8100000000000005	1
"100 kb / 10 kb
(fine-scale)"	p95	600	0.8180531927198137	0.018913666312258756	43.25196285130601	3.06	1.5100000000000016	1
"100 kb / 10 kb
(fine-scale)"	p99	120	0.9213387704829161	0.021808061058325088	42.24762430822344	3.0	1.1500000000000004	1
"2 Mb / 200 kb
(conventional)"	All SNPs	12000	0.4267097314031044	0.18591777365055148	2.295152975557583	2.8	0.40000000000000036	1
"2 Mb / 200 kb
(conventional)"	p95	600	0.8125373793973633	0.005468755694029043	148.57810896261407	16.6	2.4000000000000004	1
"2 Mb / 200 kb
(conventional)"	p99	120	0.93096889564626	0.008574651524197983	108.57221346185689	4.8	2.4000000000000004	1
"500 kb / 50 kb
(medium)"	All SNPs	12000	0.424232692681143	0.20845407414692757	2.0351374489429515	2.9	0.09999999999999964	1
"500 kb / 50 kb
(medium)"	p95	600	0.8116160668919273	0.0059019970795536475	137.51549788183016	3.4	1.6500000000000004	1
"500 kb / 50 kb
(medium)"	p99	120	0.9305873392562106	0.008296735579294123	112.1630706875419	3.35	1.6500000000000004	1
"100 kb / 10 kb
(fine-scale)"	All SNPs	12000	0.430886528788006	0.21616504765444972	1.9933219244435805	2.98	0.8399999999999999	1
"100 kb / 10 kb
(fine-scale)"	p95	600	0.8117259731158389	0.015602562257975874	52.0251712311478	3.06	0.8000000000000007	1
"100 kb / 10 kb
(fine-scale)"	p99	120	0.9296414790130912	0.02008992529359444	46.27401373709947	2.99	1.1500000000000004	1
"2 Mb / 200 kb
(conventional)"	All SNPs	12000	0.42689629883982855	0.18448761090475121	2.3139564588986414	2.8	0.0	1
"2 Mb / 200 kb
(conventional)"	p95	600	0.8019637862720151	0.017992357002352424	44.57246964181301	4.8	1.4000000000000004	1
"2 Mb / 200 kb
(conventional)"	p99	120	0.9183156461894808	0.008220356867108642	111.71238196042958	4.8	1.4000000000000004	1
"500 kb / 50 kb
(medium)"	All SNPs	12000	0.42397357345232956	0.20855417070773818	2.032918219825361	2.9	0.75	1
"500 kb / 50 kb
(medium)"	p95	600	0.8074163166863007	0.008437558736199278	95.69311953021183	3.4	0.75	1
"500 kb / 50 kb
(medium)"	p99	120	0.9187864184706374	0.01092175135838047	84.12445846110889	3.4	0.5999999999999996	1
"100 kb / 10 kb
(fine-scale)"	All SNPs	12000	0.4269647804811016	0.2154558023133602	1.9816815137803598	3.0	0.5199999999999996	1
"100 kb / 10 kb
(fine-scale)"	p95	600	0.8075489345370496	0.01634966789262829	49.3923754195127	3.07	0.8100000000000005	1
"100 kb / 10 kb
(fine-scale)"	p99	120	0.9217933581065317	0.02208212921125248	41.743862165103614	3.04	0.9600000000000009	1
"2 Mb / 200 kb
(conventional)"	All SNPs	12000	0.42780469722234704	0.1867345978930551	2.2909771517935598	2.8	0.40000000000000036	1
"2 Mb / 200 kb
(conventional)"	p95	600	0.8122423075837578	0.006350738367726855	127.89730273119201	4.8	0.5999999999999996	1
"2 Mb / 200 kb
(conventional)"	p99	120	0.9258511674422379	0.0049320257525643845	187.7222897631558	4.6	2.0	1
"500 kb / 50 kb
(medium)"	All SNPs	12000	0.4287616542220673	0.20989901128912472	2.042704496742345	2.9	0.40000000000000036	1
"500 kb / 50 kb
(medium)"	p95	600	0.8127518181683999	0.008909130250217251	91.2268420532499	3.4	0.40000000000000036	1
"500 kb / 50 kb
(medium)"	p99	120	0.9261936905058467	0.008603069165476113	107.65851961560848	3.25	1.5500000000000007	1
"100 kb / 10 kb
(fine-scale)"	All SNPs	12000	0.4322429545658383	0.21719946176366622	1.9900737831300885	2.96	0.34999999999999964	1
"100 kb / 10 kb
(fine-scale)"	p95	600	0.8132489214971371	0.015159200645607286	53.647216664606525	3.06	0.6199999999999992	1
"100 kb / 10 kb
(fine-scale)"	p99	120	0.9269239228736463	0.021203104356866957	43.71642507024909	2.87	1.1300000000000008	1
"2 Mb / 200 kb
(conventional)"	All SNPs	12000	0.43728043189081595	0.18667011781219203	2.3425304329146126	2.8	0.40000000000000036	1
"2 Mb / 200 kb
(conventional)"	p95	600	0.809075674233911	0.30072465122388353	2.6904201931605876	4.8	1.8000000000000007	1
"2 Mb / 200 kb
(conventional)"	p99	120	0.927600927417561	0.006534407648920467	141.95639103887368	4.4	2.0	1
"500 kb / 50 kb
(medium)"	All SNPs	12000	0.4271688965431915	0.20756566354749884	2.0579940306236595	3.0	0.34999999999999964	1
"500 kb / 50 kb
(medium)"	p95	600	0.8100095993187695	0.010515950746762886	77.02675857131737	3.4	1.0500000000000007	1
"500 kb / 50 kb
(medium)"	p99	120	0.9277663630314686	0.010857553059182994	85.44893660425555	3.1	1.5	1
"100 kb / 10 kb
(fine-scale)"	All SNPs	12000	0.4284978048759778	0.21406684498577738	2.001700940210742	2.98	0.5800000000000001	1
"100 kb / 10 kb
(fine-scale)"	p95	600	0.8120224483690774	0.018919728972980113	42.919348872743015	3.07	0.3100000000000005	1
"100 kb / 10 kb
(fine-scale)"	p99	120	0.9237159318292597	0.023717038234060243	38.94735601946719	2.67	1.0199999999999996	1
"2 Mb / 200 kb
(conventional)"	All SNPs	12000	0.4264330990647639	0.18531230533750337	2.3011591069903043	2.8	0.40000000000000036	1
"2 Mb / 200 kb
(conventional)"	p95	600	0.81269004309285	0.36716496334195675	2.213419373394722	23.4	2.0	1
"2 Mb / 200 kb
(conventional)"	p99	120	0.9246108478044629	0.006954663696795221	132.94831901512833	4.8	2.4000000000000004	1
"500 kb / 50 kb
(medium)"	All SNPs	12000	0.42340893682184283	0.20957853990717282	2.0202876544964026	2.95	0.9000000000000004	1
"500 kb / 50 kb
(medium)"	p95	600	0.8126889373347931	0.2597524435312983	3.1287056486799516	3.4	1.6999999999999993	1
"500 kb / 50 kb
(medium)"	p99	120	0.9231180686784658	0.011143495125969603	82.83918629148633	3.35	1.5999999999999996	1
"100 kb / 10 kb
(fine-scale)"	All SNPs	12000	0.4283829750646873	0.2164988231034902	1.9786850058760495	2.99	1.0599999999999987	1
"100 kb / 10 kb
(fine-scale)"	p95	600	0.81343357340886	0.016113889573242855	50.480274778571655	3.05	1.1799999999999997	1
"100 kb / 10 kb
(fine-scale)"	p99	120	0.9235704660749049	0.021006289698577593	43.96637765770902	2.99	0.6999999999999993	1
"2 Mb / 200 kb
(conventional)"	All SNPs	12000	0.4302575470346058	0.18748764038641114	2.294858189840392	2.8	0.40000000000000036	1
"2 Mb / 200 kb
(conventional)"	p95	600	0.8157353725966163	0.021612075402279076	37.74442562376929	4.8	1.8000000000000007	1
"2 Mb / 200 kb
(conventional)"	p99	120	0.9323058754641432	0.006580575949921646	141.67542211487492	4.8	2.3999999999999986	1
"500 kb / 50 kb
(medium)"	All SNPs	12000	0.4266876485101213	0.21033449607013394	2.02861468985024	2.9	0.3000000000000007	1
"500 kb / 50 kb
(medium)"	p95	600	0.8212468253095219	0.008848063255946574	92.81656352960421	3.4	1.0999999999999996	1
"500 kb / 50 kb
(medium)"	p99	120	0.9328089431903618	0.007882202883798317	118.34368601545751	3.3	0.5999999999999996	1
"100 kb / 10 kb
(fine-scale)"	All SNPs	12000	0.4305333478336115	0.2180313083263457	1.9746400236666755	2.97	0.41999999999999993	1
"100 kb / 10 kb
(fine-scale)"	p95	600	0.8218684321989471	0.015492501198856017	53.049434797502855	3.06	0.40000000000000036	1
"100 kb / 10 kb
(fine-scale)"	p99	120	0.9335381013445889	0.018673089891217548	49.99376679398179	2.92	0.2400000000000002	1
"2 Mb / 200 kb
(conventional)"	All SNPs	12000	0.42701817198999464	0.18595929268951253	2.296299183622766	2.8	0.40000000000000036	1
"2 Mb / 200 kb
(conventional)"	p95	600	0.8032718852300214	0.6803339812006308	1.1807022836231609	4.8	1.1999999999999993	1
"2 Mb / 200 kb
(conventional)"	p99	120	0.92316489766337	0.009332779297995164	98.91639651884633	4.8	1.8000000000000007	1
"500 kb / 50 kb
(medium)"	All SNPs	12000	0.4234778189662417	0.20812850842710653	2.0346939598356735	2.95	1.0500000000000007	1
"500 kb / 50 kb
(medium)"	p95	600	0.8089951672420674	0.005770266988931319	140.20064735200359	3.4	1.6999999999999993	1
"500 kb / 50 kb
(medium)"	p99	120	0.9231295457571607	0.010952853097425705	84.2821078257799	3.35	1.0500000000000007	1
"100 kb / 10 kb
(fine-scale)"	All SNPs	12000	0.42887228820689755	0.21533390961650306	1.9916616429372118	2.98	1.25	1
"100 kb / 10 kb
(fine-scale)"	p95	600	0.8098628350634638	0.01405171720524543	57.63443878312228	3.06	0.8599999999999994	1
"100 kb / 10 kb
(fine-scale)"	p99	120	0.9243402187553804	0.021194379064519486	43.612517070753675	2.98	0.35999999999999943	1
"2 Mb / 200 kb
(conventional)"	All SNPs	12000	0.4331842476496935	0.18827271404751791	2.3008339250921015	2.8	0.1999999999999993	1
"2 Mb / 200 kb
(conventional)"	p95	600	0.8161106489354567	0.005142179011627053	158.70910893808588	4.8	2.1999999999999993	1
"2 Mb / 200 kb
(conventional)"	p99	120	0.9246881537774508	0.004388923268870756	210.68678970442963	4.6	2.4000000000000004	1
"500 kb / 50 kb
(medium)"	All SNPs	12000	0.43154699888950276	0.21061017987953373	2.0490320037537693	3.0	0.5500000000000007	1
"500 kb / 50 kb
(medium)"	p95	600	0.8163915212312909	0.004919840964828414	165.93859985873823	3.4	1.6999999999999993	1
"500 kb / 50 kb
(medium)"	p99	120	0.9250798887828225	0.0071788893229294175	128.86114371872424	3.2	1.5999999999999996	1
"100 kb / 10 kb
(fine-scale)"	All SNPs	12000	0.4318506354180252	0.21661498213839023	1.993632347840677	2.98	1.1000000000000014	1
"100 kb / 10 kb
(fine-scale)"	p95	600	0.8162415560595933	0.013876802344835909	58.82057953814901	3.05	0.8699999999999992	1
"100 kb / 10 kb
(fine-scale)"	p99	120	0.9253642587921099	0.018522963514580857	49.95767864379175	2.85	0.75	1
"2 Mb / 200 kb
(conventional)"	All SNPs	12000	0.44079839090290135	0.18859106926807018	2.33732378003719	2.8	0.1999999999999993	1
"2 Mb / 200 kb
(conventional)"	p95	600	0.8122466570944374	0.43362236222411715	1.8731659800207185	4.8	2.4000000000000004	1
"2 Mb / 200 kb
(conventional)"	p99	120	0.912089633157181	0.06210107286735934	14.68717996394842	4.8	2.1999999999999993	1
"500 kb / 50 kb
(medium)"	All SNPs	12000	0.4344830501134334	0.2095732546335031	2.0731798571971765	3.0	0.6500000000000004	1
"500 kb / 50 kb
(medium)"	p95	600	0.8136275992427267	0.006346447587183054	128.20205131542966	3.4	1.6500000000000004	1
"500 kb / 50 kb
(medium)"	p99	120	0.9236666422507149	0.010914213317295734	84.62970398306052	3.4	1.6999999999999993	1
"100 kb / 10 kb
(fine-scale)"	All SNPs	12000	0.4351313594440887	0.21574746273989595	2.016855048574457	2.99	1.3599999999999994	1
"100 kb / 10 kb
(fine-scale)"	p95	600	0.8134159812804416	0.014040541263487657	57.93337778193245	3.08	0.41999999999999993	1
"100 kb / 10 kb
(fine-scale)"	p99	120	0.9226584428115746	0.018658044734692316	49.450971735318326	3.04	0.10999999999999943	1
"2 Mb / 200 kb
(conventional)"	All SNPs	12000	0.4280453095127736	0.18688632711348319	2.2904046332552257	2.8	0.40000000000000036	1
"2 Mb / 200 kb
(conventional)"	p95	600	0.8149225941559517	0.336236292177828	2.4236604230841237	4.8	1.8000000000000007	1
"2 Mb / 200 kb
(conventional)"	p99	120	0.9344636538572617	0.003937133415204227	237.34619971185032	4.8	2.1999999999999993	1
"500 kb / 50 kb
(medium)"	All SNPs	12000	0.42474022262281685	0.20968576515499834	2.025603513470987	2.95	0.5	1
"500 kb / 50 kb
(medium)"	p95	600	0.8139830508411209	0.15684987126368824	5.189567860547956	3.4	1.6999999999999993	1
"500 kb / 50 kb
(medium)"	p99	120	0.9346333928339643	0.005544428108223373	168.5716496977816	3.3	0.34999999999999964	1
"100 kb / 10 kb
(fine-scale)"	All SNPs	12000	0.429020628962765	0.21711145851645375	1.9760386296251229	2.98	0.41000000000000014	1
"100 kb / 10 kb
(fine-scale)"	p95	600	0.8143549940873376	0.015315819441924778	53.17084059231998	3.03	1.0	1
"100 kb / 10 kb
(fine-scale)"	p99	120	0.9342621219351006	0.018866993673994616	49.51833546342065	2.95	0.15000000000000036	1
"2 Mb / 200 kb
(conventional)"	All SNPs	12000	0.4269752489751478	0.18792793413494718	2.272015871086763	2.8	0.40000000000000036	1
"2 Mb / 200 kb
(conventional)"	p95	600	0.816825099905005	0.004995224640490419	163.52119447921586	4.8	2.4000000000000004	1
"2 Mb / 200 kb
(conventional)"	p99	120	0.9310945264699968	0.0026370573619847277	353.08087715210996	4.8	2.3999999999999986	1
"500 kb / 50 kb
(medium)"	All SNPs	12000	0.4246865418692018	0.21023568078562438	2.0200497854702943	2.9	0.1999999999999993	1
"500 kb / 50 kb
(medium)"	p95	600	0.8170043545014103	0.006125917876445361	133.36847979024606	3.4	1.6500000000000004	1
"500 kb / 50 kb
(medium)"	p99	120	0.9304578527527007	0.007941710355711135	117.16088991882951	3.4	1.5999999999999996	1
"100 kb / 10 kb
(fine-scale)"	All SNPs	12000	0.4293658490942173	0.21801539609146867	1.9694290256183389	2.98	0.16000000000000014	1
"100 kb / 10 kb
(fine-scale)"	p95	600	0.8168592066616213	0.015256749464408142	53.540841616835834	3.07	1.5299999999999994	1
"100 kb / 10 kb
(fine-scale)"	p99	120	0.9292577029240174	0.020830537476021902	44.61035650153958	3.03	0.3200000000000003	1
"2 Mb / 200 kb
(conventional)"	All SNPs	12000	0.4335121980031748	0.18845318754291848	2.3003707374514235	2.8	0.1999999999999993	1
"2 Mb / 200 kb
(conventional)"	p95	600	0.8163342488722968	0.004404807141328629	185.32803427712946	4.8	1.8000000000000007	1
"2 Mb / 200 kb
(conventional)"	p99	120	0.9263072876288564	0.003972788140152435	233.16302177475643	4.6	0.40000000000000036	1
"500 kb / 50 kb
(medium)"	All SNPs	12000	0.42987855568933653	0.20965000020040048	2.050458169703905	2.9	0.5999999999999996	1
"500 kb / 50 kb
(medium)"	p95	600	0.8165087642344934	0.008479018879053876	96.29755233256454	3.4	1.6999999999999993	1
"500 kb / 50 kb
(medium)"	p99	120	0.9282657227182275	0.009860910144894068	94.13590724167373	3.3	0.34999999999999964	1
"100 kb / 10 kb
(fine-scale)"	All SNPs	12000	0.4337900675883106	0.21645042396248199	2.0041081909061114	2.96	0.47000000000000064	1
"100 kb / 10 kb
(fine-scale)"	p95	600	0.8169100356601041	0.016029684033489228	50.96232926072748	3.08	1.0	1
"100 kb / 10 kb
(fine-scale)"	p99	120	0.9288014562874638	0.020383725148726158	45.565834974256774	2.93	0.46000000000000085	1
"2 Mb / 200 kb
(conventional)"	All SNPs	12000	0.429742977135987	0.18626884991649761	2.3071113464684854	2.8	0.40000000000000036	1
"2 Mb / 200 kb
(conventional)"	p95	600	0.8219636325259867	0.3458769583460516	2.3764625329670213	4.8	2.4000000000000004	1
"2 Mb / 200 kb
(conventional)"	p99	120	0.9274307563026574	0.0037504235444807757	247.28693847591947	4.8	1.8000000000000007	1
"500 kb / 50 kb
(medium)"	All SNPs	12000	0.42772323082487995	0.2090863133887622	2.045677805938439	2.9	1.0	1
"500 kb / 50 kb
(medium)"	p95	600	0.820878778638635	0.012464572581884296	65.85695363767869	3.4	1.6000000000000014	1
"500 kb / 50 kb
(medium)"	p99	120	0.9273440583561552	0.006839210729862589	135.59226276023622	3.3	0.4499999999999993	1
"100 kb / 10 kb
(fine-scale)"	All SNPs	12000	0.43177975861904677	0.2167635360137322	1.9919390805273314	2.99	0.8599999999999994	1
"100 kb / 10 kb
(fine-scale)"	p95	600	0.8191460980399079	0.019095592515630547	42.897129134348795	3.06	1.3500000000000014	1
"100 kb / 10 kb
(fine-scale)"	p99	120	0.9260819389859568	0.01654281921325094	55.98090186732846	2.96	1.1600000000000001	1
"2 Mb / 200 kb
(conventional)"	All SNPs	12000	0.43684946429622273	0.18873297087014093	2.31464307631124	2.8	0.1999999999999993	1
"2 Mb / 200 kb
(conventional)"	p95	600	0.8137137876046652	0.00551163192072833	147.6357273685899	4.8	2.3999999999999986	1
"2 Mb / 200 kb
(conventional)"	p99	120	0.9258245774421334	0.007290689046354214	126.98725340715248	4.8	1.0	1
"500 kb / 50 kb
(medium)"	All SNPs	12000	0.42990343386317914	0.20978329076475655	2.0492739545460625	2.95	0.34999999999999964	1
"500 kb / 50 kb
(medium)"	p95	600	0.8135571490059027	0.0064113463616618915	126.8933392634585	3.4	1.6499999999999986	1
"500 kb / 50 kb
(medium)"	p99	120	0.9264205817506289	0.011770427169043895	78.70747326716449	3.4	0.40000000000000036	1
"100 kb / 10 kb
(fine-scale)"	All SNPs	12000	0.4333623234802401	0.21647819239137836	2.001875194415655	2.99	0.9800000000000004	1
"100 kb / 10 kb
(fine-scale)"	p95	600	0.8133813839411634	0.01736964744995013	46.82774283616785	3.08	1.0099999999999998	1
"100 kb / 10 kb
(fine-scale)"	p99	120	0.9286233640033345	0.021087322779166223	44.03704413918264	3.02	1.1700000000000017	1
"2 Mb / 200 kb
(conventional)"	All SNPs	12000	0.4369337172677595	0.18838244418787606	2.319397219583797	2.8	0.1999999999999993	1
"2 Mb / 200 kb
(conventional)"	p95	600	0.8170738998752272	0.004832131062777298	169.09183324295196	4.8	1.1999999999999993	1
"2 Mb / 200 kb
(conventional)"	p99	120	0.924564830787518	0.012218397698269698	75.6698917173444	4.8	1.1999999999999993	1
"500 kb / 50 kb
(medium)"	All SNPs	12000	0.4320236413199517	0.2097320893960201	2.05988336150219	2.9	0.9000000000000004	1
"500 kb / 50 kb
(medium)"	p95	600	0.8175831082184535	0.007120033350120262	114.82855037534956	3.4	0.5999999999999996	1
"500 kb / 50 kb
(medium)"	p99	120	0.9260423225842276	0.013116672782045417	70.60039828483244	3.35	0.40000000000000036	1
"100 kb / 10 kb
(fine-scale)"	All SNPs	12000	0.43493565160330244	0.2164822675366032	2.009105210105778	2.96	0.8300000000000001	1
"100 kb / 10 kb
(fine-scale)"	p95	600	0.8181329586977355	0.012666144267025232	64.59210802040565	3.08	0.8200000000000003	1
"100 kb / 10 kb
(fine-scale)"	p99	120	0.928642072099064	0.020744905666681183	44.764825013910524	2.96	1.1600000000000001	1
"2 Mb / 200 kb
(conventional)"	All SNPs	12000	0.4352166622964826	0.18820949445899027	2.3124054583299127	2.8	0.40000000000000036	1
"2 Mb / 200 kb
(conventional)"	p95	600	0.8173261981850146	0.3161019936426013	2.5856407571700397	4.8	2.1999999999999993	1
"2 Mb / 200 kb
(conventional)"	p99	120	0.9270978040038083	0.009401717500486267	98.60940875492778	4.8	2.4000000000000004	1
"500 kb / 50 kb
(medium)"	All SNPs	12000	0.42799640954988283	0.20915630490344325	2.0462993441554	2.9	1.25	1
"500 kb / 50 kb
(medium)"	p95	600	0.8180246136704901	0.009476075919466271	86.32524904006513	3.4	1.5500000000000007	1
"500 kb / 50 kb
(medium)"	p99	120	0.9260593583065616	0.009684284836235265	95.62496084807067	3.35	1.6500000000000004	1
"100 kb / 10 kb
(fine-scale)"	All SNPs	12000	0.43187269822550467	0.21667072739842852	1.993221250563065	2.96	0.1899999999999995	1
"100 kb / 10 kb
(fine-scale)"	p95	600	0.8185870302780992	0.01564388273696758	52.32633381633073	3.05	1.5300000000000011	1
"100 kb / 10 kb
(fine-scale)"	p99	120	0.9256102233358058	0.020893274670892407	44.30182620560315	3.0	1.1199999999999992	1
"2 Mb / 200 kb
(conventional)"	All SNPs	12000	0.4410709319567971	0.19035701846694408	2.3170720759812173	2.8	0.1999999999999993	1
"2 Mb / 200 kb
(conventional)"	p95	600	0.8168207905010183	0.009087849155394437	89.88054010735459	4.8	2.4000000000000004	1
"2 Mb / 200 kb
(conventional)"	p99	120	0.9285494040142859	0.005439396888315037	170.7081544295847	4.8	1.8000000000000007	1
"500 kb / 50 kb
(medium)"	All SNPs	12000	0.4315631556961436	0.2101393907067827	2.0536994717869144	2.95	0.1999999999999993	1
"500 kb / 50 kb
(medium)"	p95	600	0.817000831127562	0.012539572781747828	65.15380111807002	3.4	1.6500000000000004	1
"500 kb / 50 kb
(medium)"	p99	120	0.9273926672812836	0.008948809892062735	103.63307282947721	3.4	1.0500000000000007	1
"100 kb / 10 kb
(fine-scale)"	All SNPs	12000	0.43341864813525854	0.2163636725756094	2.0031950972906425	3.0	0.11999999999999922	1
"100 kb / 10 kb
(fine-scale)"	p95	600	0.8168867864418329	0.020472652962973303	39.90136441619211	3.08	0.23000000000000043	1
"100 kb / 10 kb
(fine-scale)"	p99	120	0.9291763899119284	0.017015158409031374	54.608741662889045	3.02	0.9299999999999997	1
"2 Mb / 200 kb
(conventional)"	All SNPs	12000	0.43237526147553107	0.18822500981806367	2.297119080474271	2.8	0.1999999999999993	1
"2 Mb / 200 kb
(conventional)"	p95	600	0.8170944218820807	0.029004896247535085	28.170913452294098	12.2	1.1999999999999993	1
"2 Mb / 200 kb
(conventional)"	p99	120	0.923781521511968	0.005298635270116855	174.34329302148686	4.8	2.0	1
"500 kb / 50 kb
(medium)"	All SNPs	12000	0.4271193750826733	0.2104662343248483	2.029396194847233	2.95	0.6999999999999993	1
"500 kb / 50 kb
(medium)"	p95	600	0.8175071880388666	0.007881753620072441	103.72148476665436	3.4	0.5	1
"500 kb / 50 kb
(medium)"	p99	120	0.924755212597689	0.010929532779750385	84.6106810998383	3.35	1.5500000000000007	1
"100 kb / 10 kb
(fine-scale)"	All SNPs	12000	0.43158218613527854	0.2176664769180533	1.9827682803804458	2.98	0.5800000000000001	1
"100 kb / 10 kb
(fine-scale)"	p95	600	0.8180451937136616	0.015163335292701113	53.9488956699011	3.08	0.28999999999999915	1
"100 kb / 10 kb
(fine-scale)"	p99	120	0.9259992026679655	0.02262042382856643	40.936421425426964	2.98	1.3399999999999999	1
"2 Mb / 200 kb
(conventional)"	All SNPs	12000	0.4336823260927276	0.18676269466677886	2.3221036024699773	2.8	0.0	1
"2 Mb / 200 kb
(conventional)"	p95	600	0.8146508401639959	0.0037384357595399266	217.91222119709542	4.8	0.8000000000000007	1
"2 Mb / 200 kb
(conventional)"	p99	120	0.9185115222502177	0.006979887088378154	131.59403735621788	4.6	2.1999999999999993	1
"500 kb / 50 kb
(medium)"	All SNPs	12000	0.4270932207947654	0.20825444731352036	2.0508240102637054	2.85	0.3000000000000007	1
"500 kb / 50 kb
(medium)"	p95	600	0.8150397552630401	0.0056556705834094525	144.1101887464781	3.4	0.05000000000000071	1
"500 kb / 50 kb
(medium)"	p99	120	0.9205835658132929	0.012504578923091507	73.61971734316481	3.3	1.6000000000000014	1
"100 kb / 10 kb
(fine-scale)"	All SNPs	12000	0.43249380202564736	0.21583409769438971	2.003825190948452	2.97	0.07000000000000028	1
"100 kb / 10 kb
(fine-scale)"	p95	600	0.8160282892243484	0.013513396605483735	60.38661581894254	3.08	0.0600000000000005	1
"100 kb / 10 kb
(fine-scale)"	p99	120	0.9213957578990348	0.02114097550023074	43.58340786540235	2.97	1.4299999999999997	1
"2 Mb / 200 kb
(conventional)"	All SNPs	12000	0.42866283108581216	0.18767894164387897	2.28402199698675	2.8	0.0	1
"2 Mb / 200 kb
(conventional)"	p95	600	0.8108950609550165	0.006429501308568818	126.12098855541234	4.8	2.3999999999999986	1
"2 Mb / 200 kb
(conventional)"	p99	120	0.9161540410215642	0.007234480859702553	126.63715044499158	4.6	2.3999999999999986	1
"500 kb / 50 kb
(medium)"	All SNPs	12000	0.41993279265245065	0.20969813068636664	2.002558588757855	2.9	0.3000000000000007	1
"500 kb / 50 kb
(medium)"	p95	600	0.8110855314808874	0.00664443222721464	122.06995326986669	3.4	1.6499999999999986	1
"500 kb / 50 kb
(medium)"	p99	120	0.9142140909040558	0.013265380801226708	68.91728964309222	3.25	1.0500000000000007	1
"100 kb / 10 kb
(fine-scale)"	All SNPs	12000	0.4248241536746748	0.21723273095054377	1.9556176079717575	2.97	0.6600000000000001	1
"100 kb / 10 kb
(fine-scale)"	p95	600	0.812248954649868	0.013991977058106635	58.051049631993884	3.07	1.3000000000000007	1
"100 kb / 10 kb
(fine-scale)"	p99	120	0.9148311155196027	0.021258839652936633	43.032975009679355	2.85	1.2200000000000006	1
"2 Mb / 200 kb
(conventional)"	All SNPs	12000	0.43153749435523037	0.1857589348462061	2.323104913970947	2.8	0.1999999999999993	1
"2 Mb / 200 kb
(conventional)"	p95	600	0.8100934352855929	0.017251630636515487	46.95749940129816	9.6	2.3999999999999986	1
"2 Mb / 200 kb
(conventional)"	p99	120	0.9157753164884574	0.003344539615447541	273.8120703545368	4.8	2.1999999999999993	1
"500 kb / 50 kb
(medium)"	All SNPs	12000	0.42596348908587606	0.2067770800107975	2.0600130781594994	2.9	0.1999999999999993	1
"500 kb / 50 kb
(medium)"	p95	600	0.8096675262217903	0.005891823567011617	137.42222879095146	3.4	1.6499999999999986	1
"500 kb / 50 kb
(medium)"	p99	120	0.9162588454786443	0.006416762155467302	142.79146137557245	3.4	1.6999999999999993	1
"100 kb / 10 kb
(fine-scale)"	All SNPs	12000	0.43189612953730744	0.2144541458189532	2.01393229255602	2.97	0.41999999999999993	1
"100 kb / 10 kb
(fine-scale)"	p95	600	0.8089730979581743	0.014079295915453312	57.45834896972742	3.07	1.5399999999999991	1
"100 kb / 10 kb
(fine-scale)"	p99	120	0.9160461821634891	0.015610792671866176	58.680311846969225	3.04	0.6400000000000006	1
"2 Mb / 200 kb
(conventional)"	All SNPs	12000	0.4297737175720189	0.18742412621467286	2.2930544015436003	2.8	0.1999999999999993	1
"2 Mb / 200 kb
(conventional)"	p95	600	0.8124238546799653	0.03383208807185528	24.013411556344817	11.8	2.4000000000000004	1
"2 Mb / 200 kb
(conventional)"	p99	120	0.9235841255360394	0.008424878251838177	109.62581273320214	4.8	2.3999999999999986	1
"500 kb / 50 kb
(medium)"	All SNPs	12000	0.42292323163211937	0.20943589707119134	2.0193445228176885	2.9	0.15000000000000036	1
"500 kb / 50 kb
(medium)"	p95	600	0.8138705301479611	0.009287192748233895	87.63364260989752	3.4	0.34999999999999964	1
"500 kb / 50 kb
(medium)"	p99	120	0.9228381651085713	0.009392277343230507	98.25499518215439	3.35	1.6499999999999986	1
"100 kb / 10 kb
(fine-scale)"	All SNPs	12000	0.4252053106705711	0.21638809254318356	1.9650125183561793	2.96	0.07000000000000028	1
"100 kb / 10 kb
(fine-scale)"	p95	600	0.8140187996494743	0.017310380949206686	47.02489229081812	3.07	1.5399999999999991	1
"100 kb / 10 kb
(fine-scale)"	p99	120	0.9221225414194824	0.020101436183878687	45.87346560635418	3.02	1.3800000000000008	1
"2 Mb / 200 kb
(conventional)"	All SNPs	12000	0.4358758307192437	0.18977361553246785	2.2968199741374	2.8	0.0	1
"2 Mb / 200 kb
(conventional)"	p95	600	0.8166033502239277	0.0035504050056558933	230.00287260835202	4.8	0.40000000000000036	1
"2 Mb / 200 kb
(conventional)"	p99	120	0.9207126351062008	0.007741093847017536	118.93831198816044	4.6	1.1999999999999993	1
"500 kb / 50 kb
(medium)"	All SNPs	12000	0.4297032360894169	0.21097803062202064	2.036720291788367	2.95	0.75	1
"500 kb / 50 kb
(medium)"	p95	600	0.816480637291279	0.006347353765674451	128.63323322337655	3.4	0.25	1
"500 kb / 50 kb
(medium)"	p99	120	0.9216992492699536	0.011674631430502692	78.94889485434202	3.3	1.6999999999999993	1
"100 kb / 10 kb
(fine-scale)"	All SNPs	12000	0.4339572324056374	0.2179323367287253	1.9912475538029606	2.99	0.6899999999999995	1
"100 kb / 10 kb
(fine-scale)"	p95	600	0.8166085427516073	0.014615583002818644	55.87245767713288	3.08	0.41999999999999993	1
"100 kb / 10 kb
(fine-scale)"	p99	120	0.9222816408827911	0.019498520510504103	47.30008312097044	2.95	1.1099999999999994	1
"2 Mb / 200 kb
(conventional)"	All SNPs	12000	0.43307027278458526	0.1887461973133337	2.294458266969237	2.8	0.40000000000000036	1
"2 Mb / 200 kb
(conventional)"	p95	600	0.8068003301840979	0.21510534357301314	3.7507219336475752	4.8	2.1999999999999993	1
"2 Mb / 200 kb
(conventional)"	p99	120	0.9272313034897178	0.006621379743291968	140.03596522750163	4.8	2.4000000000000004	1
"500 kb / 50 kb
(medium)"	All SNPs	12000	0.4305524497196114	0.21021880397224554	2.0481157802441676	2.95	0.4499999999999993	1
"500 kb / 50 kb
(medium)"	p95	600	0.8119266869058673	0.010382196387867908	78.20374962803078	3.4	0.5500000000000007	1
"500 kb / 50 kb
(medium)"	p99	120	0.9269474219397571	0.008492156499757942	109.1533607471999	3.3	1.6500000000000004	1
"100 kb / 10 kb
(fine-scale)"	All SNPs	12000	0.43433505839869396	0.21662013482590442	2.005053956539012	2.97	0.5199999999999996	1
"100 kb / 10 kb
(fine-scale)"	p95	600	0.8118430382004672	0.017940900222762676	45.25096445107221	3.06	0.5199999999999996	1
"100 kb / 10 kb
(fine-scale)"	p99	120	0.9250953740499218	0.018324535837123374	50.48397308791781	2.95	0.46000000000000085	1
"2 Mb / 200 kb
(conventional)"	All SNPs	12000	0.4330260164881406	0.1865230512984223	2.3215683717040037	2.8	0.0	1
"2 Mb / 200 kb
(conventional)"	p95	600	0.810844851595451	0.004271359351461769	189.832974675371	4.8	2.1999999999999993	1
"2 Mb / 200 kb
(conventional)"	p99	120	0.9178703422265622	0.004171637801185871	220.02637476476008	4.8	2.1999999999999993	1
"500 kb / 50 kb
(medium)"	All SNPs	12000	0.4274058642235793	0.2079964887441945	2.0548705740375572	2.9	0.9499999999999993	1
"500 kb / 50 kb
(medium)"	p95	600	0.8112373887803546	0.00879823218112846	92.20458974933591	3.4	1.6999999999999993	1
"500 kb / 50 kb
(medium)"	p99	120	0.9170915526911576	0.008522587198927654	107.60717740811731	3.4	0.34999999999999964	1
"100 kb / 10 kb
(fine-scale)"	All SNPs	12000	0.43201896663872924	0.21523871554911797	2.00716198076429	2.99	0.9299999999999997	1
"100 kb / 10 kb
(fine-scale)"	p95	600	0.8105559216317292	0.017089012005103127	47.43140922305401	3.08	1.5399999999999991	1
"100 kb / 10 kb
(fine-scale)"	p99	120	0.9165457441435843	0.02118105997882609	43.27194885713088	3.07	0.15000000000000036	1
"2 Mb / 200 kb
(conventional)"	All SNPs	12000	0.4341899788775936	0.1877387734873453	2.312734715436183	2.8	0.1999999999999993	1
"2 Mb / 200 kb
(conventional)"	p95	600	0.8216980304135155	0.6596516206106836	1.2456545314825647	4.8	2.4000000000000004	1
"2 Mb / 200 kb
(conventional)"	p99	120	0.9267994722561851	0.007439905885400844	124.57139734453125	4.8	0.1999999999999993	1
"500 kb / 50 kb
(medium)"	All SNPs	12000	0.4321105700389025	0.210765096227352	2.050199856492298	2.95	0.9499999999999993	1
"500 kb / 50 kb
(medium)"	p95	600	0.8221734797116707	0.00904713401837082	90.87667741432718	3.4	1.5500000000000007	1
"500 kb / 50 kb
(medium)"	p99	120	0.9272544843084028	0.00901153461142878	102.89640158873966	3.3	0.1999999999999993	1
"100 kb / 10 kb
(fine-scale)"	All SNPs	12000	0.43445057347841665	0.21779510159008725	1.9947674227131942	2.98	1.3399999999999999	1
"100 kb / 10 kb
(fine-scale)"	p95	600	0.8226228386345484	0.016725227439068197	49.18455319256207	3.07	0.5700000000000003	1
"100 kb / 10 kb
(fine-scale)"	p99	120	0.9271627462292388	0.01629093566849139	56.91279893901257	2.92	0.4900000000000002	1
"2 Mb / 200 kb
(conventional)"	All SNPs	12000	0.4308357758830104	0.18828107992796558	2.2882584699845774	2.8	0.1999999999999993	1
"2 Mb / 200 kb
(conventional)"	p95	600	0.8219496823876188	0.6888912284258432	1.193148712701455	4.8	2.3999999999999986	1
"2 Mb / 200 kb
(conventional)"	p99	120	0.9356303811054313	0.009490707620752341	98.58383784361725	4.8	2.0	1
"500 kb / 50 kb
(medium)"	All SNPs	12000	0.4277400408658722	0.2113286414322622	2.0240514393453712	2.95	0.9000000000000004	1
"500 kb / 50 kb
(medium)"	p95	600	0.8208536050196544	0.009771844630290325	84.00190916617824	3.4	1.6499999999999986	1
"500 kb / 50 kb
(medium)"	p99	120	0.9348135855305877	0.013343791109831016	70.05607160935435	3.4	0.9499999999999993	1
"100 kb / 10 kb
(fine-scale)"	All SNPs	12000	0.42995155998634393	0.21837193716770784	1.9688956628898002	2.98	1.0599999999999987	1
"100 kb / 10 kb
(fine-scale)"	p95	600	0.8214143666353341	0.019024622116285004	43.176382774625864	3.06	1.0500000000000007	1
"100 kb / 10 kb
(fine-scale)"	p99	120	0.9351793582138571	0.024615651897629775	37.99124890549435	3.05	0.3800000000000008	1
"2 Mb / 200 kb
(conventional)"	All SNPs	12000	0.4273257986799673	0.18559324590269846	2.3024857214039067	2.8	0.40000000000000036	1
"2 Mb / 200 kb
(conventional)"	p95	600	0.8126263207196258	0.26434504954805516	3.07411212015869	4.8	2.4000000000000004	1
"2 Mb / 200 kb
(conventional)"	p99	120	0.928687807284125	0.010403422539383301	89.26752746689613	4.8	1.0	1
"500 kb / 50 kb
(medium)"	All SNPs	12000	0.4273514154800894	0.2086702004070252	2.0479752961683646	3.0	1.1999999999999993	1
"500 kb / 50 kb
(medium)"	p95	600	0.8114532157354283	0.011095860639830063	73.1311650420887	3.4	1.6999999999999993	1
"500 kb / 50 kb
(medium)"	p99	120	0.929493319064196	0.010500758718365316	88.51677711997681	3.35	0.1999999999999993	1
"100 kb / 10 kb
(fine-scale)"	All SNPs	12000	0.4315976027717271	0.2159901397302904	1.9982282677842074	2.99	0.5299999999999994	1
"100 kb / 10 kb
(fine-scale)"	p95	600	0.8101351408506487	0.018511314491726102	43.76432269100881	3.07	1.4900000000000002	1
"100 kb / 10 kb
(fine-scale)"	p99	120	0.9298388485687066	0.019833528439555114	46.88216982684115	2.97	0.08999999999999986	1
"2 Mb / 200 kb
(conventional)"	All SNPs	12000	0.43058955597306325	0.1860258867409217	2.314675465424581	2.8	0.40000000000000036	1
"2 Mb / 200 kb
(conventional)"	p95	600	0.814205548754993	0.0027521904045360876	295.83910597647633	4.8	0.40000000000000036	1
"2 Mb / 200 kb
(conventional)"	p99	120	0.9281395228762073	0.013737154119599424	67.56417776167979	4.8	2.3999999999999986	1
"500 kb / 50 kb
(medium)"	All SNPs	12000	0.4244068659216936	0.20839024492602057	2.036596607832386	2.9	1.1000000000000014	1
"500 kb / 50 kb
(medium)"	p95	600	0.8147300475904075	0.005070372947155498	160.6844419693969	3.4	1.5500000000000007	1
"500 kb / 50 kb
(medium)"	p99	120	0.9275748785236283	0.01394343307219432	66.52413890617636	3.35	1.6499999999999986	1
"100 kb / 10 kb
(fine-scale)"	All SNPs	12000	0.42839446046897295	0.21571154529546863	1.9859598144465755	2.98	0.9700000000000006	1
"100 kb / 10 kb
(fine-scale)"	p95	600	0.8159813983789618	0.01355103307043976	60.21543849368537	3.06	1.5299999999999994	1
"100 kb / 10 kb
(fine-scale)"	p99	120	0.9255699788443791	0.0205934689492148	44.944830864916995	2.96	1.4400000000000013	1
"2 Mb / 200 kb
(conventional)"	All SNPs	12000	0.42574780084065283	0.1853336993805273	2.2971958271145665	2.8	0.40000000000000036	1
"2 Mb / 200 kb
(conventional)"	p95	600	0.807363758848686	0.015199039897402787	53.119392033877645	4.8	1.6000000000000014	1
"2 Mb / 200 kb
(conventional)"	p99	120	0.9254140368113984	0.0054881855266508935	168.61930638414887	4.6	2.4000000000000004	1
"500 kb / 50 kb
(medium)"	All SNPs	12000	0.42009439303929275	0.2077267275399812	2.022341554282836	2.9	0.40000000000000036	1
"500 kb / 50 kb
(medium)"	p95	600	0.8074458431465263	0.024268639102233095	33.271162826440836	3.4	0.8499999999999996	1
"500 kb / 50 kb
(medium)"	p99	120	0.923600561534685	0.008125418301464455	113.66806326367508	3.3	1.6500000000000004	1
"100 kb / 10 kb
(fine-scale)"	All SNPs	12000	0.42681032007868996	0.21579397483179394	1.977860227151282	2.97	0.3699999999999992	1
"100 kb / 10 kb
(fine-scale)"	p95	600	0.8133724658467234	0.026711813397972527	30.449915688182358	3.06	1.5199999999999996	1
"100 kb / 10 kb
(fine-scale)"	p99	120	0.9235807271737408	0.020738055712647117	44.53555048608026	2.97	1.2699999999999996	1
"2 Mb / 200 kb
(conventional)"	All SNPs	12000	0.4246144276072218	0.18552850902719506	2.288674823258463	2.8	0.40000000000000036	1
"2 Mb / 200 kb
(conventional)"	p95	600	0.8173697263012828	0.0037913351219184877	215.58888887872254	4.8	2.4000000000000004	1
"2 Mb / 200 kb
(conventional)"	p99	120	0.9269438673781627	0.00445855224011725	207.90243501863424	4.8	2.4000000000000004	1
"500 kb / 50 kb
(medium)"	All SNPs	12000	0.4192163633033645	0.20838555717918458	2.0117342534583273	2.9	0.9000000000000004	1
"500 kb / 50 kb
(medium)"	p95	600	0.8170996688151362	0.007338162097292752	111.34936214022672	3.4	1.5999999999999996	1
"500 kb / 50 kb
(medium)"	p99	120	0.9259620368038032	0.007275502068278279	127.27122171280321	3.4	1.5999999999999996	1
"100 kb / 10 kb
(fine-scale)"	All SNPs	12000	0.42416669544477675	0.2158167162265498	1.9654024158143304	2.97	0.9800000000000004	1
"100 kb / 10 kb
(fine-scale)"	p95	600	0.8169904963956434	0.016549614036634585	49.366135946562586	3.07	1.5399999999999991	1
"100 kb / 10 kb
(fine-scale)"	p99	120	0.9261680582799761	0.0189719170811057	48.817842409945754	3.03	0.6699999999999999	1
"2 Mb / 200 kb
(conventional)"	All SNPs	12000	0.42965370138844233	0.18717187370111302	2.2955035545273135	2.8	0.40000000000000036	1
"2 Mb / 200 kb
(conventional)"	p95	600	0.8205781908522927	0.5004707654229252	1.6396126358327026	4.8	2.3999999999999986	1
"2 Mb / 200 kb
(conventional)"	p99	120	0.9340110958280462	0.007928775075722235	117.80017555145072	4.6	1.8000000000000007	1
"500 kb / 50 kb
(medium)"	All SNPs	12000	0.4252825160133855	0.21064721985966586	2.018932489575275	2.95	0.5500000000000007	1
"500 kb / 50 kb
(medium)"	p95	600	0.8201127881470368	0.009033961669317397	90.78107901790602	3.4	1.6000000000000014	1
"500 kb / 50 kb
(medium)"	p99	120	0.9330260318484667	0.01110796418527199	83.99613253034813	3.25	1.5999999999999996	1
"100 kb / 10 kb
(fine-scale)"	All SNPs	12000	0.43021443194337117	0.2180233130547849	1.9732496764475222	2.98	0.7400000000000002	1
"100 kb / 10 kb
(fine-scale)"	p95	600	0.8202243544139747	0.01668887121074225	49.147982751884065	3.08	1.0	1
"100 kb / 10 kb
(fine-scale)"	p99	120	0.9320316811033245	0.01903718870197609	48.958472581961544	2.9	0.08999999999999986	1
"2 Mb / 200 kb
(conventional)"	All SNPs	12000	0.43620313916959164	0.18826851316872806	2.316920295528452	2.8	0.0	1
"2 Mb / 200 kb
(conventional)"	p95	600	0.8185157199551999	0.004020109131625423	203.6053483016405	4.8	1.1999999999999993	1
"2 Mb / 200 kb
(conventional)"	p99	120	0.9268150200263117	0.004880348435228289	189.90755113634788	4.8	2.4000000000000004	1
"500 kb / 50 kb
(medium)"	All SNPs	12000	0.4321488176274782	0.21034546403951973	2.0544717691002172	2.95	0.4499999999999993	1
"500 kb / 50 kb
(medium)"	p95	600	0.8189275145921924	0.007986281302664705	102.54178178258618	3.4	0.1999999999999993	1
"500 kb / 50 kb
(medium)"	p99	120	0.9271099740596013	0.008812307651904404	105.20626499680206	3.4	1.0500000000000007	1
"100 kb / 10 kb
(fine-scale)"	All SNPs	12000	0.43493360792446817	0.21691841831163636	2.005056146498449	3.0	1.2599999999999998	1
"100 kb / 10 kb
(fine-scale)"	p95	600	0.8186862718898862	0.01888064743052291	43.36113339876143	3.06	0.3000000000000007	1
"100 kb / 10 kb
(fine-scale)"	p99	120	0.9262788974008429	0.020228919524879218	45.78983550068641	3.04	0.8200000000000003	1
"2 Mb / 200 kb
(conventional)"	All SNPs	12000	0.43500849295902005	0.1884842903436645	2.3079297068517834	2.8	0.40000000000000036	1
"2 Mb / 200 kb
(conventional)"	p95	600	0.817679139978444	0.006451089039548271	126.75055869879931	4.8	2.3999999999999986	1
"2 Mb / 200 kb
(conventional)"	p99	120	0.9270559570218013	0.007965960902395434	116.3771663432377	4.8	0.8000000000000007	1
"500 kb / 50 kb
(medium)"	All SNPs	12000	0.4274542245354943	0.2100629217988448	2.0348865990963523	2.95	1.1999999999999993	1
"500 kb / 50 kb
(medium)"	p95	600	0.8178987828663689	0.010990222830330956	74.42058232059877	3.4	1.6999999999999993	1
"500 kb / 50 kb
(medium)"	p99	120	0.9281593649428302	0.011189706714356968	82.94760431495082	3.4	0.05000000000000071	1
"100 kb / 10 kb
(fine-scale)"	All SNPs	12000	0.43195726952451635	0.2172964968227375	1.9878703791386534	2.99	0.16999999999999993	1
"100 kb / 10 kb
(fine-scale)"	p95	600	0.815547102802348	0.01589087329271916	51.32172963558983	3.04	1.5	1
"100 kb / 10 kb
(fine-scale)"	p99	120	0.9295571625240117	0.02106172591776162	44.134899777615296	3.01	0.14000000000000057	1
"2 Mb / 200 kb
(conventional)"	All SNPs	12000	0.4333987034095294	0.18696366127332822	2.318090587538986	2.8	0.40000000000000036	1
"2 Mb / 200 kb
(conventional)"	p95	600	0.8174844153348926	0.3234942087403437	2.5270449771515255	4.8	2.3999999999999986	1
"2 Mb / 200 kb
(conventional)"	p99	120	0.9292891653343502	0.009311816549933781	99.79676471836837	4.8	2.3999999999999986	1
"500 kb / 50 kb
(medium)"	All SNPs	12000	0.430432128702701	0.20983264224407763	2.0513115790727245	2.95	0.6500000000000004	1
"500 kb / 50 kb
(medium)"	p95	600	0.8170610350713544	0.010375341909439596	78.75027562493952	3.4	1.6999999999999993	1
"500 kb / 50 kb
(medium)"	p99	120	0.9291511827546383	0.014043353680661359	66.16305505672351	3.4	1.6999999999999993	1
"100 kb / 10 kb
(fine-scale)"	All SNPs	12000	0.43151293096100457	0.21643841931557434	1.9936984031094984	3.0	0.8599999999999994	1
"100 kb / 10 kb
(fine-scale)"	p95	600	0.8156217203803942	0.016585730804476045	49.1761098739333	3.07	0.9399999999999995	1
"100 kb / 10 kb
(fine-scale)"	p99	120	0.9264457538568	0.021729687863596435	42.63502355267914	3.05	0.8200000000000003	1
"2 Mb / 200 kb
(conventional)"	All SNPs	12000	0.4393370810154393	0.19094484438773862	2.3008585669027415	2.8	0.40000000000000036	1
"2 Mb / 200 kb
(conventional)"	p95	600	0.8143568355696318	0.006326426853567455	128.72303030112775	4.8	0.40000000000000036	1
"2 Mb / 200 kb
(conventional)"	p99	120	0.9265213778363061	0.00790106796084098	117.2653345634162	4.8	2.3999999999999986	1
"500 kb / 50 kb
(medium)"	All SNPs	12000	0.43264886847226786	0.21176952650497421	2.0430175937617987	2.95	0.8499999999999996	1
"500 kb / 50 kb
(medium)"	p95	600	0.8148826436521057	0.00999466363808122	81.53177266989519	3.4	0.15000000000000036	1
"500 kb / 50 kb
(medium)"	p99	120	0.9267207219168482	0.011810982521334277	78.462627494614	3.35	1.6999999999999993	1
"100 kb / 10 kb
(fine-scale)"	All SNPs	12000	0.43563852054463287	0.21780696949066558	2.0001128593972872	2.96	0.3200000000000003	1
"100 kb / 10 kb
(fine-scale)"	p95	600	0.8158797647013462	0.017926123525540353	45.51345211578602	3.06	0.2400000000000002	1
"100 kb / 10 kb
(fine-scale)"	p99	120	0.9247208155985699	0.02020083060380646	45.776375919132946	2.99	0.2699999999999996	1
"2 Mb / 200 kb
(conventional)"	All SNPs	12000	0.4260050020663961	0.1868862423608782	2.2794882955791818	2.8	0.40000000000000036	1
"2 Mb / 200 kb
(conventional)"	p95	600	0.8166600276085095	0.005621350730857705	145.27825547791494	4.8	2.3999999999999986	1
"2 Mb / 200 kb
(conventional)"	p99	120	0.9230896451133569	0.006839092035606149	134.9725431837303	4.6	1.8000000000000007	1
"500 kb / 50 kb
(medium)"	All SNPs	12000	0.4222295536630812	0.21009824260322396	2.0096767513685148	2.95	0.34999999999999964	1
"500 kb / 50 kb
(medium)"	p95	600	0.816389762553903	0.00739228905952877	110.43801939827618	3.4	0.34999999999999964	1
"500 kb / 50 kb
(medium)"	p99	120	0.9225112760187646	0.009798894613578062	94.14442265155763	3.3	0.9499999999999993	1
"100 kb / 10 kb
(fine-scale)"	All SNPs	12000	0.42460724460721067	0.21694459483757117	1.9572151356207736	2.95	1.4200000000000017	1
"100 kb / 10 kb
(fine-scale)"	p95	600	0.8165137647031312	0.014319398387415454	57.021513237645586	3.04	0.8200000000000003	1
"100 kb / 10 kb
(fine-scale)"	p99	120	0.9231770321611198	0.01934226153551973	47.72849495731492	2.95	0.7699999999999996	1
"2 Mb / 200 kb
(conventional)"	All SNPs	12000	0.4307948015535373	0.18676476371066275	2.3066171208875756	2.8	0.40000000000000036	1
"2 Mb / 200 kb
(conventional)"	p95	600	0.8160122106283404	0.005242932788057674	155.64041036098132	4.8	2.4000000000000004	1
"2 Mb / 200 kb
(conventional)"	p99	120	0.9266744770797772	0.0065034592524972875	142.48947231028473	4.8	2.0	1
"500 kb / 50 kb
(medium)"	All SNPs	12000	0.4265446587508323	0.2098074386874133	2.033029245385004	2.95	0.9499999999999993	1
"500 kb / 50 kb
(medium)"	p95	600	0.814326993464828	0.010100630116927882	80.62140520323365	3.4	1.6999999999999993	1
"500 kb / 50 kb
(medium)"	p99	120	0.9253761988282965	0.01038611650225596	89.09742141129423	3.35	1.6999999999999993	1
"100 kb / 10 kb
(fine-scale)"	All SNPs	12000	0.42743138526834	0.21611848749352308	1.9777640970264048	3.0	1.1099999999999994	1
"100 kb / 10 kb
(fine-scale)"	p95	600	0.8144567311994881	0.01867015178009672	43.62346598958763	3.07	1.5099999999999998	1
"100 kb / 10 kb
(fine-scale)"	p99	120	0.9251060721587321	0.018581903871412158	49.785322244723645	3.0	1.0199999999999996	1
"2 Mb / 200 kb
(conventional)"	All SNPs	12000	0.43100899950784816	0.18603021935216799	2.3168762634844744	2.8	0.0	1
"2 Mb / 200 kb
(conventional)"	p95	600	0.8120413643500402	0.006317304145564631	128.54238859469402	4.8	2.1999999999999993	1
"2 Mb / 200 kb
(conventional)"	p99	120	0.9265376252086422	0.0069434582629933446	133.4403679139002	4.6	2.3999999999999986	1
"500 kb / 50 kb
(medium)"	All SNPs	12000	0.42767974187288005	0.20869048897925316	2.0493494646773174	2.95	0.75	1
"500 kb / 50 kb
(medium)"	p95	600	0.8114195299542276	0.01098852990267855	73.84240996208574	3.4	1.6999999999999993	1
"500 kb / 50 kb
(medium)"	p99	120	0.9279915313317105	0.012470252172071724	74.41642065667548	3.3	1.6000000000000014	1
"100 kb / 10 kb
(fine-scale)"	All SNPs	12000	0.4315634340320405	0.2154334544102031	2.0032331339324303	2.98	0.6999999999999993	1
"100 kb / 10 kb
(fine-scale)"	p95	600	0.8098554193052592	0.018088851854669265	44.77096865029671	3.07	0.6899999999999995	1
"100 kb / 10 kb
(fine-scale)"	p99	120	0.926230540053434	0.022739694309047605	40.73188176874075	2.9	1.3900000000000006	1
"2 Mb / 200 kb
(conventional)"	All SNPs	12000	0.43286485725874385	0.18578681267865121	2.329900874113464	2.8	0.40000000000000036	1
"2 Mb / 200 kb
(conventional)"	p95	600	0.8156175331142861	0.010215159944620524	79.84383382502044	11.8	2.0	1
"2 Mb / 200 kb
(conventional)"	p99	120	0.9285070608292548	0.007860868768667427	118.11761373376231	4.8	2.0	1
"500 kb / 50 kb
(medium)"	All SNPs	12000	0.424412459755584	0.20829374062860453	2.037567036218948	2.95	1.1000000000000014	1
"500 kb / 50 kb
(medium)"	p95	600	0.8139523245780129	0.008565521657286803	95.02659115753598	3.4	1.1000000000000014	1
"500 kb / 50 kb
(medium)"	p99	120	0.9267657416525756	0.0115552605329271	80.20292913446008	3.35	1.0	1
"100 kb / 10 kb
(fine-scale)"	All SNPs	12000	0.42732856771373295	0.21580248705805183	1.9801837019551107	2.99	0.8699999999999992	1
"100 kb / 10 kb
(fine-scale)"	p95	600	0.8133965860395203	0.01908973475266425	42.60910885238984	3.07	1.5199999999999996	1
"100 kb / 10 kb
(fine-scale)"	p99	120	0.9273504230648838	0.020437272190262753	45.375450032256055	3.01	1.1999999999999993	1
"2 Mb / 200 kb
(conventional)"	All SNPs	12000	0.4266535317224929	0.18525669039998402	2.303039802780206	2.8	0.40000000000000036	1
"2 Mb / 200 kb
(conventional)"	p95	600	0.8055390113132879	0.005831629868680323	138.13273980908164	4.8	2.3999999999999986	1
"2 Mb / 200 kb
(conventional)"	p99	120	0.9081682365189474	0.007471328367827215	121.5537842547078	4.8	2.4000000000000004	1
"500 kb / 50 kb
(medium)"	All SNPs	12000	0.4232626797529875	0.20769504853079446	2.0379045275613845	2.9	0.9000000000000004	1
"500 kb / 50 kb
(medium)"	p95	600	0.8056473914649172	0.008200028199399767	98.24934401126688	3.4	1.6499999999999986	1
"500 kb / 50 kb
(medium)"	p99	120	0.907442078947365	0.009324622486145072	97.31676325724519	3.35	0.8499999999999996	1
"100 kb / 10 kb
(fine-scale)"	All SNPs	12000	0.42794743077827996	0.21521843671950022	1.9884329488743335	2.98	1.0700000000000003	1
"100 kb / 10 kb
(fine-scale)"	p95	600	0.804941328917155	0.016838204713907717	47.80446268433261	3.07	0.8200000000000003	1
"100 kb / 10 kb
(fine-scale)"	p99	120	0.9083934285852903	0.01881761892432455	48.27355853248031	2.97	0.9800000000000004	1
"2 Mb / 200 kb
(conventional)"	All SNPs	12000	0.4279400655544634	0.1853695636289061	2.3085778332583367	2.8	0.40000000000000036	1
"2 Mb / 200 kb
(conventional)"	p95	600	0.8112552164156297	0.0024736113894505015	327.96389112513157	4.8	1.8000000000000007	1
"2 Mb / 200 kb
(conventional)"	p99	120	0.9168172792930034	0.0039377129769524455	232.8298900044678	4.8	1.4000000000000004	1
"500 kb / 50 kb
(medium)"	All SNPs	12000	0.4249258285747476	0.2080223359153618	2.042693284377104	2.9	0.8499999999999996	1
"500 kb / 50 kb
(medium)"	p95	600	0.8115667438140097	0.005316653790165707	152.64615223116024	3.4	0.09999999999999964	1
"500 kb / 50 kb
(medium)"	p99	120	0.9169265969192509	0.007883418240371129	116.31078917310933	3.35	1.6999999999999993	1
"100 kb / 10 kb
(fine-scale)"	All SNPs	12000	0.42829377004103547	0.2158026123723576	1.984655168594688	2.97	1.0899999999999999	1
"100 kb / 10 kb
(fine-scale)"	p95	600	0.8123874946474627	0.012682886642672626	64.05383234398055	3.04	0.019999999999999574	1
"100 kb / 10 kb
(fine-scale)"	p99	120	0.9164874352754916	0.019769985727569588	46.35751628274743	2.99	0.13000000000000078	1
"2 Mb / 200 kb
(conventional)"	All SNPs	12000	0.4342132582030836	0.18783284797691296	2.3117003382520926	2.8	0.40000000000000036	1
"2 Mb / 200 kb
(conventional)"	p95	600	0.813963913023001	0.2553148512858698	3.1880789892305383	4.8	2.3999999999999986	1
"2 Mb / 200 kb
(conventional)"	p99	120	0.9205683611796026	0.006394629081733301	143.95961820667122	4.6	2.3999999999999986	1
"500 kb / 50 kb
(medium)"	All SNPs	12000	0.4313510239447808	0.21124889036703398	2.0419090637367647	3.0	0.25	1
"500 kb / 50 kb
(medium)"	p95	600	0.8132911321009526	0.008911798465153366	91.26004535235599	3.4	1.6499999999999986	1
"500 kb / 50 kb
(medium)"	p99	120	0.9201811546486776	0.01157070961752345	79.52676932234945	3.3	0.1999999999999993	1
"100 kb / 10 kb
(fine-scale)"	All SNPs	12000	0.43164027203634936	0.21847636423599737	1.9756840679117724	3.01	1.2400000000000002	1
"100 kb / 10 kb
(fine-scale)"	p95	600	0.8141500647297324	0.013408659266099358	60.71823055330516	3.06	1.5199999999999996	1
"100 kb / 10 kb
(fine-scale)"	p99	120	0.9202709504181381	0.024294965390748817	37.8790805262297	2.96	0.02999999999999936	1
"2 Mb / 200 kb
(conventional)"	All SNPs	12000	0.4368716056873066	0.188406015835681	2.318777368915469	2.8	0.40000000000000036	1
"2 Mb / 200 kb
(conventional)"	p95	600	0.8127613533389408	0.003325125840495072	244.4302538691078	4.8	1.8000000000000007	1
"2 Mb / 200 kb
(conventional)"	p99	120	0.9163325604838971	0.0017459096530882778	524.8453485912223	4.8	2.1999999999999993	1
"500 kb / 50 kb
(medium)"	All SNPs	12000	0.4316125840913513	0.21032427112189164	2.0521292278303624	2.95	1.1000000000000014	1
"500 kb / 50 kb
(medium)"	p95	600	0.8132062274722639	0.004641492335025122	175.20361314306953	3.4	1.5500000000000007	1
"500 kb / 50 kb
(medium)"	p99	120	0.9170659862329531	0.005454211515158682	168.1390579892596	3.35	1.5999999999999996	1
"100 kb / 10 kb
(fine-scale)"	All SNPs	12000	0.43454837410070607	0.21705721932872135	2.0019991753538786	3.0	1.3099999999999987	1
"100 kb / 10 kb
(fine-scale)"	p95	600	0.8147857916723593	0.01676202522686527	48.60903027197839	3.06	0.07000000000000028	1
"100 kb / 10 kb
(fine-scale)"	p99	120	0.9175126573368999	0.019356348728655194	47.40112250502139	3.01	0.6500000000000004	1
"2 Mb / 200 kb
(conventional)"	All SNPs	12000	0.43224941868537625	0.18750557563650916	2.3052616820489527	2.8	0.1999999999999993	1
"2 Mb / 200 kb
(conventional)"	p95	600	0.8100781784930854	0.003705280067518906	218.62805610684165	4.8	2.3999999999999986	1
"2 Mb / 200 kb
(conventional)"	p99	120	0.9237562273435429	0.005264679973866497	175.46294018420951	4.8	2.3999999999999986	1
"500 kb / 50 kb
(medium)"	All SNPs	12000	0.4278412771653126	0.20976717291895242	2.0396007211796543	2.95	0.4499999999999993	1
"500 kb / 50 kb
(medium)"	p95	600	0.8095479539569482	0.007186035653310847	112.65571074420741	3.4	0.5500000000000007	1
"500 kb / 50 kb
(medium)"	p99	120	0.923970065225502	0.008081932385461245	114.32538917148712	3.4	1.6999999999999993	1
"100 kb / 10 kb
(fine-scale)"	All SNPs	12000	0.43029600025916986	0.21654395397926823	1.987106969979712	3.0	0.34999999999999964	1
"100 kb / 10 kb
(fine-scale)"	p95	600	0.808544608872619	0.016123187552452165	50.14793794603276	3.06	0.39000000000000057	1
"100 kb / 10 kb
(fine-scale)"	p99	120	0.9232218172451898	0.019030053206603795	48.513885233111914	3.0	1.2200000000000006	1
"2 Mb / 200 kb
(conventional)"	All SNPs	12000	0.4357543494603328	0.1888889371840276	2.306934201423312	2.8	0.40000000000000036	1
"2 Mb / 200 kb
(conventional)"	p95	600	0.8167213437972365	0.006580430650214418	124.11366173589632	4.8	2.3999999999999986	1
"2 Mb / 200 kb
(conventional)"	p99	120	0.9303312023576155	0.004444458416063167	209.3238624969943	4.8	2.4000000000000004	1
"500 kb / 50 kb
(medium)"	All SNPs	12000	0.42971651621449325	0.21073380242717513	2.0391437503861947	3.0	0.9499999999999993	1
"500 kb / 50 kb
(medium)"	p95	600	0.8167167357084868	0.007138544396117858	114.4094216396049	3.4	1.6499999999999986	1
"500 kb / 50 kb
(medium)"	p99	120	0.9307873445860936	0.00744887615575279	124.9567485247078	3.35	1.5999999999999996	1
"100 kb / 10 kb
(fine-scale)"	All SNPs	12000	0.430594324204484	0.217377336390802	1.9808611668254112	2.99	0.9499999999999993	1
"100 kb / 10 kb
(fine-scale)"	p95	600	0.8163530035104796	0.01654292892126672	49.34754948145966	3.07	0.2400000000000002	1
"100 kb / 10 kb
(fine-scale)"	p99	120	0.9318288056893739	0.01912340077496449	48.72714935249817	3.0	0.25	1
"2 Mb / 200 kb
(conventional)"	All SNPs	12000	0.4349668128779559	0.1874917647926626	2.3199248956825547	2.8	0.40000000000000036	1
"2 Mb / 200 kb
(conventional)"	p95	600	0.8130878644676307	0.019910062919368525	40.83803590980409	4.8	2.1999999999999993	1
"2 Mb / 200 kb
(conventional)"	p99	120	0.9259116180730852	0.005472121616353147	169.2052339089188	4.6	2.1999999999999993	1
"500 kb / 50 kb
(medium)"	All SNPs	12000	0.42999088749900877	0.21074316690372838	2.0403550625934983	3.0	1.0500000000000007	1
"500 kb / 50 kb
(medium)"	p95	600	0.8149653836085242	0.024816214245425978	32.840036580468166	3.4	0.6999999999999993	1
"500 kb / 50 kb
(medium)"	p99	120	0.926344017705011	0.00742252430923125	124.80174925839378	3.2	1.5	1
"100 kb / 10 kb
(fine-scale)"	All SNPs	12000	0.43081797875528105	0.21733714238080626	1.9822565716835705	2.99	0.8399999999999999	1
"100 kb / 10 kb
(fine-scale)"	p95	600	0.8180942138102648	0.01655323421026935	49.42201647232979	3.06	1.2799999999999994	1
"100 kb / 10 kb
(fine-scale)"	p99	120	0.926423082132163	0.018571281112948645	49.88471589535218	2.82	0.33999999999999986	1
"2 Mb / 200 kb
(conventional)"	All SNPs	12000	0.43225015711299974	0.18693546720827897	2.3122961285425685	2.8	0.40000000000000036	1
"2 Mb / 200 kb
(conventional)"	p95	600	0.8082505858496026	0.3222056840012016	2.5084926367921816	4.8	1.3999999999999986	1
"2 Mb / 200 kb
(conventional)"	p99	120	0.9178888103367416	0.007742319207121685	118.55476192358898	4.8	2.3999999999999986	1
"500 kb / 50 kb
(medium)"	All SNPs	12000	0.42857541211920314	0.20905637747538752	2.050047060485681	2.95	1.0999999999999996	1
"500 kb / 50 kb
(medium)"	p95	600	0.8079816991901246	0.006112041930172795	132.1950517389991	3.4	0.5999999999999996	1
"500 kb / 50 kb
(medium)"	p99	120	0.9163430517125007	0.009797902531448154	93.52440981846173	3.3	1.6499999999999986	1
"100 kb / 10 kb
(fine-scale)"	All SNPs	12000	0.4300476664274163	0.21549365558950243	1.995639571155735	2.99	0.23000000000000043	1
"100 kb / 10 kb
(fine-scale)"	p95	600	0.807117776282463	0.01611025818294121	50.09961771668575	3.08	0.5299999999999994	1
"100 kb / 10 kb
(fine-scale)"	p99	120	0.913786852205408	0.018398917143921834	49.66525176767165	2.97	0.4499999999999993	1
"2 Mb / 200 kb
(conventional)"	All SNPs	12000	0.43383530257327807	0.18744860439907812	2.3144226864962016	2.8	0.40000000000000036	1
"2 Mb / 200 kb
(conventional)"	p95	600	0.8067241891532971	0.15339766523520637	5.259038251438429	5.0	2.3999999999999986	1
"2 Mb / 200 kb
(conventional)"	p99	120	0.929576698123336	0.005540939822816297	167.76516761570954	4.6	2.0	1
"500 kb / 50 kb
(medium)"	All SNPs	12000	0.42581125483697657	0.2089839366879432	2.0375310255199275	3.0	0.5999999999999996	1
"500 kb / 50 kb
(medium)"	p95	600	0.80734157151478	0.007992832404058594	101.00819468012726	3.4	0.4499999999999993	1
"500 kb / 50 kb
(medium)"	p99	120	0.929076029385004	0.009604001534615398	96.73842991760931	3.3	1.25	1
"100 kb / 10 kb
(fine-scale)"	All SNPs	12000	0.4277837880261549	0.21561419470493834	1.9840242364913145	2.99	0.47000000000000064	1
"100 kb / 10 kb
(fine-scale)"	p95	600	0.807866574244356	0.015802273510781516	51.12343952869616	3.08	1.5100000000000016	1
"100 kb / 10 kb
(fine-scale)"	p99	120	0.9273368959044633	0.020986434687401977	44.18744344703475	2.96	1.0299999999999994	1
"2 Mb / 200 kb
(conventional)"	All SNPs	12000	0.4386302483838176	0.19036051136549842	2.3042081849718987	2.8	0.0	1
"2 Mb / 200 kb
(conventional)"	p95	600	0.8079224830556098	0.017686311782963187	45.68066496678311	4.8	0.0	1
"2 Mb / 200 kb
(conventional)"	p99	120	0.937108007284953	0.006683012038558432	140.2224029940687	4.6	2.4000000000000004	1
"500 kb / 50 kb
(medium)"	All SNPs	12000	0.43083065793704856	0.21066763219515974	2.0450728640550375	2.95	0.40000000000000036	1
"500 kb / 50 kb
(medium)"	p95	600	0.814939274847913	0.01122122345267824	72.62481477930166	3.4	0.4499999999999993	1
"500 kb / 50 kb
(medium)"	p99	120	0.9364771090787606	0.01071469927584498	87.40115657654874	3.25	0.6500000000000004	1
"100 kb / 10 kb
(fine-scale)"	All SNPs	12000	0.43188194313613704	0.21783083967289907	1.982648296194713	2.97	0.8399999999999999	1
"100 kb / 10 kb
(fine-scale)"	p95	600	0.8174714321352606	0.01668745195088212	48.987193164145594	3.05	0.5999999999999996	1
"100 kb / 10 kb
(fine-scale)"	p99	120	0.9382036722416646	0.0245283624817263	38.24974752964569	2.9	1.1999999999999993	1
"2 Mb / 200 kb
(conventional)"	All SNPs	12000	0.4261581947219829	0.18747487131384213	2.273148351752023	2.8	0.40000000000000036	1
"2 Mb / 200 kb
(conventional)"	p95	600	0.8097523273614226	0.7315762747108049	1.1068597429318234	4.8	2.0	1
"2 Mb / 200 kb
(conventional)"	p99	120	0.9245864031563342	0.012639426602210164	73.1509768801267	4.8	1.1999999999999993	1
"500 kb / 50 kb
(medium)"	All SNPs	12000	0.42593633507866374	0.20984635153730669	2.0297533502884866	2.9	0.09999999999999964	1
"500 kb / 50 kb
(medium)"	p95	600	0.8163369001933098	0.452678849934532	1.8033466779182887	3.4	1.6999999999999993	1
"500 kb / 50 kb
(medium)"	p99	120	0.9248931401619183	0.01546396671558716	59.80956614641811	3.4	0.6999999999999993	1
"100 kb / 10 kb
(fine-scale)"	All SNPs	12000	0.431689357915845	0.21733956168445412	1.986243804717873	2.99	1.2100000000000009	1
"100 kb / 10 kb
(fine-scale)"	p95	600	0.8162124016608991	0.016690185188198422	48.90373548629289	3.07	0.33000000000000007	1
"100 kb / 10 kb
(fine-scale)"	p99	120	0.9265258145858564	0.022467520554729628	41.23845407546823	3.01	0.6400000000000006	1
"2 Mb / 200 kb
(conventional)"	All SNPs	12000	0.42585711189487135	0.18697031572336786	2.2776723152403973	2.8	0.40000000000000036	1
"2 Mb / 200 kb
(conventional)"	p95	600	0.8142228593833231	0.009196846723294568	88.53282911859225	4.8	2.3999999999999986	1
"2 Mb / 200 kb
(conventional)"	p99	120	0.9302573800951478	0.003913661115684232	237.69492365271114	4.6	2.3999999999999986	1
"500 kb / 50 kb
(medium)"	All SNPs	12000	0.4214836760414013	0.2100357079623707	2.0067239048558014	2.95	0.5500000000000007	1
"500 kb / 50 kb
(medium)"	p95	600	0.8138236075381035	0.009000133154314447	90.42350747310621	3.4	1.6499999999999986	1
"500 kb / 50 kb
(medium)"	p99	120	0.930354306496182	0.005575501127312815	166.86469704734475	3.3	1.6999999999999993	1
"100 kb / 10 kb
(fine-scale)"	All SNPs	12000	0.42358654955519587	0.21676893808830938	1.9540924695706687	2.98	0.10999999999999943	1
"100 kb / 10 kb
(fine-scale)"	p95	600	0.8136028586231194	0.01678666384390817	48.46721577249988	3.07	1.3499999999999996	1
"100 kb / 10 kb
(fine-scale)"	p99	120	0.9299803345259922	0.016851187624619846	55.18782149023589	2.95	0.9900000000000002	1
"2 Mb / 200 kb
(conventional)"	All SNPs	12000	0.429387106206159	0.1847584873495274	2.3240453652006874	2.8	0.40000000000000036	1
"2 Mb / 200 kb
(conventional)"	p95	600	0.8065169313579585	0.013588536846057462	59.35274271946056	4.8	2.0	1
"2 Mb / 200 kb
(conventional)"	p99	120	0.9236110854437278	0.005874216506771182	157.23136598371642	4.8	2.4000000000000004	1
"500 kb / 50 kb
(medium)"	All SNPs	12000	0.4259129071996144	0.20707525761470003	2.056802498307646	2.95	1.1000000000000014	1
"500 kb / 50 kb
(medium)"	p95	600	0.8105884343846959	0.008365826406666532	96.89281070173257	3.4	1.6999999999999993	1
"500 kb / 50 kb
(medium)"	p99	120	0.9231615387496285	0.008993737092715962	102.64493271626742	3.4	0.6500000000000004	1
"100 kb / 10 kb
(fine-scale)"	All SNPs	12000	0.4301837152116833	0.2138301913412989	2.0118006372872665	2.97	1.17	1
"100 kb / 10 kb
(fine-scale)"	p95	600	0.8106547240455582	0.016985223057266626	47.727057885103456	3.06	1.5199999999999996	1
"100 kb / 10 kb
(fine-scale)"	p99	120	0.9233582160454625	0.021879841804834335	42.20132047944914	3.05	0.6500000000000004	1
"2 Mb / 200 kb
(conventional)"	All SNPs	12000	0.43453299389677114	0.18834019023117482	2.3071708346657784	2.8	0.40000000000000036	1
"2 Mb / 200 kb
(conventional)"	p95	600	0.8140087763185916	0.01352908150394166	60.1673347951546	4.8	2.3999999999999986	1
"2 Mb / 200 kb
(conventional)"	p99	120	0.9280776462317532	0.005475821624397208	169.48646429546875	4.8	2.4000000000000004	1
"500 kb / 50 kb
(medium)"	All SNPs	12000	0.4320406538145176	0.21075458259553306	2.049970389700436	2.95	0.09999999999999964	1
"500 kb / 50 kb
(medium)"	p95	600	0.8199009476600988	0.004858347168197346	168.7612925291045	3.4	0.40000000000000036	1
"500 kb / 50 kb
(medium)"	p99	120	0.9282019455336369	0.007297252357721456	127.1988277274633	3.35	1.5999999999999996	1
"100 kb / 10 kb
(fine-scale)"	All SNPs	12000	0.4352110437771606	0.2180872211095903	1.9955825085160037	2.99	0.08999999999999986	1
"100 kb / 10 kb
(fine-scale)"	p95	600	0.8198039144597181	0.015165848604452217	54.055921026341345	3.07	1.5300000000000011	1
"100 kb / 10 kb
(fine-scale)"	p99	120	0.9262088928365135	0.019246432074569577	48.12366724637335	3.01	1.3800000000000008	1
"2 Mb / 200 kb
(conventional)"	All SNPs	12000	0.43841292399475096	0.18931165790920076	2.315826340737168	2.8	0.0	1
"2 Mb / 200 kb
(conventional)"	p95	600	0.8119126785666256	0.013123534839948868	61.86691988618129	4.8	0.5999999999999996	1
"2 Mb / 200 kb
(conventional)"	p99	120	0.9295483570958476	0.004620827825496549	201.16489776287204	4.6	2.4000000000000004	1
"500 kb / 50 kb
(medium)"	All SNPs	12000	0.43121235492695204	0.2106900949106976	2.046666480024722	2.95	0.75	1
"500 kb / 50 kb
(medium)"	p95	600	0.8158525719343893	0.006655349686441926	122.5859812590192	3.4	0.15000000000000036	1
"500 kb / 50 kb
(medium)"	p99	120	0.9295061188819278	0.008971176217172016	103.6102843574436	3.3	1.5999999999999996	1
"100 kb / 10 kb
(fine-scale)"	All SNPs	12000	0.4328137999318143	0.21753355734175397	1.9896415303494825	2.97	0.8699999999999992	1
"100 kb / 10 kb
(fine-scale)"	p95	600	0.8164501321140161	0.01502725384904084	54.33129301706236	3.07	0.2599999999999998	1
"100 kb / 10 kb
(fine-scale)"	p99	120	0.9271866539008888	0.02069623833130495	44.799766945978504	2.93	0.15000000000000036	1
"2 Mb / 200 kb
(conventional)"	All SNPs	12000	0.43635730818343793	0.1887637160450717	2.3116588151890776	2.8	0.1999999999999993	1
"2 Mb / 200 kb
(conventional)"	p95	600	0.8101249714819133	0.015401770942601315	52.59946888582187	4.8	2.3999999999999986	1
"2 Mb / 200 kb
(conventional)"	p99	120	0.9288833508560466	0.015000126302470886	61.92503530473852	4.8	2.4000000000000004	1
"500 kb / 50 kb
(medium)"	All SNPs	12000	0.4340802357998807	0.2100902465951352	2.066160818195413	2.9	0.75	1
"500 kb / 50 kb
(medium)"	p95	600	0.8166964444548226	0.00842323856152416	96.95753462158191	3.4	1.6999999999999993	1
"500 kb / 50 kb
(medium)"	p99	120	0.9306850891083656	0.016021078529263856	58.09128813696222	3.4	1.6500000000000004	1
"100 kb / 10 kb
(fine-scale)"	All SNPs	12000	0.43836610091154155	0.2173071780854701	2.0172647069169787	2.97	0.7599999999999998	1
"100 kb / 10 kb
(fine-scale)"	p95	600	0.8147357839531879	0.017563181875529556	46.38884854277707	3.07	1.5100000000000016	1
"100 kb / 10 kb
(fine-scale)"	p99	120	0.9299218195016528	0.02558559153409602	36.345527452918766	3.03	0.33000000000000007	1
"2 Mb / 200 kb
(conventional)"	All SNPs	12000	0.4305513070180366	0.1885004341615426	2.284086553610053	2.8	0.40000000000000036	1
"2 Mb / 200 kb
(conventional)"	p95	600	0.821382666705839	0.0034275513581176987	239.64124264994706	4.8	2.4000000000000004	1
"2 Mb / 200 kb
(conventional)"	p99	120	0.9375054803474473	0.015675902899043588	59.80551719318483	4.6	2.4000000000000004	1
"500 kb / 50 kb
(medium)"	All SNPs	12000	0.423364671499973	0.2109767193806409	2.0066890448521244	2.9	1.0	1
"500 kb / 50 kb
(medium)"	p95	600	0.821000986710881	0.005523004541353196	148.65115184383438	3.4	1.5500000000000007	1
"500 kb / 50 kb
(medium)"	p99	120	0.9340947031433546	0.016816935533319345	55.5448821988189	3.25	1.6500000000000004	1
"100 kb / 10 kb
(fine-scale)"	All SNPs	12000	0.4278491066004357	0.21877450592815692	1.9556625429698673	2.96	1.1700000000000017	1
"100 kb / 10 kb
(fine-scale)"	p95	600	0.8213590085656538	0.0135706959754698	60.524457260727885	3.05	1.129999999999999	1
"100 kb / 10 kb
(fine-scale)"	p99	120	0.9310487497729597	0.023820076814121016	39.08672323092659	2.93	1.4900000000000002	1
"2 Mb / 200 kb
(conventional)"	All SNPs	12000	0.43091950021032915	0.18598417320487667	2.3169686580569215	2.8	0.40000000000000036	1
"2 Mb / 200 kb
(conventional)"	p95	600	0.8139556269117904	0.005463757319281285	148.97360540509143	4.8	2.1999999999999993	1
"2 Mb / 200 kb
(conventional)"	p99	120	0.9246156221252428	0.011107441772327146	83.24289616613713	4.8	2.3999999999999986	1
"500 kb / 50 kb
(medium)"	All SNPs	12000	0.4270667858657097	0.20756164010979491	2.057541969892905	2.95	0.9499999999999993	1
"500 kb / 50 kb
(medium)"	p95	600	0.8135186710676879	0.009233848422820063	88.10180044294417	3.4	1.5500000000000007	1
"500 kb / 50 kb
(medium)"	p99	120	0.9248896275352196	0.012819601300717718	72.14652046030783	3.35	1.6499999999999986	1
"100 kb / 10 kb
(fine-scale)"	All SNPs	12000	0.4276019512427271	0.214377062369467	1.9946254814602264	2.96	0.9399999999999995	1
"100 kb / 10 kb
(fine-scale)"	p95	600	0.8132373170309689	0.016397130057860164	49.59632046347853	3.08	1.5299999999999994	1
"100 kb / 10 kb
(fine-scale)"	p99	120	0.9235423691920672	0.02238383583775801	41.25934338895555	3.02	0.46000000000000085	1
"2 Mb / 200 kb
(conventional)"	All SNPs	12000	0.433644992529427	0.18828508348725187	2.3031298310935373	2.8	0.40000000000000036	1
"2 Mb / 200 kb
(conventional)"	p95	600	0.8207465120330321	0.006066037105472416	135.30192739714758	4.8	2.3999999999999986	1
"2 Mb / 200 kb
(conventional)"	p99	120	0.9215324208299898	0.002932796785859758	314.2162543525292	4.8	2.4000000000000004	1
"500 kb / 50 kb
(medium)"	All SNPs	12000	0.4287399444458481	0.2113413416690862	2.0286610327153127	2.95	0.8000000000000007	1
"500 kb / 50 kb
(medium)"	p95	600	0.8198656723400815	0.00942491125397283	86.9892193408705	3.4	1.6999999999999993	1
"500 kb / 50 kb
(medium)"	p99	120	0.9220263239300863	0.00653287611768322	141.13635515517294	3.4	0.05000000000000071	1
"100 kb / 10 kb
(fine-scale)"	All SNPs	12000	0.4302087034964616	0.21832549057509018	1.97049232484604	2.98	0.6099999999999994	1
"100 kb / 10 kb
(fine-scale)"	p95	600	0.8193394499846188	0.016657598252282795	49.18712995568462	3.08	1.5399999999999991	1
"100 kb / 10 kb
(fine-scale)"	p99	120	0.9232760145140666	0.01960588367372383	47.091782746393534	3.04	1.0300000000000011	1
"2 Mb / 200 kb
(conventional)"	All SNPs	12000	0.43798302012857476	0.18780407742159969	2.332127321950261	2.8	0.40000000000000036	1
"2 Mb / 200 kb
(conventional)"	p95	600	0.8135023765927433	0.007746481802457616	105.01572163180644	4.8	2.3999999999999986	1
"2 Mb / 200 kb
(conventional)"	p99	120	0.9272562957877348	0.00797566297093016	116.26071702972094	4.8	2.1999999999999993	1
"500 kb / 50 kb
(medium)"	All SNPs	12000	0.43236023972269966	0.20888909579814918	2.0698076080548122	2.95	0.5	1
"500 kb / 50 kb
(medium)"	p95	600	0.8131857186877894	0.007033488109081843	115.6162783068874	3.4	1.6499999999999986	1
"500 kb / 50 kb
(medium)"	p99	120	0.9267542773090386	0.01171654669087336	79.09790331232468	3.35	1.4499999999999993	1
"100 kb / 10 kb
(fine-scale)"	All SNPs	12000	0.4346738136031865	0.21574664555545153	2.014741932529681	2.99	1.4100000000000001	1
"100 kb / 10 kb
(fine-scale)"	p95	600	0.813131613194114	0.015180383914466914	53.56462773113393	3.07	0.6999999999999993	1
"100 kb / 10 kb
(fine-scale)"	p99	120	0.9278339166359122	0.027405574866006192	33.8556633521596	3.0	0.8000000000000007	1
"2 Mb / 200 kb
(conventional)"	All SNPs	12000	0.43382320911944255	0.18665071869407296	2.3242514797411196	2.8	0.1999999999999993	1
"2 Mb / 200 kb
(conventional)"	p95	600	0.8141741657863115	0.556863390196192	1.462071632145659	4.8	1.4000000000000004	1
"2 Mb / 200 kb
(conventional)"	p99	120	0.9294403245351708	0.007466448119449811	124.48225845352282	4.8	2.4000000000000004	1
"500 kb / 50 kb
(medium)"	All SNPs	12000	0.4323360209012918	0.208777834635647	2.0707946399376738	2.9	1.0500000000000007	1
"500 kb / 50 kb
(medium)"	p95	600	0.8148238498153126	0.010758885746562072	75.73496633475116	3.4	0.5999999999999996	1
"500 kb / 50 kb
(medium)"	p99	120	0.9298470583426566	0.008398152530727288	110.72042987317961	3.3	1.6500000000000004	1
"100 kb / 10 kb
(fine-scale)"	All SNPs	12000	0.4372143067043408	0.21614547074911764	2.022778016994953	2.99	0.6799999999999997	1
"100 kb / 10 kb
(fine-scale)"	p95	600	0.8164705900383818	0.016609117930981552	49.15797415800098	3.06	0.75	1
"100 kb / 10 kb
(fine-scale)"	p99	120	0.9294562179624603	0.016239314985232737	57.23493994713839	2.94	0.11999999999999922	1
"2 Mb / 200 kb
(conventional)"	All SNPs	12000	0.43278063060254013	0.18712220635728558	2.3128234698996746	2.8	0.1999999999999993	1
"2 Mb / 200 kb
(conventional)"	p95	600	0.8243570073623221	0.30239692281550073	2.72607604497775	4.8	2.1999999999999993	1
"2 Mb / 200 kb
(conventional)"	p99	120	0.9331474474721594	0.010055168918477332	92.8027619463868	4.8	2.4000000000000004	1
"500 kb / 50 kb
(medium)"	All SNPs	12000	0.42853962481019003	0.21051497508452652	2.035672876184327	2.9	0.6999999999999993	1
"500 kb / 50 kb
(medium)"	p95	600	0.8238069487160423	0.0061319225367473095	134.3472530481496	3.4	1.6999999999999993	1
"500 kb / 50 kb
(medium)"	p99	120	0.9323271501705468	0.012417560809305412	75.08134363005365	3.35	1.6500000000000004	1
"100 kb / 10 kb
(fine-scale)"	All SNPs	12000	0.43369723176925373	0.2179438056594236	1.9899497967241322	2.98	0.5800000000000001	1
"100 kb / 10 kb
(fine-scale)"	p95	600	0.8230116616346275	0.014788671534293016	55.65149376170604	3.07	1.5100000000000016	1
"100 kb / 10 kb
(fine-scale)"	p99	120	0.9283055280850631	0.02265155554844468	40.98197698165605	2.99	0.2599999999999998	1
"2 Mb / 200 kb
(conventional)"	All SNPs	12000	0.4299092021211174	0.18638673379757556	2.3065439978577995	2.8	0.40000000000000036	1
"2 Mb / 200 kb
(conventional)"	p95	600	0.8158465467594133	0.3416945962071606	2.3876483731828952	4.8	2.1999999999999993	1
"2 Mb / 200 kb
(conventional)"	p99	120	0.9214977086969706	0.006381758984572662	144.39556726047002	4.4	2.1999999999999993	1
"500 kb / 50 kb
(medium)"	All SNPs	12000	0.4273585780354333	0.2094381002514042	2.040500642062943	2.95	0.6999999999999993	1
"500 kb / 50 kb
(medium)"	p95	600	0.8160923062864264	0.007364754241982641	110.81052801929327	3.4	1.6999999999999993	1
"500 kb / 50 kb
(medium)"	p99	120	0.9218877304157423	0.009466912002404062	97.37998305906243	3.2	1.6000000000000014	1
"100 kb / 10 kb
(fine-scale)"	All SNPs	12000	0.42928488203422205	0.21660993263295483	1.9818337821176675	2.99	0.5700000000000003	1
"100 kb / 10 kb
(fine-scale)"	p95	600	0.8161423178819681	0.01679331371591641	48.599242036932985	3.07	1.2199999999999989	1
"100 kb / 10 kb
(fine-scale)"	p99	120	0.9218868594961352	0.020008781616152063	46.07411271618574	2.83	0.25	1
"2 Mb / 200 kb
(conventional)"	All SNPs	12000	0.4334733762069837	0.1881936835146517	2.3033364782045718	2.8	0.40000000000000036	1
"2 Mb / 200 kb
(conventional)"	p95	600	0.8150376652603067	0.01355730285645311	60.11798024209209	7.2	2.0	1
"2 Mb / 200 kb
(conventional)"	p99	120	0.9296884333399109	0.008031319329747046	115.75787179778249	4.8	2.3999999999999986	1
"500 kb / 50 kb
(medium)"	All SNPs	12000	0.4289921654092567	0.2100126338937949	2.0426969437762565	2.95	0.3000000000000007	1
"500 kb / 50 kb
(medium)"	p95	600	0.8151877452627888	0.006384783824327489	127.67663991327893	3.4	1.1499999999999986	1
"500 kb / 50 kb
(medium)"	p99	120	0.929501898278504	0.011855016470303752	78.40578717092986	3.35	0.5500000000000007	1
"100 kb / 10 kb
(fine-scale)"	All SNPs	12000	0.4327145219280139	0.21759473501750068	1.9886258823919227	2.98	1.4299999999999997	1
"100 kb / 10 kb
(fine-scale)"	p95	600	0.815526449589006	0.015966585656446056	51.07707227686217	3.06	0.14000000000000057	1
"100 kb / 10 kb
(fine-scale)"	p99	120	0.9301456591376781	0.02319712629505516	40.09745204240896	3.0	0.6600000000000001	1
"2 Mb / 200 kb
(conventional)"	All SNPs	12000	0.4282402041641696	0.1866990568314353	2.29374594297396	2.8	0.40000000000000036	1
"2 Mb / 200 kb
(conventional)"	p95	600	0.8134659003836028	0.0037336562580758304	217.87380630557269	4.8	2.1999999999999993	1
"2 Mb / 200 kb
(conventional)"	p99	120	0.9209391418018552	0.008196986141957593	112.35094531731363	4.8	2.3999999999999986	1
"500 kb / 50 kb
(medium)"	All SNPs	12000	0.42393747681661814	0.21061531447754392	2.0128520941995363	3.0	0.9000000000000004	1
"500 kb / 50 kb
(medium)"	p95	600	0.813843711838587	0.006482788590842585	125.53914113259856	3.4	0.6500000000000004	1
"500 kb / 50 kb
(medium)"	p99	120	0.9208003897657513	0.008058353536720991	114.26656643565832	3.4	1.6499999999999986	1
"100 kb / 10 kb
(fine-scale)"	All SNPs	12000	0.4247395318552592	0.21769628923954837	1.9510646384417	2.99	0.3699999999999992	1
"100 kb / 10 kb
(fine-scale)"	p95	600	0.8144353341128029	0.013969742939213202	58.29995137753574	3.08	1.5399999999999991	1
"100 kb / 10 kb
(fine-scale)"	p99	120	0.9217255947725831	0.018205957168147466	50.627692148216376	3.03	0.9800000000000004	1
"2 Mb / 200 kb
(conventional)"	All SNPs	12000	0.4350045124743233	0.18870462984987624	2.3052137767917547	2.8	0.1999999999999993	1
"2 Mb / 200 kb
(conventional)"	p95	600	0.8186322682192781	0.006995878297263646	117.01636784325942	4.8	0.0	1
"2 Mb / 200 kb
(conventional)"	p99	120	0.9348320177328749	0.0051890829717054325	180.1536076471013	4.6	2.0	1
"500 kb / 50 kb
(medium)"	All SNPs	12000	0.42990611084961344	0.21094431970826774	2.0380075246594265	3.0	0.05000000000000071	1
"500 kb / 50 kb
(medium)"	p95	600	0.8201495645127233	0.009013318650997346	90.9930732807246	3.4	0.5500000000000007	1
"500 kb / 50 kb
(medium)"	p99	120	0.9348833545638723	0.006659869438888546	140.37562795223405	3.2	0.40000000000000036	1
"100 kb / 10 kb
(fine-scale)"	All SNPs	12000	0.4312058108328716	0.2175319533486106	1.9822642338058414	2.98	0.6600000000000001	1
"100 kb / 10 kb
(fine-scale)"	p95	600	0.8217451385216482	0.0171600383269919	47.88713887830211	3.08	0.7300000000000004	1
"100 kb / 10 kb
(fine-scale)"	p99	120	0.9361356548964191	0.01807036224016953	51.80502983030608	2.84	0.7300000000000004	1
"2 Mb / 200 kb
(conventional)"	All SNPs	12000	0.4305237771044498	0.18767216378966126	2.294020425889964	2.8	0.40000000000000036	1
"2 Mb / 200 kb
(conventional)"	p95	600	0.8161849143990701	0.004420433360747116	184.63911743284902	4.8	0.40000000000000036	1
"2 Mb / 200 kb
(conventional)"	p99	120	0.9290161517020941	0.006657417467589248	139.5460261016957	4.8	2.3999999999999986	1
"500 kb / 50 kb
(medium)"	All SNPs	12000	0.4277768964892937	0.2112833356704277	2.0246598963042004	2.95	1.0999999999999996	1
"500 kb / 50 kb
(medium)"	p95	600	0.8167970755759987	0.006829489531302819	119.59855445011326	3.4	0.25	1
"500 kb / 50 kb
(medium)"	p99	120	0.9283953863706533	0.011911575070536716	77.9406065841821	3.4	1.3500000000000014	1
"100 kb / 10 kb
(fine-scale)"	All SNPs	12000	0.4310275889630774	0.21821370978319557	1.9752543934628182	2.97	1.0099999999999998	1
"100 kb / 10 kb
(fine-scale)"	p95	600	0.8173478159546052	0.013992687586052745	58.412496593527834	3.07	0.3200000000000003	1
"100 kb / 10 kb
(fine-scale)"	p99	120	0.9267239331030087	0.021424298287260037	43.25574264684717	3.0	1.1499999999999986	1
"2 Mb / 200 kb
(conventional)"	All SNPs	12000	0.44021733964422316	0.18804280216345207	2.3410486047829364	2.8	0.40000000000000036	1
"2 Mb / 200 kb
(conventional)"	p95	600	0.8113631708853716	0.005717518603413118	141.90826950716382	4.8	0.40000000000000036	1
"2 Mb / 200 kb
(conventional)"	p99	120	0.9197072873796226	0.003469273836337174	265.1008051732926	4.8	2.0	1
"500 kb / 50 kb
(medium)"	All SNPs	12000	0.4307754748891026	0.20849342964029047	2.066134533027304	2.9	0.8000000000000007	1
"500 kb / 50 kb
(medium)"	p95	600	0.8128204386878156	0.006802836921007839	119.48257001101187	3.4	0.09999999999999964	1
"500 kb / 50 kb
(medium)"	p99	120	0.9195736632902182	0.004719101972893576	194.86200310402916	3.4	1.1999999999999993	1
"100 kb / 10 kb
(fine-scale)"	All SNPs	12000	0.43381683182507275	0.21560733669150844	2.0120689698318523	2.96	0.4499999999999993	1
"100 kb / 10 kb
(fine-scale)"	p95	600	0.813238174167329	0.014187429493320735	57.321037228779986	3.05	0.23000000000000043	1
"100 kb / 10 kb
(fine-scale)"	p99	120	0.9204531310183409	0.019844216384384064	46.383949519048265	3.0	0.5899999999999999	1
"2 Mb / 200 kb
(conventional)"	All SNPs	12000	0.431735129535664	0.18701074728670075	2.308611327421645	2.8	0.1999999999999993	1
"2 Mb / 200 kb
(conventional)"	p95	600	0.8145438323206728	0.004713097812766984	172.825573471913	4.8	0.0	1
"2 Mb / 200 kb
(conventional)"	p99	120	0.92860362828007	0.0083261211697006	111.5289592060383	4.6	2.1999999999999993	1
"500 kb / 50 kb
(medium)"	All SNPs	12000	0.4289726225684004	0.20940147638982284	2.0485654158895366	2.9	0.09999999999999964	1
"500 kb / 50 kb
(medium)"	p95	600	0.8149376165953188	0.006662934526378654	122.30911370492521	3.4	0.25	1
"500 kb / 50 kb
(medium)"	p99	120	0.9286949573992068	0.009006960388149462	103.10858684591298	3.25	1.4499999999999993	1
"100 kb / 10 kb
(fine-scale)"	All SNPs	12000	0.4338367364406078	0.2162277079140568	2.0063882683020586	2.97	0.9199999999999999	1
"100 kb / 10 kb
(fine-scale)"	p95	600	0.8155986802993584	0.014638477641383821	55.71608607671155	3.06	0.7400000000000002	1
"100 kb / 10 kb
(fine-scale)"	p99	120	0.9299201191830835	0.018858094384258207	49.3114574693896	2.92	1.2799999999999994	1
"2 Mb / 200 kb
(conventional)"	All SNPs	12000	0.4332385973632511	0.18788694484401328	2.305847262155083	2.8	0.40000000000000036	1
"2 Mb / 200 kb
(conventional)"	p95	600	0.8160255895678803	0.00655777904295583	124.4362739614459	4.8	0.0	1
"2 Mb / 200 kb
(conventional)"	p99	120	0.9268173164921193	0.008039845049619968	115.27800732128894	4.8	2.4000000000000004	1
"500 kb / 50 kb
(medium)"	All SNPs	12000	0.42793866340411446	0.20989191166686638	2.0388525694278528	2.95	1.1500000000000004	1
"500 kb / 50 kb
(medium)"	p95	600	0.8177484253866827	0.007937009183404044	103.02979453476766	3.4	0.25	1
"500 kb / 50 kb
(medium)"	p99	120	0.9270953841122302	0.009835372050815135	94.2613435793102	3.4	1.6999999999999993	1
"100 kb / 10 kb
(fine-scale)"	All SNPs	12000	0.43124727117986655	0.21732724513387688	1.9843221723728734	2.98	1.2899999999999991	1
"100 kb / 10 kb
(fine-scale)"	p95	600	0.8199051807682153	0.016471046061718723	49.77857372846541	3.07	1.5300000000000011	1
"100 kb / 10 kb
(fine-scale)"	p99	120	0.9274199830149381	0.018552870531912093	49.987950997648475	3.01	0.6500000000000004	1
"2 Mb / 200 kb
(conventional)"	All SNPs	12000	0.43237241269392057	0.1872327094636549	2.3092781914682035	2.8	0.40000000000000036	1
"2 Mb / 200 kb
(conventional)"	p95	600	0.8138439556522625	0.6226452954562725	1.3070747688792546	4.8	2.4000000000000004	1
"2 Mb / 200 kb
(conventional)"	p99	120	0.9246931202999652	0.0042389738912946015	218.1407916191623	4.8	0.1999999999999993	1
"500 kb / 50 kb
(medium)"	All SNPs	12000	0.42396407143269366	0.20824123747467804	2.0359275452550425	2.95	0.5	1
"500 kb / 50 kb
(medium)"	p95	600	0.8134782774973472	0.010648542358052954	76.39339264891544	3.4	1.6999999999999993	1
"500 kb / 50 kb
(medium)"	p99	120	0.9260174947003269	0.008737745336209307	105.97899790726343	3.35	0.9000000000000004	1
"100 kb / 10 kb
(fine-scale)"	All SNPs	12000	0.4254050487280869	0.21498855489421387	1.9787334676369606	2.97	0.9800000000000004	1
"100 kb / 10 kb
(fine-scale)"	p95	600	0.8126703190496389	0.01920586607352166	42.31365125314678	3.07	1.5399999999999991	1
"100 kb / 10 kb
(fine-scale)"	p99	120	0.9269551631868949	0.02287975004898526	40.51421720964151	3.0	0.27999999999999936	1
"2 Mb / 200 kb
(conventional)"	All SNPs	12000	0.4324360360411487	0.18468181541878131	2.3415193047597254	2.8	0.1999999999999993	1
"2 Mb / 200 kb
(conventional)"	p95	600	0.8020791393752594	0.6336156912912312	1.26587638279715	4.8	2.4000000000000004	1
"2 Mb / 200 kb
(conventional)"	p99	120	0.9258073357835115	0.01268193190196331	73.00207436377937	4.8	2.3999999999999986	1
"500 kb / 50 kb
(medium)"	All SNPs	12000	0.4244079638634057	0.20589865868113907	2.0612468608678833	2.9	0.05000000000000071	1
"500 kb / 50 kb
(medium)"	p95	600	0.8095593657096697	0.44516818001573033	1.8185472413618227	3.4	1.6999999999999993	1
"500 kb / 50 kb
(medium)"	p99	120	0.9250776219318014	0.011660514414567938	79.33420336722587	3.35	1.6499999999999986	1
"100 kb / 10 kb
(fine-scale)"	All SNPs	12000	0.4294299057370879	0.21327890111673284	2.0134664211442566	2.97	1.1700000000000017	1
"100 kb / 10 kb
(fine-scale)"	p95	600	0.810295545235835	0.017392141477418434	46.589751255640635	3.08	1.5199999999999996	1
"100 kb / 10 kb
(fine-scale)"	p99	120	0.924070804784378	0.02049982211222684	45.07701577728465	3.01	1.4699999999999989	1
"2 Mb / 200 kb
(conventional)"	All SNPs	12000	0.432440271872255	0.18685674417205445	2.3142877383867475	2.8	0.40000000000000036	1
"2 Mb / 200 kb
(conventional)"	p95	600	0.8232805178990965	0.00953721069798665	86.32298729364288	4.8	2.4000000000000004	1
"2 Mb / 200 kb
(conventional)"	p99	120	0.9397166280786233	0.006585575959028191	142.6931575802967	4.8	2.4000000000000004	1
"500 kb / 50 kb
(medium)"	All SNPs	12000	0.42781065749501834	0.20846707573642215	2.052173735270916	2.9	0.4499999999999993	1
"500 kb / 50 kb
(medium)"	p95	600	0.8220681254411666	0.011088463684008825	74.13724289206161	3.4	1.6999999999999993	1
"500 kb / 50 kb
(medium)"	p99	120	0.938646320531238	0.009120562105071627	102.9154025506048	3.4	1.6999999999999993	1
"100 kb / 10 kb
(fine-scale)"	All SNPs	12000	0.43427832939527145	0.21627859318957862	2.007957990620947	2.99	1.4499999999999993	1
"100 kb / 10 kb
(fine-scale)"	p95	600	0.8202779123151311	0.016861202684857753	48.64883766872596	3.08	1.5300000000000011	1
"100 kb / 10 kb
(fine-scale)"	p99	120	0.9387780430897171	0.020711137444191195	45.32720839786682	3.07	1.5299999999999994	1
"2 Mb / 200 kb
(conventional)"	All SNPs	12000	0.4321685716793702	0.1872340327427906	2.308173174227647	2.8	0.40000000000000036	1
"2 Mb / 200 kb
(conventional)"	p95	600	0.8157731023491792	0.005872991977735209	138.90247176257242	4.8	2.1999999999999993	1
"2 Mb / 200 kb
(conventional)"	p99	120	0.9280812339430244	0.011106710982690258	83.5604019398212	4.8	1.6000000000000014	1
"500 kb / 50 kb
(medium)"	All SNPs	12000	0.43030829856395697	0.210414713341576	2.045048522179233	2.95	0.6999999999999993	1
"500 kb / 50 kb
(medium)"	p95	600	0.8156980052922501	0.007888814015189668	103.3993200653037	3.4	0.5500000000000007	1
"500 kb / 50 kb
(medium)"	p99	120	0.9268876895337501	0.012826940295195446	72.26101222915429	3.4	1.1999999999999993	1
"100 kb / 10 kb
(fine-scale)"	All SNPs	12000	0.43262284734548373	0.21790724993637162	1.9853531604469725	3.0	1.4000000000000004	1
"100 kb / 10 kb
(fine-scale)"	p95	600	0.8167366115863395	0.02010000049007845	40.63366127724665	3.07	0.41000000000000014	1
"100 kb / 10 kb
(fine-scale)"	p99	120	0.9275472560380119	0.020361052236735976	45.55497649401957	3.0	1.2599999999999998	1
"2 Mb / 200 kb
(conventional)"	All SNPs	12000	0.43469580413025666	0.18828309149007544	2.308735217220341	2.8	0.40000000000000036	1
"2 Mb / 200 kb
(conventional)"	p95	600	0.8202593602551451	0.3043584848661559	2.6950435129674823	4.8	2.1999999999999993	1
"2 Mb / 200 kb
(conventional)"	p99	120	0.9340639100147686	0.0039959382756088796	233.75333791221811	4.6	2.1999999999999993	1
"500 kb / 50 kb
(medium)"	All SNPs	12000	0.42681795487952884	0.20976541383500155	2.034739412357357	2.95	1.0500000000000007	1
"500 kb / 50 kb
(medium)"	p95	600	0.8200765167485191	0.009545331065018897	85.91388933107639	3.4	1.4499999999999993	1
"500 kb / 50 kb
(medium)"	p99	120	0.9339924130976458	0.008917288254689952	104.73951120806514	3.3	1.6999999999999993	1
"100 kb / 10 kb
(fine-scale)"	All SNPs	12000	0.43103532052317406	0.21691545289924094	1.9871120971883622	3.0	0.019999999999999574	1
"100 kb / 10 kb
(fine-scale)"	p95	600	0.8207408937278169	0.019113793539249253	42.93971743717253	3.08	1.5399999999999991	1
"100 kb / 10 kb
(fine-scale)"	p99	120	0.9337550577839743	0.020018877001739488	46.64372820227818	2.93	0.6899999999999995	1
"2 Mb / 200 kb
(conventional)"	All SNPs	12000	0.4356624100931126	0.18906970924401326	2.3042422386700077	2.8	0.0	1
"2 Mb / 200 kb
(conventional)"	p95	600	0.8212013227515048	0.004664536611995119	176.05206927516429	4.8	2.1999999999999993	1
"2 Mb / 200 kb
(conventional)"	p99	120	0.929797131302088	0.01069090480898383	86.97085493837308	4.8	2.1999999999999993	1
"500 kb / 50 kb
(medium)"	All SNPs	12000	0.4315660898171192	0.2111346336917706	2.044032673706911	2.95	0.5500000000000007	1
"500 kb / 50 kb
(medium)"	p95	600	0.8207346438594473	0.008427052686619597	97.39284591902491	3.4	1.1000000000000014	1
"500 kb / 50 kb
(medium)"	p99	120	0.9305215443064118	0.014458909545187217	64.35627399136365	3.4	0.5500000000000007	1
"100 kb / 10 kb
(fine-scale)"	All SNPs	12000	0.43535985435317454	0.21895137934941222	1.9883859861801014	2.99	0.5399999999999991	1
"100 kb / 10 kb
(fine-scale)"	p95	600	0.8218741233285369	0.016663667727840423	49.32132209738018	3.07	1.2800000000000011	1
"100 kb / 10 kb
(fine-scale)"	p99	120	0.9302855824826439	0.024840862001757093	37.449810816421795	3.04	0.4900000000000002	1
"2 Mb / 200 kb
(conventional)"	All SNPs	12000	0.441730890731436	0.19081283900841847	2.314995641943922	2.8	0.1999999999999993	1
"2 Mb / 200 kb
(conventional)"	p95	600	0.821464498993506	0.00380734021076469	215.75810238101047	4.8	2.0	1
"2 Mb / 200 kb
(conventional)"	p99	120	0.934614847676274	0.003440858787906954	271.6225527653207	4.6	1.3999999999999986	1
"500 kb / 50 kb
(medium)"	All SNPs	12000	0.4341252251476395	0.21246978653454673	2.0432327448921894	2.95	0.3000000000000007	1
"500 kb / 50 kb
(medium)"	p95	600	0.8211733645817676	0.006704024446371315	122.48961368663323	3.4	1.6999999999999993	1
"500 kb / 50 kb
(medium)"	p99	120	0.9355709408989746	0.0072097173083227545	129.76527385046987	3.3	1.5999999999999996	1
"100 kb / 10 kb
(fine-scale)"	All SNPs	12000	0.4360507803399649	0.2193029079087689	1.9883492859171945	2.99	0.4800000000000004	1
"100 kb / 10 kb
(fine-scale)"	p95	600	0.8217126555148614	0.014762757935179971	55.66118872386998	3.06	1.5399999999999991	1
"100 kb / 10 kb
(fine-scale)"	p99	120	0.9347209107405616	0.01832962095044087	50.99510313212884	2.94	1.1000000000000014	1
"2 Mb / 200 kb
(conventional)"	All SNPs	12000	0.4344170934248254	0.1884002346352137	2.305820341816225	2.8	0.1999999999999993	1
"2 Mb / 200 kb
(conventional)"	p95	600	0.8161176532864602	0.005274344820385084	154.73346568699975	4.8	0.1999999999999993	1
"2 Mb / 200 kb
(conventional)"	p99	120	0.9283863724437189	0.006205030732897202	149.6183358966611	4.8	2.4000000000000004	1
"500 kb / 50 kb
(medium)"	All SNPs	12000	0.4294574665521146	0.2111643825868918	2.0337590141433894	2.95	0.34999999999999964	1
"500 kb / 50 kb
(medium)"	p95	600	0.8179326421937019	0.007440768259844691	109.92583206868673	3.4	1.6999999999999993	1
"500 kb / 50 kb
(medium)"	p99	120	0.9279053640706699	0.008747322812976743	106.07878363584716	3.4	1.6500000000000004	1
"100 kb / 10 kb
(fine-scale)"	All SNPs	12000	0.43186181142643004	0.21798616970604778	1.981143170728636	2.99	0.7400000000000002	1
"100 kb / 10 kb
(fine-scale)"	p95	600	0.8186456430498309	0.01673294013610722	48.92419601043777	3.06	1.5299999999999994	1
"100 kb / 10 kb
(fine-scale)"	p99	120	0.9285022802792355	0.02150278868886616	43.18055177466358	3.03	0.1899999999999995	1
"2 Mb / 200 kb
(conventional)"	All SNPs	12000	0.430543925238056	0.18712329373978562	2.300856919699009	2.8	0.40000000000000036	1
"2 Mb / 200 kb
(conventional)"	p95	600	0.8218358274915155	0.27612229748809614	2.976347201829818	4.8	2.3999999999999986	1
"2 Mb / 200 kb
(conventional)"	p99	120	0.9364933882897456	0.006914428031538503	135.44047085574627	4.8	2.3999999999999986	1
"500 kb / 50 kb
(medium)"	All SNPs	12000	0.4272273407504949	0.2098217472609638	2.036144233510433	2.95	0.9499999999999993	1
"500 kb / 50 kb
(medium)"	p95	600	0.8208785790518978	0.006643819167512458	123.55522604617286	3.4	1.6999999999999993	1
"500 kb / 50 kb
(medium)"	p99	120	0.936434976604501	0.01241349598579616	75.43684532350869	3.35	1.6999999999999993	1
"100 kb / 10 kb
(fine-scale)"	All SNPs	12000	0.4307860157827556	0.21687111197188993	1.9863688246251652	2.98	0.33000000000000007	1
"100 kb / 10 kb
(fine-scale)"	p95	600	0.8196723863131187	0.015341455851835904	53.428592059926885	3.06	1.5199999999999996	1
"100 kb / 10 kb
(fine-scale)"	p99	120	0.9351180929134181	0.022780189359606958	41.04961895406967	3.0	0.5199999999999996	1
"2 Mb / 200 kb
(conventional)"	All SNPs	12000	0.4392470540229961	0.18857354500877785	2.329314294868613	3.0	0.1999999999999993	1
"2 Mb / 200 kb
(conventional)"	p95	600	0.8117832378880852	0.015396425547447058	52.725435224326475	4.8	2.4000000000000004	1
"2 Mb / 200 kb
(conventional)"	p99	120	0.9212210753358416	0.009954316786631159	92.54488229398721	4.6	2.4000000000000004	1
"500 kb / 50 kb
(medium)"	All SNPs	12000	0.4294997573864096	0.20894201563480413	2.0555930605029853	2.9	0.8499999999999996	1
"500 kb / 50 kb
(medium)"	p95	600	0.8110156956252033	0.016307029211103292	49.73411681098792	3.4	1.6999999999999993	1
"500 kb / 50 kb
(medium)"	p99	120	0.9192713922108097	0.010900739338080995	84.33110486363042	3.3	1.6500000000000004	1
"100 kb / 10 kb
(fine-scale)"	All SNPs	12000	0.43111897134574306	0.21525599221576175	2.0028198374780253	2.96	0.9499999999999993	1
"100 kb / 10 kb
(fine-scale)"	p95	600	0.8114815128479972	0.020926815065357113	38.77711492712278	3.05	1.5299999999999994	1
"100 kb / 10 kb
(fine-scale)"	p99	120	0.920007230954436	0.020993244536346538	43.82396581726977	2.9	1.5299999999999994	1
"2 Mb / 200 kb
(conventional)"	All SNPs	12000	0.4307144929481229	0.18816396666896806	2.2890381222982383	2.8	0.40000000000000036	1
"2 Mb / 200 kb
(conventional)"	p95	600	0.8155429609810751	0.5428201663085508	1.502418317519734	4.8	2.3999999999999986	1
"2 Mb / 200 kb
(conventional)"	p99	120	0.9336769192460692	0.0057134958244331804	163.41604998699665	4.8	2.3999999999999986	1
"500 kb / 50 kb
(medium)"	All SNPs	12000	0.4288610620340307	0.21119443936268883	2.030645614194123	2.9	0.8499999999999996	1
"500 kb / 50 kb
(medium)"	p95	600	0.8224716335086533	0.008728221454891926	94.23129760848137	3.4	1.6999999999999993	1
"500 kb / 50 kb
(medium)"	p99	120	0.9352038845209509	0.01117656241696598	83.67544953726693	3.4	0.09999999999999964	1
"100 kb / 10 kb
(fine-scale)"	All SNPs	12000	0.4328191488758837	0.21826283021740017	1.983018127478578	2.99	0.5600000000000005	1
"100 kb / 10 kb
(fine-scale)"	p95	600	0.8230351689487494	0.01732286999463715	47.51147871014135	3.08	1.5100000000000016	1
"100 kb / 10 kb
(fine-scale)"	p99	120	0.9360819663061234	0.021268171274502926	44.01327947872666	3.05	0.08999999999999986	1
"2 Mb / 200 kb
(conventional)"	All SNPs	12000	0.4306520455345442	0.1875695488760667	2.2959592754530216	2.8	0.40000000000000036	1
"2 Mb / 200 kb
(conventional)"	p95	600	0.8212400696895094	0.32588933009425575	2.519996802141344	4.8	2.1999999999999993	1
"2 Mb / 200 kb
(conventional)"	p99	120	0.934476644390346	0.005584543582136958	167.33268003842187	4.8	1.8000000000000007	1
"500 kb / 50 kb
(medium)"	All SNPs	12000	0.43085973913709247	0.21135718471192855	2.0385384093960996	2.9	0.05000000000000071	1
"500 kb / 50 kb
(medium)"	p95	600	0.8212362927953091	0.008380049822538751	97.9989749686851	3.4	0.1999999999999993	1
"500 kb / 50 kb
(medium)"	p99	120	0.934149730609844	0.008535999371404254	109.4364807170982	3.3	0.1999999999999993	1
"100 kb / 10 kb
(fine-scale)"	All SNPs	12000	0.4378255483277658	0.2192765585038227	1.9966819586879512	2.99	0.02999999999999936	1
"100 kb / 10 kb
(fine-scale)"	p95	600	0.8222687278675543	0.015670991297799173	52.47075390712733	3.06	0.7699999999999996	1
"100 kb / 10 kb
(fine-scale)"	p99	120	0.9339727673692478	0.018392683185147297	50.77958218317281	2.96	0.8699999999999992	1
"2 Mb / 200 kb
(conventional)"	All SNPs	12000	0.42461037140584	0.18469199688046892	2.2990187911642117	2.8	0.40000000000000036	1
"2 Mb / 200 kb
(conventional)"	p95	600	0.8027474475979858	0.6989177065363912	1.1485578918527348	4.8	0.1999999999999993	1
"2 Mb / 200 kb
(conventional)"	p99	120	0.9170412898869984	0.006803503661377953	134.7895636615656	4.8	1.5999999999999996	1
"500 kb / 50 kb
(medium)"	All SNPs	12000	0.4199511518959333	0.20794022454223024	2.019576312473617	3.0	0.09999999999999964	1
"500 kb / 50 kb
(medium)"	p95	600	0.8036358436260762	0.38270945828538616	2.0998588517423196	3.4	0.75	1
"500 kb / 50 kb
(medium)"	p99	120	0.9178295597267814	0.010256947333972683	89.48369625402873	3.35	0.6500000000000004	1
"100 kb / 10 kb
(fine-scale)"	All SNPs	12000	0.4221716893647835	0.21495040412631422	1.9640423151598125	2.99	0.9600000000000009	1
"100 kb / 10 kb
(fine-scale)"	p95	600	0.8052403394661826	0.016492417297756006	48.82488266748776	3.08	0.07000000000000028	1
"100 kb / 10 kb
(fine-scale)"	p99	120	0.9179693478827932	0.021037011344107938	43.63592018216498	3.02	0.8800000000000008	1
"2 Mb / 200 kb
(conventional)"	All SNPs	12000	0.4435656210024256	0.19002879507741116	2.3342021445840997	2.8	0.40000000000000036	1
"2 Mb / 200 kb
(conventional)"	p95	600	0.81757920298354	0.006005869868460049	136.13002294256728	4.8	0.1999999999999993	1
"2 Mb / 200 kb
(conventional)"	p99	120	0.9260113236091683	0.004682222739742575	197.77173686104467	4.6	0.1999999999999993	1
"500 kb / 50 kb
(medium)"	All SNPs	12000	0.436299504009161	0.21146596179024463	2.0632138634298562	3.0	0.3000000000000007	1
"500 kb / 50 kb
(medium)"	p95	600	0.818344277360686	0.007393840541582457	110.6791893547573	3.4	0.34999999999999964	1
"500 kb / 50 kb
(medium)"	p99	120	0.9266942886128612	0.0071707375879243185	129.23277100161008	3.3	0.5500000000000007	1
"100 kb / 10 kb
(fine-scale)"	All SNPs	12000	0.4370284560048501	0.21841544850761851	2.0009045101478073	2.99	0.5	1
"100 kb / 10 kb
(fine-scale)"	p95	600	0.8193698991387076	0.016536088780641705	49.55040517791117	3.07	1.33	1
"100 kb / 10 kb
(fine-scale)"	p99	120	0.9287686592088112	0.019503474140744353	47.62067786008122	2.94	0.33999999999999986	1
"2 Mb / 200 kb
(conventional)"	All SNPs	12000	0.4333655901213254	0.1895905428591384	2.285797506489058	2.8	0.40000000000000036	1
"2 Mb / 200 kb
(conventional)"	p95	600	0.8151683160078691	0.31822734157534804	2.561591068738694	4.8	1.3999999999999986	1
"2 Mb / 200 kb
(conventional)"	p99	120	0.9308723851799308	0.005124210926840136	181.6616057516502	4.8	2.4000000000000004	1
"500 kb / 50 kb
(medium)"	All SNPs	12000	0.4280864756411879	0.2126135398837999	2.0134487948187627	2.9	0.9000000000000004	1
"500 kb / 50 kb
(medium)"	p95	600	0.827344131496839	0.01238691945514874	66.7917583942104	3.4	1.6999999999999993	1
"500 kb / 50 kb
(medium)"	p99	120	0.9320746838598503	0.007972267451060869	116.91462806303859	3.4	1.6999999999999993	1
"100 kb / 10 kb
(fine-scale)"	All SNPs	12000	0.4309446006317532	0.21990229268901343	1.9597094480556259	2.99	1.2699999999999996	1
"100 kb / 10 kb
(fine-scale)"	p95	600	0.8262630709688751	0.01754003720724142	47.107258736472446	3.07	1.4800000000000004	1
"100 kb / 10 kb
(fine-scale)"	p99	120	0.9310168417564888	0.020937168232080205	44.46718063477049	3.06	0.02999999999999936	1
"2 Mb / 200 kb
(conventional)"	All SNPs	12000	0.43719482738116533	0.18862466799382363	2.3178030319739564	2.8	0.40000000000000036	1
"2 Mb / 200 kb
(conventional)"	p95	600	0.8168776655173974	0.022614464343896575	36.12191087505748	7.8	2.3999999999999986	1
"2 Mb / 200 kb
(conventional)"	p99	120	0.9276488788080455	0.005069408979805065	182.98955213586189	4.8	2.4000000000000004	1
"500 kb / 50 kb
(medium)"	All SNPs	12000	0.4303064838304319	0.21016795630467494	2.0474409676736256	2.95	1.1999999999999993	1
"500 kb / 50 kb
(medium)"	p95	600	0.8163922040664802	0.009364265390974222	87.18166027773653	6.5	1.6000000000000014	1
"500 kb / 50 kb
(medium)"	p99	120	0.9272279092949232	0.006738046089874437	137.61079947023663	3.35	1.6500000000000004	1
"100 kb / 10 kb
(fine-scale)"	All SNPs	12000	0.4312575510839619	0.21696648057385362	1.9876690166302686	2.98	1.0100000000000016	1
"100 kb / 10 kb
(fine-scale)"	p95	600	0.8158316830486756	0.016208291537408433	50.3342182095967	3.07	1.4200000000000017	1
"100 kb / 10 kb
(fine-scale)"	p99	120	0.9249171915970643	0.01787829704289776	51.73407676233303	3.0	0.9299999999999997	1
"2 Mb / 200 kb
(conventional)"	All SNPs	12000	0.42280553977401925	0.18459247266965212	2.290480937056815	2.8	0.1999999999999993	1
"2 Mb / 200 kb
(conventional)"	p95	600	0.8183053626807749	0.007223245639448945	113.28776612713986	4.8	2.3999999999999986	1
"2 Mb / 200 kb
(conventional)"	p99	120	0.9375828834631639	0.008992478040173004	104.26301618692926	4.8	1.5999999999999996	1
"500 kb / 50 kb
(medium)"	All SNPs	12000	0.42518819876927133	0.2090518275097384	2.0338889347880227	2.95	1.25	1
"500 kb / 50 kb
(medium)"	p95	600	0.8176702424903034	0.00978599463804047	83.55514924480198	3.4	1.6499999999999986	1
"500 kb / 50 kb
(medium)"	p99	120	0.9385699263024776	0.010781638630564182	87.05262330364008	3.35	0.9499999999999993	1
"100 kb / 10 kb
(fine-scale)"	All SNPs	12000	0.4285048650751542	0.21618817796340492	1.982092032561045	2.98	1.0300000000000011	1
"100 kb / 10 kb
(fine-scale)"	p95	600	0.816906427884953	0.019175422413680806	42.60174353719201	3.08	1.2100000000000009	1
"100 kb / 10 kb
(fine-scale)"	p99	120	0.9386097614072351	0.020808118111296563	45.107863978226426	2.99	0.9499999999999993	1
"2 Mb / 200 kb
(conventional)"	All SNPs	12000	0.4366945667404494	0.18846495408129665	2.3171128492784705	2.8	0.40000000000000036	1
"2 Mb / 200 kb
(conventional)"	p95	600	0.8161406371299863	0.004738882401301499	172.2221756137775	4.8	1.8000000000000007	1
"2 Mb / 200 kb
(conventional)"	p99	120	0.9250072905504273	0.010421474477539005	88.75973285201238	4.8	2.0	1
"500 kb / 50 kb
(medium)"	All SNPs	12000	0.4338699077128705	0.2105282228924889	2.0608633928118802	3.0	1.1500000000000004	1
"500 kb / 50 kb
(medium)"	p95	600	0.8161315937865549	0.007217004571641081	113.0845332970288	3.4	1.0500000000000007	1
"500 kb / 50 kb
(medium)"	p99	120	0.924589850823178	0.01277226126567445	72.39045863460532	3.4	1.1999999999999993	1
"100 kb / 10 kb
(fine-scale)"	All SNPs	12000	0.4352951920820863	0.21671049520650518	2.008648412100623	3.01	0.33000000000000007	1
"100 kb / 10 kb
(fine-scale)"	p95	600	0.8166905929567206	0.016639773003389764	49.08063305853685	3.08	0.6400000000000006	1
"100 kb / 10 kb
(fine-scale)"	p99	120	0.9256916901669121	0.019085536703761143	48.502261400094035	3.02	0.41999999999999993	1
"2 Mb / 200 kb
(conventional)"	All SNPs	12000	0.4242009260218964	0.18557164296265602	2.2859145893710795	2.8	0.1999999999999993	1
"2 Mb / 200 kb
(conventional)"	p95	600	0.815060515662704	0.004160644723264278	195.89764805086256	4.8	2.1999999999999993	1
"2 Mb / 200 kb
(conventional)"	p99	120	0.9267465665274683	0.00484454434266419	191.2969519890527	4.8	0.40000000000000036	1
"500 kb / 50 kb
(medium)"	All SNPs	12000	0.42067637066817604	0.20942516176573203	2.008719330195646	2.95	1.0	1
"500 kb / 50 kb
(medium)"	p95	600	0.8150440596492395	0.006133501187103876	132.88398172367323	3.4	1.6999999999999993	1
"500 kb / 50 kb
(medium)"	p99	120	0.927448483378251	0.009819306540112802	94.45152563366219	3.4	0.15000000000000036	1
"100 kb / 10 kb
(fine-scale)"	All SNPs	12000	0.4271648629284792	0.21724623753130368	1.9662704762236802	2.97	1.2899999999999991	1
"100 kb / 10 kb
(fine-scale)"	p95	600	0.8150360322851268	0.014057718967671193	57.97782941595865	3.08	1.5199999999999996	1
"100 kb / 10 kb
(fine-scale)"	p99	120	0.9278825088081771	0.02341664447291338	39.624913376529335	3.06	1.17	1
"2 Mb / 200 kb
(conventional)"	All SNPs	12000	0.4342116162245527	0.18644542818825768	2.3288938776558283	2.8	0.1999999999999993	1
"2 Mb / 200 kb
(conventional)"	p95	600	0.8145135775175079	0.004040065978472647	201.6089791249983	4.8	2.4000000000000004	1
"2 Mb / 200 kb
(conventional)"	p99	120	0.9321470728385552	0.007171208534817688	129.98465576796298	4.6	2.4000000000000004	1
"500 kb / 50 kb
(medium)"	All SNPs	12000	0.4276974268827529	0.20818771586590315	2.0543835888868642	2.9	0.34999999999999964	1
"500 kb / 50 kb
(medium)"	p95	600	0.8149587465964944	0.008301178957907027	98.17385587383717	3.4	0.09999999999999964	1
"500 kb / 50 kb
(medium)"	p99	120	0.9316262082134518	0.010198242368519786	91.3516441901029	3.25	1.5999999999999996	1
"100 kb / 10 kb
(fine-scale)"	All SNPs	12000	0.43130371821724967	0.2157333410214523	1.999244605285009	2.97	0.22000000000000064	1
"100 kb / 10 kb
(fine-scale)"	p95	600	0.8156386324297844	0.017125589565579812	47.626893620591666	3.07	0.25	1
"100 kb / 10 kb
(fine-scale)"	p99	120	0.9316306903777911	0.018496537717993044	50.367842056814794	2.88	1.3800000000000008	1
"2 Mb / 200 kb
(conventional)"	All SNPs	12000	0.42295801622136414	0.18654844902200834	2.2672824053952065	2.8	0.40000000000000036	1
"2 Mb / 200 kb
(conventional)"	p95	600	0.8139972395091313	0.0065300941129210624	124.65321715631622	4.8	2.1999999999999993	1
"2 Mb / 200 kb
(conventional)"	p99	120	0.9264531988428878	0.004866275182874516	190.38241037072436	4.6	2.3999999999999986	1
"500 kb / 50 kb
(medium)"	All SNPs	12000	0.41861432276135696	0.20951217678276746	1.9980429261416959	2.9	0.40000000000000036	1
"500 kb / 50 kb
(medium)"	p95	600	0.8142879613346737	0.008057865914759231	101.05503987639942	3.4	1.3999999999999986	1
"500 kb / 50 kb
(medium)"	p99	120	0.9267746868604365	0.008734408197148252	106.10617982830533	3.25	0.34999999999999964	1
"100 kb / 10 kb
(fine-scale)"	All SNPs	12000	0.4254902418045504	0.21755931199146666	1.9557436448467875	2.95	1.3999999999999986	1
"100 kb / 10 kb
(fine-scale)"	p95	600	0.8144020940370218	0.014276410668090319	57.04529751706562	3.04	1.2699999999999996	1
"100 kb / 10 kb
(fine-scale)"	p99	120	0.9290211380038808	0.014715279961404934	63.13309297821765	2.89	0.75	1
"2 Mb / 200 kb
(conventional)"	All SNPs	12000	0.43285274757564385	0.18771255526234887	2.3059339156652823	2.8	0.40000000000000036	1
"2 Mb / 200 kb
(conventional)"	p95	600	0.8133254725929921	0.0035084936931652757	231.81614211745386	4.8	1.4000000000000004	1
"2 Mb / 200 kb
(conventional)"	p99	120	0.9288022855794822	0.006055846052500176	153.37283635141668	4.8	2.3999999999999986	1
"500 kb / 50 kb
(medium)"	All SNPs	12000	0.427148475428319	0.20949202604344183	2.0389724778342746	2.95	0.6500000000000004	1
"500 kb / 50 kb
(medium)"	p95	600	0.8133906973023675	0.006937734362374908	117.2415452678026	3.4	1.6999999999999993	1
"500 kb / 50 kb
(medium)"	p99	120	0.9301710980284688	0.009669969333523423	96.19173194311927	3.35	0.05000000000000071	1
"100 kb / 10 kb
(fine-scale)"	All SNPs	12000	0.43103443352392923	0.21619914156062592	1.9936916974439505	2.96	0.2699999999999996	1
"100 kb / 10 kb
(fine-scale)"	p95	600	0.8140341925483291	0.015784204882906012	51.57270819703515	3.06	1.5399999999999991	1
"100 kb / 10 kb
(fine-scale)"	p99	120	0.9312047278225188	0.020488702382494596	45.44966833127185	2.99	0.5600000000000005	1
"2 Mb / 200 kb
(conventional)"	All SNPs	12000	0.42830620524796426	0.18867224939036287	2.270107059368327	2.8	0.1999999999999993	1
"2 Mb / 200 kb
(conventional)"	p95	600	0.816234437066205	0.5463278503900799	1.4940377586158402	4.8	1.0	1
"2 Mb / 200 kb
(conventional)"	p99	120	0.9380761998504624	0.006423047992542169	146.04844941835512	4.8	2.1999999999999993	1
"500 kb / 50 kb
(medium)"	All SNPs	12000	0.42290240242031046	0.21145447408579787	1.9999690441580222	2.9	0.09999999999999964	1
"500 kb / 50 kb
(medium)"	p95	600	0.8235979238177158	0.005527027245018007	149.01282141500147	3.4	1.5500000000000007	1
"500 kb / 50 kb
(medium)"	p99	120	0.9391427466201879	0.008858766991312843	106.01280601929567	3.35	0.25	1
"100 kb / 10 kb
(fine-scale)"	All SNPs	12000	0.42864203039983634	0.21960750160897033	1.9518551381868074	2.97	0.21000000000000085	1
"100 kb / 10 kb
(fine-scale)"	p95	600	0.8229730627025252	0.01642582141989179	50.102399244758544	3.06	0.6799999999999997	1
"100 kb / 10 kb
(fine-scale)"	p99	120	0.9383782159261409	0.02283126798624017	41.100573848621885	2.96	0.07000000000000028	1
"2 Mb / 200 kb
(conventional)"	All SNPs	12000	0.4308260296741483	0.18667790962470288	2.307857584972323	2.8	0.40000000000000036	1
"2 Mb / 200 kb
(conventional)"	p95	600	0.8170199030677041	0.33896104855783005	2.4103651630293816	16.0	2.1999999999999993	1
"2 Mb / 200 kb
(conventional)"	p99	120	0.9306362656262082	0.0036585238889827974	254.37479537272034	4.8	2.4000000000000004	1
"500 kb / 50 kb
(medium)"	All SNPs	12000	0.4288806131539059	0.21003357438483228	2.0419621691915455	2.95	0.9499999999999993	1
"500 kb / 50 kb
(medium)"	p95	600	0.8172145121920271	0.2131677666243682	3.833668312677286	14.7	1.6999999999999993	1
"500 kb / 50 kb
(medium)"	p99	120	0.930811387811996	0.007323685920758784	127.09602758545898	3.35	1.6000000000000014	1
"100 kb / 10 kb
(fine-scale)"	All SNPs	12000	0.43199196829436315	0.21724076380461835	1.9885400913195435	3.0	0.46000000000000085	1
"100 kb / 10 kb
(fine-scale)"	p95	600	0.8178588667669472	0.01960105096046024	41.72525587616469	14.34	1.5299999999999994	1
"100 kb / 10 kb
(fine-scale)"	p99	120	0.9319885204529234	0.021301838060235667	43.75155410615363	3.02	1.3900000000000006	1
"2 Mb / 200 kb
(conventional)"	All SNPs	12000	0.43204241131910726	0.18738167963466346	2.305681175243262	2.8	0.1999999999999993	1
"2 Mb / 200 kb
(conventional)"	p95	600	0.8158070161804188	0.007194950860608365	113.38604418369005	4.8	1.1999999999999993	1
"2 Mb / 200 kb
(conventional)"	p99	120	0.9340790112634956	0.009415327463477546	99.20834032452166	4.6	2.1999999999999993	1
"500 kb / 50 kb
(medium)"	All SNPs	12000	0.43207545143627857	0.2103364065104459	2.0542114349320713	2.9	1.1000000000000014	1
"500 kb / 50 kb
(medium)"	p95	600	0.8162282960967794	0.008681896843573567	94.01497285710788	3.4	0.5500000000000007	1
"500 kb / 50 kb
(medium)"	p99	120	0.935618265878769	0.013913977002651911	67.24305104862876	3.25	1.5500000000000007	1
"100 kb / 10 kb
(fine-scale)"	All SNPs	12000	0.4375478393877544	0.2181523910906971	2.0056981140575414	2.99	0.33000000000000007	1
"100 kb / 10 kb
(fine-scale)"	p95	600	0.8171083043915379	0.015975201825246966	51.14854343187029	3.08	0.5	1
"100 kb / 10 kb
(fine-scale)"	p99	120	0.9355851355437506	0.01937518331731777	48.287808183343145	2.89	1.3500000000000014	1
"2 Mb / 200 kb
(conventional)"	All SNPs	12000	0.4256834537371831	0.18477722638422747	2.3037657944492196	2.8	0.40000000000000036	1
"2 Mb / 200 kb
(conventional)"	p95	600	0.8039460460154083	0.016620408364730527	48.37101642589171	4.8	0.0	1
"2 Mb / 200 kb
(conventional)"	p99	120	0.924832790262907	0.0065943535254733504	140.24616464530865	4.8	2.4000000000000004	1
"500 kb / 50 kb
(medium)"	All SNPs	12000	0.4253669133619609	0.2079818930155097	2.045211278706076	2.9	0.8499999999999996	1
"500 kb / 50 kb
(medium)"	p95	600	0.8063972913072602	0.0209749731038948	38.4456889318977	3.4	0.09999999999999964	1
"500 kb / 50 kb
(medium)"	p99	120	0.9253320540614022	0.007835594859184404	118.09340205699695	3.35	1.5999999999999996	1
"100 kb / 10 kb
(fine-scale)"	All SNPs	12000	0.4321610431601667	0.2158304711695842	2.0023171001679616	2.99	0.7400000000000002	1
"100 kb / 10 kb
(fine-scale)"	p95	600	0.8111237510230201	0.016259263372493338	49.88686956109226	3.08	0.9199999999999999	1
"100 kb / 10 kb
(fine-scale)"	p99	120	0.9241321109721802	0.019493778458111028	47.40651551765556	2.96	1.4000000000000004	1
"2 Mb / 200 kb
(conventional)"	All SNPs	12000	0.43535397356970956	0.1896518587372886	2.295542877714554	2.8	0.40000000000000036	1
"2 Mb / 200 kb
(conventional)"	p95	600	0.8184529432926644	0.22053446628601786	3.71122463112495	4.8	2.4000000000000004	1
"2 Mb / 200 kb
(conventional)"	p99	120	0.9217164882632356	0.005686152547031807	162.09844541444374	4.8	2.4000000000000004	1
"500 kb / 50 kb
(medium)"	All SNPs	12000	0.4296304544909952	0.21153060429489995	2.0310557705023	2.95	0.0	1
"500 kb / 50 kb
(medium)"	p95	600	0.81883271925143	0.00892431831971059	91.75297091800556	3.4	1.6999999999999993	1
"500 kb / 50 kb
(medium)"	p99	120	0.9228205129320025	0.008997050471141054	102.56922709192777	3.35	1.6999999999999993	1
"100 kb / 10 kb
(fine-scale)"	All SNPs	12000	0.43414377330573983	0.21876508532603217	1.9845203939135092	3.0	0.16999999999999993	1
"100 kb / 10 kb
(fine-scale)"	p95	600	0.8185033206625157	0.015073041043428046	54.302467451940565	3.07	1.5299999999999994	1
"100 kb / 10 kb
(fine-scale)"	p99	120	0.9220554263399938	0.019635355026286147	46.95893835918038	2.99	0.41999999999999993	1
"2 Mb / 200 kb
(conventional)"	All SNPs	12000	0.4385013543496863	0.1884610449373083	2.3267479732777354	2.8	0.40000000000000036	1
"2 Mb / 200 kb
(conventional)"	p95	600	0.8119541754370188	0.0047532728613656336	170.82002214443486	4.8	1.5999999999999996	1
"2 Mb / 200 kb
(conventional)"	p99	120	0.9242252699884824	0.00590570902095007	156.49691962639218	4.8	2.1999999999999993	1
"500 kb / 50 kb
(medium)"	All SNPs	12000	0.4295598077104793	0.2095585742380213	2.049831696328377	3.0	0.5	1
"500 kb / 50 kb
(medium)"	p95	600	0.8124624869435567	0.007017252770240798	115.78070700105006	3.4	1.6000000000000014	1
"500 kb / 50 kb
(medium)"	p99	120	0.924370393341192	0.008985482675129367	102.87376057156368	3.35	0.9000000000000004	1
"100 kb / 10 kb
(fine-scale)"	All SNPs	12000	0.4298767082134565	0.21589631039480492	1.9911257743467237	3.0	1.3900000000000006	1
"100 kb / 10 kb
(fine-scale)"	p95	600	0.8131571901118171	0.016101345624546636	50.50243681945142	3.08	1.379999999999999	1
"100 kb / 10 kb
(fine-scale)"	p99	120	0.9256871196395339	0.021612884262586545	42.83033714486524	2.99	1.0999999999999996	1
"2 Mb / 200 kb
(conventional)"	All SNPs	12000	0.42579868946275634	0.186941047781026	2.2777163951788535	2.8	0.40000000000000036	1
"2 Mb / 200 kb
(conventional)"	p95	600	0.818288270253164	0.0027567088103770147	296.8352214687676	4.8	0.8000000000000007	1
"2 Mb / 200 kb
(conventional)"	p99	120	0.9277262226714877	0.006020301579234637	154.09962615019526	4.8	2.0	1
"500 kb / 50 kb
(medium)"	All SNPs	12000	0.42146487920538844	0.21042099573408998	2.0029601976505975	2.9	1.1499999999999986	1
"500 kb / 50 kb
(medium)"	p95	600	0.8189797014738462	0.0050448237512390115	162.3405973841414	3.4	0.05000000000000071	1
"500 kb / 50 kb
(medium)"	p99	120	0.9283413621911931	0.009329601491928588	99.50493201605003	3.35	0.34999999999999964	1
"100 kb / 10 kb
(fine-scale)"	All SNPs	12000	0.4276388071196493	0.21815779752236156	1.9602270098817602	2.97	0.08000000000000007	1
"100 kb / 10 kb
(fine-scale)"	p95	600	0.8190071885218094	0.01409846544949445	58.09193854861543	3.08	0.8800000000000008	1
"100 kb / 10 kb
(fine-scale)"	p99	120	0.9283992042152915	0.020961205329221435	44.29130813966294	2.99	0.34999999999999964	1
"2 Mb / 200 kb
(conventional)"	All SNPs	12000	0.43089878459812503	0.1877197140386835	2.2954370392303574	2.8	0.40000000000000036	1
"2 Mb / 200 kb
(conventional)"	p95	600	0.8114894067336799	0.0038083009908334606	213.08436719863428	4.8	2.3999999999999986	1
"2 Mb / 200 kb
(conventional)"	p99	120	0.9230186864096127	0.011706935236968908	78.84375096693499	4.8	2.3999999999999986	1
"500 kb / 50 kb
(medium)"	All SNPs	12000	0.42473387437261956	0.20990240840658245	2.0234826155491605	2.95	1.0999999999999996	1
"500 kb / 50 kb
(medium)"	p95	600	0.8114173493775128	0.007034719248479905	115.34466703171525	3.4	1.6999999999999993	1
"500 kb / 50 kb
(medium)"	p99	120	0.9231620517766153	0.013146553478562743	70.22084178046798	3.4	1.1999999999999993	1
"100 kb / 10 kb
(fine-scale)"	All SNPs	12000	0.4278453281245612	0.2166276047969355	1.9750268139908533	2.98	1.1300000000000008	1
"100 kb / 10 kb
(fine-scale)"	p95	600	0.8127364561541354	0.016462136894409896	49.37004602544151	3.07	1.5300000000000011	1
"100 kb / 10 kb
(fine-scale)"	p99	120	0.9232910399019323	0.025311588570362063	36.47700883472148	3.02	0.5099999999999998	1
"2 Mb / 200 kb
(conventional)"	All SNPs	12000	0.43107451077961473	0.1884633688773541	2.28731192351838	2.8	0.40000000000000036	1
"2 Mb / 200 kb
(conventional)"	p95	600	0.8219968404248392	0.004737668892082445	173.50238253216764	4.8	2.3999999999999986	1
"2 Mb / 200 kb
(conventional)"	p99	120	0.9340688925657551	0.005220651384725153	178.91807434196838	4.8	1.5999999999999996	1
"500 kb / 50 kb
(medium)"	All SNPs	12000	0.429367845906188	0.21050800330979674	2.0396746876854057	2.95	1.0999999999999996	1
"500 kb / 50 kb
(medium)"	p95	600	0.8213668684381368	0.0065640822915878794	125.13049531550656	3.4	1.6999999999999993	1
"500 kb / 50 kb
(medium)"	p99	120	0.9340988633305978	0.008865004969707324	105.36924305429203	3.35	0.9499999999999993	1
"100 kb / 10 kb
(fine-scale)"	All SNPs	12000	0.4310515230548791	0.21718714641230474	1.984700891260745	2.97	1.2100000000000009	1
"100 kb / 10 kb
(fine-scale)"	p95	600	0.8208648351192965	0.015890554637588164	51.657406166150395	3.07	1.5199999999999996	1
"100 kb / 10 kb
(fine-scale)"	p99	120	0.9348322876286947	0.019479459856181783	47.99066783836036	2.99	0.14000000000000057	1
"2 Mb / 200 kb
(conventional)"	All SNPs	12000	0.43186283293376854	0.18937694011813022	2.2804404415045445	2.8	0.40000000000000036	1
"2 Mb / 200 kb
(conventional)"	p95	600	0.815881249103749	0.00497934118116281	163.8532527536542	4.8	2.4000000000000004	1
"2 Mb / 200 kb
(conventional)"	p99	120	0.9320175780654708	0.006296018874927957	148.03284370333714	4.8	2.0	1
"500 kb / 50 kb
(medium)"	All SNPs	12000	0.4247852980265226	0.21214782655129816	2.002308036485153	2.95	0.4499999999999993	1
"500 kb / 50 kb
(medium)"	p95	600	0.8157804216859923	0.0068450861637430445	119.17752416426933	3.4	0.75	1
"500 kb / 50 kb
(medium)"	p99	120	0.9306561574339287	0.011163375618636904	83.3669124131439	3.35	0.5999999999999996	1
"100 kb / 10 kb
(fine-scale)"	All SNPs	12000	0.42859054293468235	0.2193358708637324	1.9540376193228983	2.99	1.25	1
"100 kb / 10 kb
(fine-scale)"	p95	600	0.8166419535254483	0.017071801305103693	47.835722717866304	3.06	1.5399999999999991	1
"100 kb / 10 kb
(fine-scale)"	p99	120	0.9317255032268358	0.023119312430325258	40.3007444981238	2.99	0.4399999999999995	1
"2 Mb / 200 kb
(conventional)"	All SNPs	12000	0.42998715682112354	0.1861387673339073	2.3100354804100847	2.8	0.1999999999999993	1
"2 Mb / 200 kb
(conventional)"	p95	600	0.8110116514342421	0.5587471166649939	1.451482481511395	15.4	1.8000000000000007	1
"2 Mb / 200 kb
(conventional)"	p99	120	0.9209248089892546	0.00496046601364352	185.65288149466116	4.8	2.3999999999999986	1
"500 kb / 50 kb
(medium)"	All SNPs	12000	0.4199635608557413	0.2074774073857925	2.024141163836903	2.95	0.4499999999999993	1
"500 kb / 50 kb
(medium)"	p95	600	0.8106501694070208	0.02832126433156389	28.623374998959907	14.05	1.0500000000000007	1
"500 kb / 50 kb
(medium)"	p99	120	0.9199698712233735	0.00872714449302432	105.41476332364076	3.35	1.6999999999999993	1
"100 kb / 10 kb
(fine-scale)"	All SNPs	12000	0.42207158620991014	0.2146940931232713	1.965920813515668	3.0	0.5700000000000003	1
"100 kb / 10 kb
(fine-scale)"	p95	600	0.810030579298038	0.018293944037039232	44.27861906967639	3.08	0.3200000000000003	1
"100 kb / 10 kb
(fine-scale)"	p99	120	0.9184395940564163	0.020140542795006124	45.60153136906244	2.98	1.0	1
"2 Mb / 200 kb
(conventional)"	All SNPs	12000	0.42882383301334087	0.1875500985811106	2.2864495207283806	2.8	0.40000000000000036	1
"2 Mb / 200 kb
(conventional)"	p95	600	0.8201778269781218	0.30354791476118365	2.7019715408797875	4.8	2.3999999999999986	1
"2 Mb / 200 kb
(conventional)"	p99	120	0.9242699961763198	0.0055133032105818495	167.64359964863542	4.8	1.8000000000000007	1
"500 kb / 50 kb
(medium)"	All SNPs	12000	0.4252374842512071	0.2108393937545975	2.016878708853404	2.95	1.25	1
"500 kb / 50 kb
(medium)"	p95	600	0.8191437211712209	0.011262737901397661	72.73042561609894	3.4	1.6999999999999993	1
"500 kb / 50 kb
(medium)"	p99	120	0.9254430802230219	0.009557518950148204	96.82879888076722	3.4	1.0	1
"100 kb / 10 kb
(fine-scale)"	All SNPs	12000	0.42785419575455635	0.2180299224692911	1.9623645732150294	2.99	1.17	1
"100 kb / 10 kb
(fine-scale)"	p95	600	0.8177932926405143	0.01832640876059138	44.62376144305343	3.08	1.5399999999999991	1
"100 kb / 10 kb
(fine-scale)"	p99	120	0.9243146240412582	0.023693486548689708	39.011338501904625	3.07	1.129999999999999	1
"2 Mb / 200 kb
(conventional)"	All SNPs	12000	0.43833001900983426	0.18914377573864102	2.3174435283322192	2.8	0.40000000000000036	1
"2 Mb / 200 kb
(conventional)"	p95	600	0.818199244728649	0.008197286323987633	99.8134275649688	4.8	2.4000000000000004	1
"2 Mb / 200 kb
(conventional)"	p99	120	0.9219306731649453	0.007110198623860001	129.66313909588723	4.8	1.5999999999999996	1
"500 kb / 50 kb
(medium)"	All SNPs	12000	0.4368005876745237	0.2110743405992262	2.069415858102295	3.0	0.75	1
"500 kb / 50 kb
(medium)"	p95	600	0.8193769690056901	0.009746659122971756	84.06746954702794	3.4	1.6999999999999993	1
"500 kb / 50 kb
(medium)"	p99	120	0.9227660802478439	0.011225471788711756	82.20287731476641	3.35	1.1500000000000004	1
"100 kb / 10 kb
(fine-scale)"	All SNPs	12000	0.4399402390668287	0.2174955058801881	2.02275553826468	2.99	0.5199999999999996	1
"100 kb / 10 kb
(fine-scale)"	p95	600	0.8204188806023491	0.01493027997763299	54.94999972079668	3.08	1.5399999999999991	1
"100 kb / 10 kb
(fine-scale)"	p99	120	0.9249231819575565	0.0214944948080688	43.030701126799705	2.98	0.9600000000000009	1
"2 Mb / 200 kb
(conventional)"	All SNPs	12000	0.4284427038109335	0.18787191398670208	2.2805042793211734	2.8	0.1999999999999993	1
"2 Mb / 200 kb
(conventional)"	p95	600	0.8052745702034316	0.022680343583374514	35.50539555290186	15.8	13.4	0
"2 Mb / 200 kb
(conventional)"	p99	120	0.9231637190934471	0.006265148079327766	147.34906619996445	4.8	1.8000000000000007	1
"500 kb / 50 kb
(medium)"	All SNPs	12000	0.42313162807829924	0.21000118336372411	2.0149011605588485	2.9	0.15000000000000036	1
"500 kb / 50 kb
(medium)"	p95	600	0.8129788380575902	0.009280314944788546	87.60250518374127	3.4	0.15000000000000036	1
"500 kb / 50 kb
(medium)"	p99	120	0.9236686051268187	0.008294971665686851	111.35283426556899	3.3	1.5999999999999996	1
"100 kb / 10 kb
(fine-scale)"	All SNPs	12000	0.4291802064046116	0.21754314112065967	1.9728510133379384	2.96	0.9900000000000002	1
"100 kb / 10 kb
(fine-scale)"	p95	600	0.8146307400476891	0.01410149231622386	57.769115621220536	3.07	0.05000000000000071	1
"100 kb / 10 kb
(fine-scale)"	p99	120	0.9256561275089771	0.017575358536920303	52.66783750467819	2.96	0.15000000000000036	1
"2 Mb / 200 kb
(conventional)"	All SNPs	12000	0.43661283207023194	0.1881935091427348	2.3200206747783434	2.8	0.40000000000000036	1
"2 Mb / 200 kb
(conventional)"	p95	600	0.7989819977074895	0.3023104355050526	2.6429190126125692	4.8	0.40000000000000036	1
"2 Mb / 200 kb
(conventional)"	p99	120	0.9192808266069951	0.005717470754559697	160.784526247706	4.8	2.4000000000000004	1
"500 kb / 50 kb
(medium)"	All SNPs	12000	0.4305323654164479	0.2103663250933677	2.046584049159784	3.0	1.25	1
"500 kb / 50 kb
(medium)"	p95	600	0.7010197799672343	0.3952567743308326	1.7735806834786239	3.4	1.1500000000000004	1
"500 kb / 50 kb
(medium)"	p99	120	0.9197486543138824	0.00656630807445719	140.07089583440148	3.35	0.25	1
"100 kb / 10 kb
(fine-scale)"	All SNPs	12000	0.4323233358935825	0.21688076692384395	1.99336871602538	3.02	0.3800000000000008	1
"100 kb / 10 kb
(fine-scale)"	p95	600	0.8125241123654622	0.015687289148440066	51.79506189227468	3.07	1.1600000000000001	1
"100 kb / 10 kb
(fine-scale)"	p99	120	0.9207170698781459	0.01725821959896602	53.34948165413935	3.0	0.34999999999999964	1
"2 Mb / 200 kb
(conventional)"	All SNPs	12000	0.4313363174020816	0.18686947522930142	2.308222447100057	2.8	0.40000000000000036	1
"2 Mb / 200 kb
(conventional)"	p95	600	0.8025596755484726	0.024382322563782838	32.91563686966325	4.8	2.0	1
"2 Mb / 200 kb
(conventional)"	p99	120	0.9178189330874873	0.009280570719247516	98.89682012594001	4.8	1.3999999999999986	1
"500 kb / 50 kb
(medium)"	All SNPs	12000	0.42551034879756966	0.20909087366195572	2.0350498390738307	2.95	0.0	1
"500 kb / 50 kb
(medium)"	p95	600	0.8095343519502421	0.01915408868502406	42.26431052202394	3.4	0.34999999999999964	1
"500 kb / 50 kb
(medium)"	p99	120	0.9189486685580155	0.014090526545593975	65.2174825109971	3.35	1.6999999999999993	1
"100 kb / 10 kb
(fine-scale)"	All SNPs	12000	0.42745844916927245	0.21584447822785946	1.980400206105896	2.99	0.23000000000000043	1
"100 kb / 10 kb
(fine-scale)"	p95	600	0.8131021547524792	0.014917101151491094	54.5080539774447	3.08	1.2699999999999996	1
"100 kb / 10 kb
(fine-scale)"	p99	120	0.9215481097762114	0.02537822551279772	36.31255106120377	2.96	0.7799999999999994	1
"2 Mb / 200 kb
(conventional)"	All SNPs	12000	0.43545084347555907	0.1881572829876772	2.3142917274378245	2.8	0.1999999999999993	1
"2 Mb / 200 kb
(conventional)"	p95	600	0.8258266465194073	0.013843976182091043	59.652417459928884	6.2	2.3999999999999986	1
"2 Mb / 200 kb
(conventional)"	p99	120	0.9322241658352567	0.006163411368752957	151.25132983357457	4.8	1.8000000000000007	1
"500 kb / 50 kb
(medium)"	All SNPs	12000	0.43009028305089303	0.2119321776622934	2.0293769818013527	2.9	0.6500000000000004	1
"500 kb / 50 kb
(medium)"	p95	600	0.8259594992953279	0.007116758919876439	116.05837834249247	3.4	1.6499999999999986	1
"500 kb / 50 kb
(medium)"	p99	120	0.9325741035889593	0.008181777739243173	113.98184273766692	3.35	1.1000000000000014	1
"100 kb / 10 kb
(fine-scale)"	All SNPs	12000	0.43407033089391106	0.21942297128548155	1.9782355892408425	2.98	0.4499999999999993	1
"100 kb / 10 kb
(fine-scale)"	p95	600	0.8261282039533407	0.01359269430114592	60.77736949352968	3.07	0.2400000000000002	1
"100 kb / 10 kb
(fine-scale)"	p99	120	0.9340492265799857	0.01947656841748009	47.95758711486788	3.02	0.22000000000000064	1
"2 Mb / 200 kb
(conventional)"	All SNPs	12000	0.4283832593510437	0.18680629234492283	2.2931950202194926	2.8	0.40000000000000036	1
"2 Mb / 200 kb
(conventional)"	p95	600	0.8032223409081527	0.026518371248997544	30.289278831124154	16.0	2.1999999999999993	1
"2 Mb / 200 kb
(conventional)"	p99	120	0.92545840060719	0.008850887029206207	104.56109060632647	4.8	2.3999999999999986	1
"500 kb / 50 kb
(medium)"	All SNPs	12000	0.42674681396330505	0.20919140297112884	2.039982560957353	2.95	1.1999999999999993	1
"500 kb / 50 kb
(medium)"	p95	600	0.8052715707829791	0.023277420406505732	34.59453653884759	3.4	1.5999999999999996	1
"500 kb / 50 kb
(medium)"	p99	120	0.9248092999759048	0.0104703201096394	88.326745533261	3.35	1.6499999999999986	1
"100 kb / 10 kb
(fine-scale)"	All SNPs	12000	0.42700503779769944	0.21594837148939752	1.9773478024059294	2.98	1.33	1
"100 kb / 10 kb
(fine-scale)"	p95	600	0.8097172887576061	0.017244424693432417	46.95530892752769	3.06	1.3800000000000008	1
"100 kb / 10 kb
(fine-scale)"	p99	120	0.9245298691781797	0.020335960325722227	45.46280846195274	2.99	0.08000000000000007	1
"2 Mb / 200 kb
(conventional)"	All SNPs	12000	0.433271327279687	0.18817568956813652	2.3024830055042993	2.8	0.0	1
"2 Mb / 200 kb
(conventional)"	p95	600	0.8157439526971956	0.3488776353866499	2.338195028733019	4.8	0.1999999999999993	1
"2 Mb / 200 kb
(conventional)"	p99	120	0.9243968766508651	0.006847470618940957	134.99829763327034	4.8	2.1999999999999993	1
"500 kb / 50 kb
(medium)"	All SNPs	12000	0.4287233586433735	0.21102002378178134	2.031671454490604	2.95	0.6500000000000004	1
"500 kb / 50 kb
(medium)"	p95	600	0.8170494226682627	0.2108314947144536	3.8753670260454203	3.4	0.9000000000000004	1
"500 kb / 50 kb
(medium)"	p99	120	0.9254684475180008	0.009534306153704814	97.06720474445693	3.35	0.40000000000000036	1
"100 kb / 10 kb
(fine-scale)"	All SNPs	12000	0.4313979327303793	0.21771544099851878	1.9814760531078468	2.98	0.8399999999999999	1
"100 kb / 10 kb
(fine-scale)"	p95	600	0.8174411876293345	0.01506595806974266	54.257497853456925	3.06	0.6699999999999999	1
"100 kb / 10 kb
(fine-scale)"	p99	120	0.9262067028710123	0.019259351807010414	48.09127078377957	2.98	1.1900000000000013	1
"2 Mb / 200 kb
(conventional)"	All SNPs	12000	0.4338315269567669	0.18843272618220266	2.3023151856184416	2.8	0.40000000000000036	1
"2 Mb / 200 kb
(conventional)"	p95	600	0.8198598736615584	0.22209288981062453	3.691517879571207	17.2	2.4000000000000004	1
"2 Mb / 200 kb
(conventional)"	p99	120	0.9327808803812543	0.007779476572667964	119.90278159053032	4.8	2.4000000000000004	1
"500 kb / 50 kb
(medium)"	All SNPs	12000	0.4297941132644233	0.2111264551164431	2.035718891918959	2.9	0.6500000000000004	1
"500 kb / 50 kb
(medium)"	p95	600	0.8204670870184959	0.006274314079212339	130.76602105986623	3.4	1.6500000000000004	1
"500 kb / 50 kb
(medium)"	p99	120	0.9329912394831519	0.010179543721412504	91.65354214458749	3.4	0.1999999999999993	1
"100 kb / 10 kb
(fine-scale)"	All SNPs	12000	0.4343704209510876	0.2186538313804915	1.9865667032159882	2.99	1.3499999999999996	1
"100 kb / 10 kb
(fine-scale)"	p95	600	0.8209892125367854	0.014273334272586069	57.519090974672245	3.07	1.0700000000000003	1
"100 kb / 10 kb
(fine-scale)"	p99	120	0.9337103758622307	0.02159911753826303	43.229098328121715	3.04	1.0999999999999996	1
"2 Mb / 200 kb
(conventional)"	All SNPs	12000	0.43296938464308554	0.18633170549651756	2.323648482094624	2.8	0.0	1
"2 Mb / 200 kb
(conventional)"	p95	600	0.8137603621876565	0.15736162901637854	5.171275661508044	4.8	1.1999999999999993	1
"2 Mb / 200 kb
(conventional)"	p99	120	0.9190124780996053	0.0038885097131555343	236.3405381219492	4.6	2.4000000000000004	1
"500 kb / 50 kb
(medium)"	All SNPs	12000	0.42496960622349883	0.20950851729639325	2.028412074637955	2.95	0.0	1
"500 kb / 50 kb
(medium)"	p95	600	0.814843479644384	0.012724438984695876	64.03767432296422	3.4	0.6500000000000004	1
"500 kb / 50 kb
(medium)"	p99	120	0.9196077640274876	0.006912618169087442	133.03320703288435	3.3	0.34999999999999964	1
"100 kb / 10 kb
(fine-scale)"	All SNPs	12000	0.425179111325378	0.21591309326504152	1.9692141171052304	2.97	0.11999999999999922	1
"100 kb / 10 kb
(fine-scale)"	p95	600	0.8160348092074927	0.01850265751650755	44.103654217209034	3.07	0.2699999999999996	1
"100 kb / 10 kb
(fine-scale)"	p99	120	0.9216712672926554	0.01861760279429378	49.50536744586386	2.91	0.22000000000000064	1
"2 Mb / 200 kb
(conventional)"	All SNPs	12000	0.43750103298946497	0.18865980958677972	2.318994352574194	2.8	0.40000000000000036	1
"2 Mb / 200 kb
(conventional)"	p95	600	0.8171549205811833	0.6183010687692596	1.321613307587752	5.0	1.8000000000000007	1
"2 Mb / 200 kb
(conventional)"	p99	120	0.9312475803178473	0.009218576843592813	101.01858411747061	4.8	2.4000000000000004	1
"500 kb / 50 kb
(medium)"	All SNPs	12000	0.4347672481069827	0.21071300491195133	2.063314736025215	2.95	0.3000000000000007	1
"500 kb / 50 kb
(medium)"	p95	600	0.8174136909123628	0.007163663080429418	114.10554652486027	3.4	1.0500000000000007	1
"500 kb / 50 kb
(medium)"	p99	120	0.9303368850108236	0.010461474649375404	88.92980351162718	3.3	1.6500000000000004	1
"100 kb / 10 kb
(fine-scale)"	All SNPs	12000	0.43842517958427096	0.217066671349917	2.0197719753923824	3.01	1.2200000000000006	1
"100 kb / 10 kb
(fine-scale)"	p95	600	0.817223502551809	0.01624194782924521	50.31560938031819	3.07	1.5199999999999996	1
"100 kb / 10 kb
(fine-scale)"	p99	120	0.9272045949542976	0.020905432676629865	44.352327421130944	2.96	0.8300000000000001	1
"2 Mb / 200 kb
(conventional)"	All SNPs	12000	0.43352212894629616	0.18724102510479468	2.315315934121079	2.8	0.1999999999999993	1
"2 Mb / 200 kb
(conventional)"	p95	600	0.817235374712207	0.003750381072789538	217.90728964626155	4.8	2.4000000000000004	1
"2 Mb / 200 kb
(conventional)"	p99	120	0.9322520660307305	0.007246637978535438	128.64614857152569	4.8	2.0	1
"500 kb / 50 kb
(medium)"	All SNPs	12000	0.4268195748443678	0.2099936809330184	2.0325353265297075	2.95	0.9499999999999993	1
"500 kb / 50 kb
(medium)"	p95	600	0.8175843797300706	0.006069520491458183	134.70329013316314	3.4	1.6999999999999993	1
"500 kb / 50 kb
(medium)"	p99	120	0.9321182502894191	0.009133722788501625	102.0523911085692	3.4	1.6999999999999993	1
"100 kb / 10 kb
(fine-scale)"	All SNPs	12000	0.4295895551069179	0.21706370002673195	1.9790944089408447	2.98	0.27999999999999936	1
"100 kb / 10 kb
(fine-scale)"	p95	600	0.8172621339338296	0.01651555929476296	49.48437526986938	3.05	1.5199999999999996	1
"100 kb / 10 kb
(fine-scale)"	p99	120	0.9323325102839682	0.022308450319881445	41.792795865029994	3.04	0.7799999999999994	1
"2 Mb / 200 kb
(conventional)"	All SNPs	12000	0.4222049856468685	0.1845251411518867	2.288062119943549	2.6	0.1999999999999993	1
"2 Mb / 200 kb
(conventional)"	p95	600	0.8183044273721759	0.2839047026475504	2.8823207919456295	4.8	2.0	1
"2 Mb / 200 kb
(conventional)"	p99	120	0.9281327095027678	0.0062375379895615	148.7979249274305	4.8	2.1999999999999993	1
"500 kb / 50 kb
(medium)"	All SNPs	12000	0.42569644043329735	0.20935538206852736	2.0333675505603006	2.9	0.40000000000000036	1
"500 kb / 50 kb
(medium)"	p95	600	0.8179730968132967	0.007796064140669053	104.9212887495688	3.4	1.6999999999999993	1
"500 kb / 50 kb
(medium)"	p99	120	0.9278599781419062	0.008408770999891435	110.34430336536526	3.4	1.5500000000000007	1
"100 kb / 10 kb
(fine-scale)"	All SNPs	12000	0.42922952927871877	0.21695200378344254	1.978453859809323	2.98	0.8599999999999994	1
"100 kb / 10 kb
(fine-scale)"	p95	600	0.8182166120558526	0.016591013170329693	49.316856279705625	3.08	1.5399999999999991	1
"100 kb / 10 kb
(fine-scale)"	p99	120	0.9295486578572828	0.01831465008495572	50.75437715410385	3.01	1.3100000000000005	1
"2 Mb / 200 kb
(conventional)"	All SNPs	12000	0.4226464501244999	0.18575145252333777	2.2753332174960983	2.8	0.40000000000000036	1
"2 Mb / 200 kb
(conventional)"	p95	600	0.8038606762061385	0.014964558729732885	53.717633157398645	4.8	1.3999999999999986	1
"2 Mb / 200 kb
(conventional)"	p99	120	0.918087137525317	0.0064056239989861204	143.3251682694194	4.8	2.4000000000000004	1
"500 kb / 50 kb
(medium)"	All SNPs	12000	0.4208709053595586	0.20947097680170637	2.009208682680522	2.9	0.3000000000000007	1
"500 kb / 50 kb
(medium)"	p95	600	0.8099341974660339	0.0050321045048710876	160.9533738184523	3.4	1.6500000000000004	1
"500 kb / 50 kb
(medium)"	p99	120	0.9188185779672895	0.00847886957008375	108.3656931354605	3.35	0.1999999999999993	1
"100 kb / 10 kb
(fine-scale)"	All SNPs	12000	0.4263382963914172	0.21741560130524146	1.960936997308017	2.99	0.4299999999999997	1
"100 kb / 10 kb
(fine-scale)"	p95	600	0.810201484262712	0.01449135613577517	55.90929355897531	3.08	0.4499999999999993	1
"100 kb / 10 kb
(fine-scale)"	p99	120	0.9177115144951464	0.02036450961432915	45.0642579603004	3.0	0.3100000000000005	1
"2 Mb / 200 kb
(conventional)"	All SNPs	12000	0.4251475876785284	0.18648460646964685	2.279799902667717	2.8	0.40000000000000036	1
"2 Mb / 200 kb
(conventional)"	p95	600	0.808410925983214	0.45040735026915735	1.7948439906678222	4.8	1.8000000000000007	1
"2 Mb / 200 kb
(conventional)"	p99	120	0.9258577819380488	0.00818973174830834	113.05105104685423	4.6	2.0	1
"500 kb / 50 kb
(medium)"	All SNPs	12000	0.42372045204219416	0.20996137251996616	2.018087646106908	2.9	0.9499999999999993	1
"500 kb / 50 kb
(medium)"	p95	600	0.8137869016934214	0.24238061877790362	3.357475138881069	3.4	0.9499999999999993	1
"500 kb / 50 kb
(medium)"	p99	120	0.9244627334466499	0.013967281795301423	66.18773409137044	3.3	1.1000000000000014	1
"100 kb / 10 kb
(fine-scale)"	All SNPs	12000	0.42801632389845046	0.2169511680723375	1.9728694143547456	2.99	1.1500000000000004	1
"100 kb / 10 kb
(fine-scale)"	p95	600	0.815740477855524	0.04890332759397078	16.680674260622204	3.07	0.8399999999999999	1
"100 kb / 10 kb
(fine-scale)"	p99	120	0.9266194314124323	0.021859213849415898	42.3903365324912	2.93	0.39000000000000057	1
"2 Mb / 200 kb
(conventional)"	All SNPs	12000	0.43581948508827223	0.1899799780272672	2.294028505602419	2.8	0.1999999999999993	1
"2 Mb / 200 kb
(conventional)"	p95	600	0.8239383936913873	0.30970243864194547	2.66041945715501	4.8	2.1999999999999993	1
"2 Mb / 200 kb
(conventional)"	p99	120	0.9377365392322811	0.006640444955454873	141.21591934317084	4.8	0.1999999999999993	1
"500 kb / 50 kb
(medium)"	All SNPs	12000	0.4307983133252256	0.21062106053601948	2.0453714943266674	2.95	0.09999999999999964	1
"500 kb / 50 kb
(medium)"	p95	600	0.8231937114000959	0.006697704741743116	122.90683796041074	3.4	1.1999999999999993	1
"500 kb / 50 kb
(medium)"	p99	120	0.9382036506260012	0.008062395669247777	116.3678500925688	3.3	0.4499999999999993	1
"100 kb / 10 kb
(fine-scale)"	All SNPs	12000	0.4357660244790618	0.2179542466635077	1.999346335985031	2.96	0.019999999999999574	1
"100 kb / 10 kb
(fine-scale)"	p95	600	0.8234204797199075	0.017301044672166397	47.593685544585135	3.04	0.34999999999999964	1
"100 kb / 10 kb
(fine-scale)"	p99	120	0.9395982556639927	0.017421657566175038	53.932770294387296	2.96	1.1999999999999993	1
"2 Mb / 200 kb
(conventional)"	All SNPs	12000	0.43257624682455037	0.1876618307749111	2.305083804406657	2.8	0.40000000000000036	1
"2 Mb / 200 kb
(conventional)"	p95	600	0.8181257488635307	0.010727500097978479	76.26434317327116	4.8	2.1999999999999993	1
"2 Mb / 200 kb
(conventional)"	p99	120	0.9320370157199802	0.005962430092100799	156.31831339285137	4.6	1.8000000000000007	1
"500 kb / 50 kb
(medium)"	All SNPs	12000	0.427201112480644	0.20957909582439294	2.038376541325464	2.9	0.34999999999999964	1
"500 kb / 50 kb
(medium)"	p95	600	0.8189304992141889	0.013933746083092238	58.773175162701705	3.4	1.6999999999999993	1
"500 kb / 50 kb
(medium)"	p99	120	0.9326799458431743	0.009109580345504771	102.38451283910307	3.25	1.1000000000000014	1
"100 kb / 10 kb
(fine-scale)"	All SNPs	12000	0.43324867033431175	0.21761773479521124	1.9908702328053345	2.97	1.3599999999999994	1
"100 kb / 10 kb
(fine-scale)"	p95	600	0.8199490890570914	0.0199346279980865	41.13189817917833	3.07	1.5299999999999994	1
"100 kb / 10 kb
(fine-scale)"	p99	120	0.9332952640213154	0.020107529022944506	46.41521407012971	2.86	0.019999999999999574	1
"2 Mb / 200 kb
(conventional)"	All SNPs	12000	0.4310297555765047	0.18638421245991	2.3125872620204695	2.8	0.40000000000000036	1
"2 Mb / 200 kb
(conventional)"	p95	600	0.8049864618961103	0.3481280802530807	2.312328443344486	4.8	2.4000000000000004	1
"2 Mb / 200 kb
(conventional)"	p99	120	0.918872282993978	0.010288802151481044	89.30799421210651	4.8	2.4000000000000004	1
"500 kb / 50 kb
(medium)"	All SNPs	12000	0.42471945870908673	0.20820584553231977	2.0399017021986423	2.95	1.1000000000000014	1
"500 kb / 50 kb
(medium)"	p95	600	0.80794045020893	0.016684870217230294	48.423538192977865	3.4	1.6999999999999993	1
"500 kb / 50 kb
(medium)"	p99	120	0.9205063040823411	0.01150195481891827	80.0304225302906	3.4	1.6999999999999993	1
"100 kb / 10 kb
(fine-scale)"	All SNPs	12000	0.42748552537855466	0.21592372063277854	1.9797988110142808	3.01	1.3399999999999999	1
"100 kb / 10 kb
(fine-scale)"	p95	600	0.8102029138150942	0.01528722922593306	52.99867633571402	3.08	0.4800000000000004	1
"100 kb / 10 kb
(fine-scale)"	p99	120	0.9226387335417171	0.01792411175023582	51.47472557626619	3.03	0.41000000000000014	1
"2 Mb / 200 kb
(conventional)"	All SNPs	12000	0.4408367592931425	0.19033498563686835	2.3161099774594005	2.8	0.0	1
"2 Mb / 200 kb
(conventional)"	p95	600	0.819725978406127	0.005287881604000195	155.01972997769425	4.8	2.3999999999999986	1
"2 Mb / 200 kb
(conventional)"	p99	120	0.9271619107665888	0.004859599896001492	190.78976265709926	4.8	0.1999999999999993	1
"500 kb / 50 kb
(medium)"	All SNPs	12000	0.4355369218106655	0.21211739753712797	2.053282412794223	2.95	0.34999999999999964	1
"500 kb / 50 kb
(medium)"	p95	600	0.8189499369862783	0.010062856673079127	81.38344444249033	3.4	1.6499999999999986	1
"500 kb / 50 kb
(medium)"	p99	120	0.9279964197911725	0.008178705429672355	113.46495209674629	3.35	0.3000000000000007	1
"100 kb / 10 kb
(fine-scale)"	All SNPs	12000	0.4381797470327002	0.21904458334695026	2.0004135246688852	2.99	1.3099999999999987	1
"100 kb / 10 kb
(fine-scale)"	p95	600	0.8171204855094775	0.016988926524988728	48.097240535332745	3.08	0.8000000000000007	1
"100 kb / 10 kb
(fine-scale)"	p99	120	0.928768439479142	0.020386098111018325	45.55891149062798	3.01	0.5500000000000007	1
"2 Mb / 200 kb
(conventional)"	All SNPs	12000	0.4265178331058981	0.18501996748567628	2.3052529891884124	2.8	0.1999999999999993	1
"2 Mb / 200 kb
(conventional)"	p95	600	0.8172984379456396	0.0025879069046990683	315.8144663015527	4.8	2.1999999999999993	1
"2 Mb / 200 kb
(conventional)"	p99	120	0.9287907913819566	0.009339154673746363	99.45126982347922	4.8	1.6000000000000014	1
"500 kb / 50 kb
(medium)"	All SNPs	12000	0.42653350633068415	0.20942578682415106	2.0366809302659195	2.95	0.5	1
"500 kb / 50 kb
(medium)"	p95	600	0.817461814631231	0.006105904240441933	133.8805494552048	3.4	0.5500000000000007	1
"500 kb / 50 kb
(medium)"	p99	120	0.9297733171478688	0.010595420661249215	87.75237405611863	3.4	0.9499999999999993	1
"100 kb / 10 kb
(fine-scale)"	All SNPs	12000	0.4322537458499479	0.21736322536581063	1.9886240881937969	2.97	0.39000000000000057	1
"100 kb / 10 kb
(fine-scale)"	p95	600	0.8171972738211358	0.01613540697835747	50.646213939149355	3.08	0.6699999999999999	1
"100 kb / 10 kb
(fine-scale)"	p99	120	0.9308372119324132	0.018663038182684596	49.875974255683396	3.04	1.1500000000000004	1
"2 Mb / 200 kb
(conventional)"	All SNPs	12000	0.42652121547503874	0.18571937068831026	2.2965898166371788	2.8	0.40000000000000036	1
"2 Mb / 200 kb
(conventional)"	p95	600	0.8123722166461735	0.0033739369886443397	240.77871619427833	4.8	2.1999999999999993	1
"2 Mb / 200 kb
(conventional)"	p99	120	0.9247358980048176	0.007529229053994284	122.81946682366394	4.8	2.3999999999999986	1
"500 kb / 50 kb
(medium)"	All SNPs	12000	0.42168319881711885	0.2076894194998106	2.0303547471637255	2.95	0.9000000000000004	1
"500 kb / 50 kb
(medium)"	p95	600	0.8119309120736945	0.0058059453523799575	139.84473893486958	3.4	1.5500000000000007	1
"500 kb / 50 kb
(medium)"	p99	120	0.9251787213879793	0.008421158444693412	109.86359269501456	3.35	1.6499999999999986	1
"100 kb / 10 kb
(fine-scale)"	All SNPs	12000	0.4278369693744186	0.2157262905632649	1.983239818648572	2.99	0.5199999999999996	1
"100 kb / 10 kb
(fine-scale)"	p95	600	0.8110950587857779	0.014568279502613102	55.675418544811166	3.08	0.5099999999999998	1
"100 kb / 10 kb
(fine-scale)"	p99	120	0.9245540659785335	0.019713504201022445	46.89952920346761	2.98	0.9199999999999999	1
"2 Mb / 200 kb
(conventional)"	All SNPs	12000	0.42568931413519684	0.18509462399693835	2.2998469914622595	2.8	0.1999999999999993	1
"2 Mb / 200 kb
(conventional)"	p95	600	0.8075439973206394	0.006254516311262225	129.11374071669323	4.8	2.3999999999999986	1
"2 Mb / 200 kb
(conventional)"	p99	120	0.9190025746100475	0.003184024398445536	288.6292501586079	4.8	2.0	1
"500 kb / 50 kb
(medium)"	All SNPs	12000	0.4217743502188445	0.20752438249828628	2.032408650691094	2.9	0.5	1
"500 kb / 50 kb
(medium)"	p95	600	0.8068243187769156	0.009085645999458556	88.80208615050564	3.4	1.6000000000000014	1
"500 kb / 50 kb
(medium)"	p99	120	0.9194020828647518	0.008901380880439956	103.28757922100169	3.35	0.15000000000000036	1
"100 kb / 10 kb
(fine-scale)"	All SNPs	12000	0.4248770843787647	0.2147894932987658	1.9781092541047776	2.97	0.5199999999999996	1
"100 kb / 10 kb
(fine-scale)"	p95	600	0.8056261365858425	0.01536794667724307	52.422496869983135	3.07	1.4299999999999997	1
"100 kb / 10 kb
(fine-scale)"	p99	120	0.9190876483591764	0.023559096257337094	39.01200785972177	2.97	0.7400000000000002	1
"2 Mb / 200 kb
(conventional)"	All SNPs	12000	0.43953992803175784	0.19009322163704773	2.3122335675439722	2.8	0.40000000000000036	1
"2 Mb / 200 kb
(conventional)"	p95	600	0.8111899797586526	0.005112738471318332	158.6605660174684	4.8	1.6000000000000014	1
"2 Mb / 200 kb
(conventional)"	p99	120	0.9297488181325932	0.0074656193583093125	124.53739917744039	4.8	2.4000000000000004	1
"500 kb / 50 kb
(medium)"	All SNPs	12000	0.4339080594004241	0.21050051620417184	2.0613158923542088	2.95	0.8499999999999996	1
"500 kb / 50 kb
(medium)"	p95	600	0.8119353235087206	0.006814126633465229	119.15471595746118	3.4	0.8000000000000007	1
"500 kb / 50 kb
(medium)"	p99	120	0.9310423574791971	0.009828791684852045	94.72602404567213	3.4	1.5500000000000007	1
"100 kb / 10 kb
(fine-scale)"	All SNPs	12000	0.43673209920331096	0.2166110631841685	2.0162040330875883	2.99	0.6099999999999994	1
"100 kb / 10 kb
(fine-scale)"	p95	600	0.8124127346005279	0.015150938274116047	53.62128205541294	3.08	0.6099999999999994	1
"100 kb / 10 kb
(fine-scale)"	p99	120	0.9296424717063819	0.021955121921609744	42.34285170565889	3.03	0.28999999999999915	1
"2 Mb / 200 kb
(conventional)"	All SNPs	12000	0.4344779320789299	0.18707709700797134	2.322453892153441	2.8	0.40000000000000036	1
"2 Mb / 200 kb
(conventional)"	p95	600	0.8218148037891219	0.33837732622282185	2.4286934735336136	4.8	1.4000000000000004	1
"2 Mb / 200 kb
(conventional)"	p99	120	0.9343910414047154	0.00441344618280718	211.7146109189428	4.8	0.0	1
"500 kb / 50 kb
(medium)"	All SNPs	12000	0.4339984366786438	0.2095266201633284	2.0713283893967125	2.95	1.0999999999999996	1
"500 kb / 50 kb
(medium)"	p95	600	0.8218083571107021	0.004555452630479914	180.401032295253	3.4	0.4499999999999993	1
"500 kb / 50 kb
(medium)"	p99	120	0.9355573359709177	0.008976243034003604	104.2259364443298	3.4	0.09999999999999964	1
"100 kb / 10 kb
(fine-scale)"	All SNPs	12000	0.43774506387713924	0.2167804791705261	2.0193011176656532	2.98	0.08999999999999986	1
"100 kb / 10 kb
(fine-scale)"	p95	600	0.8222496995881451	0.015917603950186626	51.656625090141446	3.08	0.4499999999999993	1
"100 kb / 10 kb
(fine-scale)"	p99	120	0.9356085207246425	0.020457330162935144	45.734634640633125	3.05	0.8499999999999996	1
"2 Mb / 200 kb
(conventional)"	All SNPs	12000	0.4295889322269582	0.18731677536287625	2.2933820603880477	2.8	0.40000000000000036	1
"2 Mb / 200 kb
(conventional)"	p95	600	0.8172433694780891	0.003340212440420331	244.66808146347947	4.8	0.1999999999999993	1
"2 Mb / 200 kb
(conventional)"	p99	120	0.9222557335281205	0.009392530347683037	98.19033842734657	4.8	0.1999999999999993	1
"500 kb / 50 kb
(medium)"	All SNPs	12000	0.4273506241306558	0.2105673634868818	2.029519755834714	3.0	0.25	1
"500 kb / 50 kb
(medium)"	p95	600	0.8181327382639322	0.006498368292914492	125.8981795716295	3.4	0.34999999999999964	1
"500 kb / 50 kb
(medium)"	p99	120	0.9239718065945128	0.01164456262134956	79.34791856419491	3.35	0.9000000000000004	1
"100 kb / 10 kb
(fine-scale)"	All SNPs	12000	0.4305592144896302	0.2179661507866416	1.9753489839396552	2.99	1.2600000000000016	1
"100 kb / 10 kb
(fine-scale)"	p95	600	0.8186252037352363	0.014789297607226772	55.352541106158824	3.06	0.14000000000000057	1
"100 kb / 10 kb
(fine-scale)"	p99	120	0.9273871536591473	0.026110110428765564	35.51831602509972	3.0	0.8000000000000007	1
"2 Mb / 200 kb
(conventional)"	All SNPs	12000	0.4275203965099403	0.1882897918427699	2.2705447402424146	2.8	0.1999999999999993	1
"2 Mb / 200 kb
(conventional)"	p95	600	0.8115983569298052	0.33272365255384795	2.4392565743382377	4.8	2.3999999999999986	1
"2 Mb / 200 kb
(conventional)"	p99	120	0.9198132073426452	0.006936654111608187	132.60185567035526	4.6	0.40000000000000036	1
"500 kb / 50 kb
(medium)"	All SNPs	12000	0.42556960940792393	0.21058670633558882	2.020875946128055	2.95	1.1999999999999993	1
"500 kb / 50 kb
(medium)"	p95	600	0.812141091720122	0.010972534588079704	74.01581514287615	3.4	1.6499999999999986	1
"500 kb / 50 kb
(medium)"	p99	120	0.920573987868109	0.010507912964789696	87.60769059972256	3.3	0.5999999999999996	1
"100 kb / 10 kb
(fine-scale)"	All SNPs	12000	0.4314140081368545	0.21842283169089902	1.9751323833552796	2.99	0.6699999999999999	1
"100 kb / 10 kb
(fine-scale)"	p95	600	0.8120667162224418	0.015486898838863769	52.43572161681537	3.07	1.4600000000000009	1
"100 kb / 10 kb
(fine-scale)"	p99	120	0.9227882090287464	0.017103853000862253	53.952066179604444	2.95	0.4499999999999993	1
"2 Mb / 200 kb
(conventional)"	All SNPs	12000	0.42932771230961975	0.18790727234861387	2.2847849736923007	2.8	0.1999999999999993	1
"2 Mb / 200 kb
(conventional)"	p95	600	0.8130266437578332	0.002631539527196488	308.9547526667751	4.8	1.3999999999999986	1
"2 Mb / 200 kb
(conventional)"	p99	120	0.921272973618462	0.004272484415621098	215.62933506558738	4.8	2.1999999999999993	1
"500 kb / 50 kb
(medium)"	All SNPs	12000	0.4268026481416948	0.21103918919418524	2.0223857463221075	2.95	1.0	1
"500 kb / 50 kb
(medium)"	p95	600	0.813762041835971	0.007092018636554016	114.74335919559495	3.4	1.6999999999999993	1
"500 kb / 50 kb
(medium)"	p99	120	0.9221477799749128	0.008998810940948551	102.47440312127623	3.4	0.25	1
"100 kb / 10 kb
(fine-scale)"	All SNPs	12000	0.4301260417752883	0.2182636285931276	1.9706720929537023	2.99	0.27999999999999936	1
"100 kb / 10 kb
(fine-scale)"	p95	600	0.8145669308491114	0.016076005185362986	50.66973551307168	3.08	1.5300000000000011	1
"100 kb / 10 kb
(fine-scale)"	p99	120	0.9211504023864442	0.019037595586962507	48.3858582970044	3.07	1.2699999999999996	1
"2 Mb / 200 kb
(conventional)"	All SNPs	12000	0.42636041604143243	0.18550525097218173	2.2983738401311844	2.8	0.0	1
"2 Mb / 200 kb
(conventional)"	p95	600	0.8119080132574054	0.006207411212998023	130.79655679283962	4.8	2.3999999999999986	1
"2 Mb / 200 kb
(conventional)"	p99	120	0.9178921325622433	0.004470612922177678	205.31684324733027	4.8	2.1999999999999993	1
"500 kb / 50 kb
(medium)"	All SNPs	12000	0.4210336108779842	0.20816606110624752	2.0225852794663273	2.9	0.6500000000000004	1
"500 kb / 50 kb
(medium)"	p95	600	0.810356180197083	0.00833555567136937	97.2168157883537	3.4	1.6499999999999986	1
"500 kb / 50 kb
(medium)"	p99	120	0.9174096743079547	0.010237310989847146	89.61432110617679	3.35	1.6999999999999993	1
"100 kb / 10 kb
(fine-scale)"	All SNPs	12000	0.4255275689956673	0.21589611403429673	1.970982992904027	2.99	0.4399999999999995	1
"100 kb / 10 kb
(fine-scale)"	p95	600	0.8090855565290662	0.014696580507055915	55.052640043758444	3.08	1.0999999999999996	1
"100 kb / 10 kb
(fine-scale)"	p99	120	0.9170843329852111	0.023408109264910264	39.17806101323864	3.01	0.25	1
"2 Mb / 200 kb
(conventional)"	All SNPs	12000	0.44208886545106446	0.18959378990265577	2.3317687023295894	2.8	0.40000000000000036	1
"2 Mb / 200 kb
(conventional)"	p95	600	0.8199835590595913	0.005503262773557351	148.99952860683547	4.8	2.1999999999999993	1
"2 Mb / 200 kb
(conventional)"	p99	120	0.9250220181967346	0.004591219862587502	201.4763060541854	4.8	2.3999999999999986	1
"500 kb / 50 kb
(medium)"	All SNPs	12000	0.43692806678465684	0.2111959348150511	2.0688280158767465	3.0	0.9000000000000004	1
"500 kb / 50 kb
(medium)"	p95	600	0.8191059550320026	0.008157335090797016	100.41342496229016	3.4	1.5	1
"500 kb / 50 kb
(medium)"	p99	120	0.9249385444955953	0.008268982402261421	111.85639290303011	3.35	0.25	1
"100 kb / 10 kb
(fine-scale)"	All SNPs	12000	0.4378475550630976	0.21732322157774941	2.0147297278420546	2.98	0.8699999999999992	1
"100 kb / 10 kb
(fine-scale)"	p95	600	0.8180919123303088	0.015268495642698714	53.58038745103972	3.06	1.2799999999999994	1
"100 kb / 10 kb
(fine-scale)"	p99	120	0.9229710915733901	0.018864823775628592	48.92550826611874	2.98	0.9600000000000009	1
"2 Mb / 200 kb
(conventional)"	All SNPs	12000	0.42848250018552386	0.1863374034158702	2.29949807355226	2.8	0.40000000000000036	1
"2 Mb / 200 kb
(conventional)"	p95	600	0.811453909522426	0.007384826507952174	109.8812421183668	4.8	1.5999999999999996	1
"2 Mb / 200 kb
(conventional)"	p99	120	0.9148306772239648	0.009214060012723879	99.2863814605784	4.8	0.1999999999999993	1
"500 kb / 50 kb
(medium)"	All SNPs	12000	0.42467381581914715	0.20937800557580502	2.028263735970083	2.9	1.0999999999999996	1
"500 kb / 50 kb
(medium)"	p95	600	0.8107219101001872	0.011269612156890322	71.93875874463932	3.4	1.0	1
"500 kb / 50 kb
(medium)"	p99	120	0.9152035699576343	0.011575166229168782	79.06612759058022	3.3	0.40000000000000036	1
"100 kb / 10 kb
(fine-scale)"	All SNPs	12000	0.42933369865477083	0.216573488180558	1.9823926846338367	2.97	1.2599999999999998	1
"100 kb / 10 kb
(fine-scale)"	p95	600	0.8113345406767352	0.01858548141670886	43.654211719655706	3.08	0.9600000000000009	1
"100 kb / 10 kb
(fine-scale)"	p99	120	0.9182718533909451	0.020265988556492708	45.310982527756046	2.96	0.47000000000000064	1
"2 Mb / 200 kb
(conventional)"	All SNPs	12000	0.4371077143215461	0.18879258286083678	2.315280122226772	2.8	0.40000000000000036	1
"2 Mb / 200 kb
(conventional)"	p95	600	0.8110674170520408	0.009788316810575326	82.86076480235715	16.8	2.4000000000000004	1
"2 Mb / 200 kb
(conventional)"	p99	120	0.9240820598925508	0.003103858210789815	297.72044891748027	4.8	2.4000000000000004	1
"500 kb / 50 kb
(medium)"	All SNPs	12000	0.42993508971754846	0.20941024934287208	2.053075678323682	2.95	1.1999999999999993	1
"500 kb / 50 kb
(medium)"	p95	600	0.8106450486075075	0.010372993209720745	78.14957864310905	15.45	1.6999999999999993	1
"500 kb / 50 kb
(medium)"	p99	120	0.924669612438894	0.006717659846902495	137.6475786974028	3.4	0.34999999999999964	1
"100 kb / 10 kb
(fine-scale)"	All SNPs	12000	0.43160976458290756	0.21522874496325606	2.005353721021754	2.97	0.28999999999999915	1
"100 kb / 10 kb
(fine-scale)"	p95	600	0.8100031382495169	0.020901643921449612	38.75308283375157	3.08	1.5399999999999991	1
"100 kb / 10 kb
(fine-scale)"	p99	120	0.9236480472245482	0.01999981083612704	46.18283916746347	3.04	0.5700000000000003	1
"2 Mb / 200 kb
(conventional)"	All SNPs	12000	0.4273976394083465	0.18526892758274985	2.3069040501540687	2.8	0.40000000000000036	1
"2 Mb / 200 kb
(conventional)"	p95	600	0.8085037370288305	0.004600729715821286	175.7338046285344	4.8	2.1999999999999993	1
"2 Mb / 200 kb
(conventional)"	p99	120	0.9174188873132177	0.004976402795449426	184.35382444365905	4.8	2.1999999999999993	1
"500 kb / 50 kb
(medium)"	All SNPs	12000	0.42532457726558554	0.20754361005160896	2.0493262941693167	2.95	1.1999999999999993	1
"500 kb / 50 kb
(medium)"	p95	600	0.807440357079471	0.008394817837516472	96.18318976154755	3.4	1.5	1
"500 kb / 50 kb
(medium)"	p99	120	0.9159786691845719	0.01028291237053756	89.077747254661	3.4	0.75	1
"100 kb / 10 kb
(fine-scale)"	All SNPs	12000	0.4295833641374824	0.21510938919571324	1.9970460877773868	2.98	1.3100000000000005	1
"100 kb / 10 kb
(fine-scale)"	p95	600	0.8071730728451562	0.016009995574685843	50.41682048441134	3.07	1.3000000000000007	1
"100 kb / 10 kb
(fine-scale)"	p99	120	0.9156702085839211	0.017718749926747168	51.67803667693735	3.05	0.9100000000000001	1
"2 Mb / 200 kb
(conventional)"	All SNPs	12000	0.4302558457958207	0.18761732629137004	2.293262857437978	2.8	0.1999999999999993	1
"2 Mb / 200 kb
(conventional)"	p95	600	0.8155558517205665	0.44661772422025087	1.8260713972882383	10.8	2.4000000000000004	1
"2 Mb / 200 kb
(conventional)"	p99	120	0.9240711289187143	0.0044343785789140635	208.38796518474308	4.8	2.3999999999999986	1
"500 kb / 50 kb
(medium)"	All SNPs	12000	0.4260012204271427	0.20928175117464562	2.0355392576567497	2.9	0.05000000000000071	1
"500 kb / 50 kb
(medium)"	p95	600	0.8154559374927141	0.02354315311990698	34.63664927716088	9.45	0.3000000000000007	1
"500 kb / 50 kb
(medium)"	p99	120	0.9244251952066296	0.007598114872334431	121.6650722895179	3.35	1.0500000000000007	1
"100 kb / 10 kb
(fine-scale)"	All SNPs	12000	0.43168697750068685	0.21720354366972341	1.9874766783598332	2.96	0.2699999999999996	1
"100 kb / 10 kb
(fine-scale)"	p95	600	0.8150120853274351	0.015383438661361496	52.97983781574771	9.13	0.8000000000000007	1
"100 kb / 10 kb
(fine-scale)"	p99	120	0.9276912115776801	0.024319393336000673	38.14614940268238	3.0	1.0899999999999999	1
"2 Mb / 200 kb
(conventional)"	All SNPs	12000	0.4356357710660149	0.18877882870966434	2.307651626210736	2.8	0.40000000000000036	1
"2 Mb / 200 kb
(conventional)"	p95	600	0.823899224952811	0.0041090851079816654	200.50673162072826	4.8	2.3999999999999986	1
"2 Mb / 200 kb
(conventional)"	p99	120	0.9377712097643599	0.007426618788017023	126.27162326918811	4.8	2.1999999999999993	1
"500 kb / 50 kb
(medium)"	All SNPs	12000	0.4291732521399197	0.21130787391727157	2.0310329387344264	2.95	0.3000000000000007	1
"500 kb / 50 kb
(medium)"	p95	600	0.8231333072521253	0.006623673834569996	124.27141308741126	3.4	1.3500000000000014	1
"500 kb / 50 kb
(medium)"	p99	120	0.937721995902887	0.010862833142382306	86.32388840110978	3.3	1.5999999999999996	1
"100 kb / 10 kb
(fine-scale)"	All SNPs	12000	0.43511153320063084	0.21889117266919245	1.9877984474879193	2.98	0.3699999999999992	1
"100 kb / 10 kb
(fine-scale)"	p95	600	0.822777280595362	0.014709807421195117	55.93392605601593	3.07	1.3699999999999992	1
"100 kb / 10 kb
(fine-scale)"	p99	120	0.9368112091782899	0.018523428045409056	50.57439729199985	2.96	0.9100000000000001	1
"2 Mb / 200 kb
(conventional)"	All SNPs	12000	0.4293156621939495	0.1860942827770774	2.3069793213810192	2.8	0.40000000000000036	1
"2 Mb / 200 kb
(conventional)"	p95	600	0.8117507124114707	0.6005705882575137	1.351632477985097	4.8	2.3999999999999986	1
"2 Mb / 200 kb
(conventional)"	p99	120	0.9211286981256859	0.009257733891010892	99.49829072318515	4.8	2.3999999999999986	1
"500 kb / 50 kb
(medium)"	All SNPs	12000	0.42328056575806905	0.20869352174972244	2.028240082438649	2.95	1.1500000000000004	1
"500 kb / 50 kb
(medium)"	p95	600	0.812060167306903	0.00896066866392869	90.62495197215179	3.4	1.6999999999999993	1
"500 kb / 50 kb
(medium)"	p99	120	0.9226901330263996	0.009825640326373715	93.90636155790682	3.35	0.5999999999999996	1
"100 kb / 10 kb
(fine-scale)"	All SNPs	12000	0.4261583107521836	0.21611750229008428	1.9718824539262512	2.97	0.9299999999999997	1
"100 kb / 10 kb
(fine-scale)"	p95	600	0.8118653717575466	0.013915616764712847	58.342032946485766	3.07	1.5300000000000011	1
"100 kb / 10 kb
(fine-scale)"	p99	120	0.9230934614976786	0.02263083466023945	40.78919206278677	3.0	0.35999999999999943	1
"2 Mb / 200 kb
(conventional)"	All SNPs	12000	0.43220197638918917	0.18488963686516452	2.337621424960575	2.8	0.40000000000000036	1
"2 Mb / 200 kb
(conventional)"	p95	600	0.8115168212332015	0.008679793058150932	93.4949503745519	5.0	2.5999999999999996	0
"2 Mb / 200 kb
(conventional)"	p99	120	0.9207521967540593	0.007513473352520136	122.54681071640783	4.8	2.4000000000000004	1
"500 kb / 50 kb
(medium)"	All SNPs	12000	0.43008086696090897	0.20678296726082568	2.0798660192279113	2.95	0.9499999999999993	1
"500 kb / 50 kb
(medium)"	p95	600	0.8118716885411548	0.009147433196397594	88.75404401541657	3.4	0.9499999999999993	1
"500 kb / 50 kb
(medium)"	p99	120	0.9215909057379708	0.010827635914628148	85.11469290289862	3.35	1.6999999999999993	1
"100 kb / 10 kb
(fine-scale)"	All SNPs	12000	0.4352517357609526	0.2144767637777544	2.0293654570989803	2.98	0.8000000000000007	1
"100 kb / 10 kb
(fine-scale)"	p95	600	0.8128541884280565	0.016217064151475592	50.123387367502936	3.07	1.2100000000000009	1
"100 kb / 10 kb
(fine-scale)"	p99	120	0.922909973640012	0.021017418581953183	43.91167117128637	2.94	0.6600000000000001	1
"2 Mb / 200 kb
(conventional)"	All SNPs	12000	0.430175492854502	0.1876791738158575	2.2920789990080155	2.8	0.40000000000000036	1
"2 Mb / 200 kb
(conventional)"	p95	600	0.815294209584857	0.015578181923852272	52.3356456851061	13.0	10.399999999999999	0
"2 Mb / 200 kb
(conventional)"	p99	120	0.9270100865214801	0.005912838875481696	156.7791894965107	4.8	2.1999999999999993	1
"500 kb / 50 kb
(medium)"	All SNPs	12000	0.422748159656285	0.2091618582063126	2.021153202986443	2.9	0.4499999999999993	1
"500 kb / 50 kb
(medium)"	p95	600	0.8150558821595482	0.008098878441185118	100.63811774415028	3.4	1.6999999999999993	1
"500 kb / 50 kb
(medium)"	p99	120	0.927263479463629	0.009119644805320886	101.67758714929491	3.35	0.4499999999999993	1
"100 kb / 10 kb
(fine-scale)"	All SNPs	12000	0.4264262729746697	0.21653429599595841	1.9693244019997131	2.97	0.33000000000000007	1
"100 kb / 10 kb
(fine-scale)"	p95	600	0.8153671858469429	0.016321416301944943	49.95688920389706	3.07	1.5199999999999996	1
"100 kb / 10 kb
(fine-scale)"	p99	120	0.9265412509081637	0.019248932877591687	48.13468137689756	3.0	0.28999999999999915	1
"2 Mb / 200 kb
(conventional)"	All SNPs	12000	0.43498037134766254	0.18773768780335234	2.316958179453488	2.8	0.40000000000000036	1
"2 Mb / 200 kb
(conventional)"	p95	600	0.8154530862646676	0.6075483024498415	1.3422028881925656	4.8	1.8000000000000007	1
"2 Mb / 200 kb
(conventional)"	p99	120	0.9204397101392003	0.005274180316907083	174.5180586997773	4.8	2.4000000000000004	1
"500 kb / 50 kb
(medium)"	All SNPs	12000	0.42807006278368187	0.20977517185700617	2.0406135721127048	2.95	0.9000000000000004	1
"500 kb / 50 kb
(medium)"	p95	600	0.8154955184076532	0.00831156222838033	98.11579291593277	3.4	1.6999999999999993	1
"500 kb / 50 kb
(medium)"	p99	120	0.920705798437681	0.007209217993076572	127.71229824398262	3.35	1.6999999999999993	1
"100 kb / 10 kb
(fine-scale)"	All SNPs	12000	0.43175784147210416	0.21669474232113145	1.9924703149108218	3.0	1.0100000000000016	1
"100 kb / 10 kb
(fine-scale)"	p95	600	0.8151188021959921	0.017365287039613386	46.93955247250204	3.08	0.2599999999999998	1
"100 kb / 10 kb
(fine-scale)"	p99	120	0.9192775231993084	0.017430944492823102	52.73825084910376	3.0	0.4800000000000004	1
"2 Mb / 200 kb
(conventional)"	All SNPs	12000	0.43298362029145365	0.18907447643864145	2.2900162330052294	2.8	0.0	1
"2 Mb / 200 kb
(conventional)"	p95	600	0.8163167239513639	0.008222276377762069	99.28110981031608	4.8	2.1999999999999993	1
"2 Mb / 200 kb
(conventional)"	p99	120	0.9366059389813748	0.004931290979031296	189.93118495014502	4.4	2.0	1
"500 kb / 50 kb
(medium)"	All SNPs	12000	0.4280546200627226	0.21059614393318193	2.0325852699303746	2.95	0.75	1
"500 kb / 50 kb
(medium)"	p95	600	0.8170163631865318	0.009166381117869174	89.13183432814282	3.4	1.5	1
"500 kb / 50 kb
(medium)"	p99	120	0.9356435692678016	0.008024998395549578	116.5911222844208	3.2	0.9000000000000004	1
"100 kb / 10 kb
(fine-scale)"	All SNPs	12000	0.43147121393881804	0.21751179560151895	1.9836681166904262	2.97	0.0600000000000005	1
"100 kb / 10 kb
(fine-scale)"	p95	600	0.8188119247422403	0.018420471277710092	44.45119304483015	3.06	1.5399999999999991	1
"100 kb / 10 kb
(fine-scale)"	p99	120	0.9359519404467663	0.022748470958091578	41.143509916381895	2.86	0.03999999999999915	1
"2 Mb / 200 kb
(conventional)"	All SNPs	12000	0.4335964123061824	0.18682478649048817	2.3208719809148994	2.8	0.40000000000000036	1
"2 Mb / 200 kb
(conventional)"	p95	600	0.8127721728836178	0.0038994420161935035	208.43294233081508	4.8	2.3999999999999986	1
"2 Mb / 200 kb
(conventional)"	p99	120	0.9193739222433996	0.004202493747571838	218.7686591502023	4.8	2.3999999999999986	1
"500 kb / 50 kb
(medium)"	All SNPs	12000	0.4286934296744416	0.2091916508875714	2.0492855611376184	3.0	1.0500000000000007	1
"500 kb / 50 kb
(medium)"	p95	600	0.8124473048858372	0.007320239846569484	110.98643240037796	3.4	1.6999999999999993	1
"500 kb / 50 kb
(medium)"	p99	120	0.9189578836412441	0.0057245965183740965	160.52797445054645	3.35	0.3000000000000007	1
"100 kb / 10 kb
(fine-scale)"	All SNPs	12000	0.43060611806522375	0.21614154099578606	1.9922413622174506	2.98	1.120000000000001	1
"100 kb / 10 kb
(fine-scale)"	p95	600	0.8121714169280342	0.01666044687538284	48.748477336948454	3.07	0.41000000000000014	1
"100 kb / 10 kb
(fine-scale)"	p99	120	0.9205753322542838	0.019016443933819464	48.40943635193027	3.02	0.6600000000000001	1
"2 Mb / 200 kb
(conventional)"	All SNPs	12000	0.43276972735931096	0.18894439052783427	2.2904608395641026	2.8	0.40000000000000036	1
"2 Mb / 200 kb
(conventional)"	p95	600	0.814424539647353	0.6851885594680686	1.18861374492244	4.8	2.3999999999999986	1
"2 Mb / 200 kb
(conventional)"	p99	120	0.923066833338241	0.003723538214513328	247.90045922998195	4.8	1.0	1
"500 kb / 50 kb
(medium)"	All SNPs	12000	0.43043749063135367	0.21094845117477318	2.040486612886915	2.95	0.4499999999999993	1
"500 kb / 50 kb
(medium)"	p95	600	0.8193120026772275	0.31135239293244127	2.6314620387549286	3.4	1.6999999999999993	1
"500 kb / 50 kb
(medium)"	p99	120	0.9244176910058441	0.007245725307959621	127.58111185782144	3.4	1.6999999999999993	1
"100 kb / 10 kb
(fine-scale)"	All SNPs	12000	0.43426830668412975	0.21819604047014635	1.9902666691311774	2.99	1.0500000000000007	1
"100 kb / 10 kb
(fine-scale)"	p95	600	0.8179951465846895	0.012533610401517063	65.26412744452945	3.07	1.5100000000000016	1
"100 kb / 10 kb
(fine-scale)"	p99	120	0.9243030140590948	0.01857677547532403	49.75583708199888	3.02	0.05000000000000071	1
"2 Mb / 200 kb
(conventional)"	All SNPs	12000	0.4231940945210063	0.18283576845569346	2.314613262467616	2.8	0.40000000000000036	1
"2 Mb / 200 kb
(conventional)"	p95	600	0.8056659899758514	0.014814884624741967	54.38219806520321	4.8	0.8000000000000007	1
"2 Mb / 200 kb
(conventional)"	p99	120	0.9293316142584086	0.00814079552406546	114.15734635652738	4.8	2.3999999999999986	1
"500 kb / 50 kb
(medium)"	All SNPs	12000	0.41898712407227184	0.20628831610574955	2.031075399624119	2.9	0.15000000000000036	1
"500 kb / 50 kb
(medium)"	p95	600	0.8123090989155717	0.007920060167623946	102.56350099916831	3.4	0.8000000000000007	1
"500 kb / 50 kb
(medium)"	p99	120	0.9288369344150426	0.009518901376763275	97.57816555200787	3.35	1.6499999999999986	1
"100 kb / 10 kb
(fine-scale)"	All SNPs	12000	0.42450071347823803	0.21400175054678056	1.9836319674658112	2.97	1.2300000000000004	1
"100 kb / 10 kb
(fine-scale)"	p95	600	0.8126626919872773	0.016823916775836122	48.304012841676055	3.07	0.009999999999999787	1
"100 kb / 10 kb
(fine-scale)"	p99	120	0.9276342665956441	0.02054265042687388	45.1565035338436	2.99	0.6400000000000006	1
"2 Mb / 200 kb
(conventional)"	All SNPs	12000	0.432297531298299	0.18679553492382783	2.314281931174548	2.8	0.0	1
"2 Mb / 200 kb
(conventional)"	p95	600	0.817648269799188	0.2541123960213978	3.217663847183343	4.8	2.4000000000000004	1
"2 Mb / 200 kb
(conventional)"	p99	120	0.9253861120775198	0.006080140719371191	152.19814060047338	4.8	2.1999999999999993	1
"500 kb / 50 kb
(medium)"	All SNPs	12000	0.4289309171295395	0.20981779242080753	2.0443019258790116	3.0	0.75	1
"500 kb / 50 kb
(medium)"	p95	600	0.8171179587924045	0.005506494791443172	148.3916701532464	3.4	1.5999999999999996	1
"500 kb / 50 kb
(medium)"	p99	120	0.9253774533470639	0.009094326427083015	101.75327010379554	3.35	0.5999999999999996	1
"100 kb / 10 kb
(fine-scale)"	All SNPs	12000	0.4304608599670281	0.21689567690512723	1.9846447200296982	3.01	0.9199999999999999	1
"100 kb / 10 kb
(fine-scale)"	p95	600	0.8160310029983393	0.013870586636379807	58.831758482229674	3.08	0.3699999999999992	1
"100 kb / 10 kb
(fine-scale)"	p99	120	0.9265271438902131	0.023148573197959967	40.025237666564514	3.01	1.2699999999999996	1
"2 Mb / 200 kb
(conventional)"	All SNPs	12000	0.4379657743392279	0.18859117871667183	2.322302545217142	2.8	0.0	1
"2 Mb / 200 kb
(conventional)"	p95	600	0.8119365194506288	0.008976609421519649	90.45024477774106	4.8	1.1999999999999993	1
"2 Mb / 200 kb
(conventional)"	p99	120	0.9211826505890585	0.0058666537615710175	157.02011538897722	4.6	2.3999999999999986	1
"500 kb / 50 kb
(medium)"	All SNPs	12000	0.43352880386079756	0.20927227364599754	2.0716017287323485	2.95	0.75	1
"500 kb / 50 kb
(medium)"	p95	600	0.8121433133099697	0.01115284060343614	72.81941365321333	3.4	0.75	1
"500 kb / 50 kb
(medium)"	p99	120	0.9198444220762552	0.0098262860888594	93.6105883502754	3.2	1.6499999999999986	1
"100 kb / 10 kb
(fine-scale)"	All SNPs	12000	0.4350557519725295	0.2156293753794279	2.0176089236774555	2.97	0.5800000000000001	1
"100 kb / 10 kb
(fine-scale)"	p95	600	0.8142700643756999	0.016883004922606613	48.23016211322543	3.05	1.2400000000000002	1
"100 kb / 10 kb
(fine-scale)"	p99	120	0.9187312407394108	0.01963243037416431	46.796612708146085	2.85	1.1799999999999997	1
"2 Mb / 200 kb
(conventional)"	All SNPs	12000	0.4341368314138777	0.18880836883620408	2.2993516340925657	2.8	0.1999999999999993	1
"2 Mb / 200 kb
(conventional)"	p95	600	0.8148995971339776	0.29622427006391183	2.750954865913448	4.8	2.3999999999999986	1
"2 Mb / 200 kb
(conventional)"	p99	120	0.9233722400384873	0.014209538239599518	64.98256484262163	4.8	2.3999999999999986	1
"500 kb / 50 kb
(medium)"	All SNPs	12000	0.4269714150854553	0.21019153700070498	2.0313444640924017	2.9	0.3000000000000007	1
"500 kb / 50 kb
(medium)"	p95	600	0.8146421986386664	0.007566502794439314	107.66429627665687	3.4	1.6999999999999993	1
"500 kb / 50 kb
(medium)"	p99	120	0.9236258569980029	0.018589674742704367	49.6848852807651	3.4	1.6999999999999993	1
"100 kb / 10 kb
(fine-scale)"	All SNPs	12000	0.4330995377927153	0.21755745703915608	1.9907363493165204	2.99	1.4200000000000017	1
"100 kb / 10 kb
(fine-scale)"	p95	600	0.813785326602129	0.01491942212310177	54.54536508770232	3.05	0.27999999999999936	1
"100 kb / 10 kb
(fine-scale)"	p99	120	0.9217909452729282	0.023102161848424955	39.90063576391113	3.01	1.5	1
"2 Mb / 200 kb
(conventional)"	All SNPs	12000	0.43295827467817927	0.18619038139087257	2.325352531338677	2.8	0.40000000000000036	1
"2 Mb / 200 kb
(conventional)"	p95	600	0.8085143377301219	0.008075604480487062	100.11811991086495	4.8	2.4000000000000004	1
"2 Mb / 200 kb
(conventional)"	p99	120	0.9270436758513155	0.004525985094981337	204.82693963779795	4.8	2.1999999999999993	1
"500 kb / 50 kb
(medium)"	All SNPs	12000	0.4248427572472621	0.20818937171844695	2.040655359783759	2.95	0.15000000000000036	1
"500 kb / 50 kb
(medium)"	p95	600	0.8072383245801035	0.009837672839413855	82.0558213062308	3.4	1.6999999999999993	1
"500 kb / 50 kb
(medium)"	p99	120	0.9263204165277733	0.0070944855246935	130.56907555925878	3.35	1.3999999999999986	1
"100 kb / 10 kb
(fine-scale)"	All SNPs	12000	0.4274964944779779	0.2151630086192177	1.9868493995384446	3.0	1.0600000000000005	1
"100 kb / 10 kb
(fine-scale)"	p95	600	0.8064742582130401	0.01959407983659641	41.15907789182147	3.07	0.9299999999999997	1
"100 kb / 10 kb
(fine-scale)"	p99	120	0.9269546127992605	0.020546790164300516	45.11432712296924	2.99	0.0600000000000005	1
"2 Mb / 200 kb
(conventional)"	All SNPs	12000	0.42773183007408905	0.18508964996742808	2.3109440757457858	2.8	0.1999999999999993	1
"2 Mb / 200 kb
(conventional)"	p95	600	0.7985062529699509	0.4053447062576352	1.9699437062893923	4.8	0.40000000000000036	1
"2 Mb / 200 kb
(conventional)"	p99	120	0.9220589361562381	0.008250868260452992	111.75295824025372	4.8	0.1999999999999993	1
"500 kb / 50 kb
(medium)"	All SNPs	12000	0.42272055655336327	0.20666460396378877	2.0454424630326695	2.95	0.5999999999999996	1
"500 kb / 50 kb
(medium)"	p95	600	0.6824865458978917	0.42184453921195036	1.6178627016787934	3.4	0.15000000000000036	1
"500 kb / 50 kb
(medium)"	p99	120	0.9238370924650494	0.013296521550491018	69.47960705038182	3.4	0.6500000000000004	1
"100 kb / 10 kb
(fine-scale)"	All SNPs	12000	0.42408699702400465	0.21368911205134877	1.984598059081728	2.97	0.5399999999999991	1
"100 kb / 10 kb
(fine-scale)"	p95	600	0.8084714395955299	0.01492616471916589	54.16471376316884	3.08	1.5399999999999991	1
"100 kb / 10 kb
(fine-scale)"	p99	120	0.9244607795074876	0.023758975799810962	38.90995922117329	3.04	0.8000000000000007	1
"2 Mb / 200 kb
(conventional)"	All SNPs	12000	0.4242039107009116	0.1850857471714548	2.291931805575223	2.8	0.40000000000000036	1
"2 Mb / 200 kb
(conventional)"	p95	600	0.8147122569146267	0.30798697217643545	2.6452815557662785	4.8	2.3999999999999986	1
"2 Mb / 200 kb
(conventional)"	p99	120	0.9291867254445476	0.007415929247342007	125.29606128289097	4.8	2.4000000000000004	1
"500 kb / 50 kb
(medium)"	All SNPs	12000	0.4256606422144787	0.20806040335295478	2.045851278546191	2.9	0.5500000000000007	1
"500 kb / 50 kb
(medium)"	p95	600	0.8140566862635592	0.007436196044004462	109.47219269721968	3.4	1.6000000000000014	1
"500 kb / 50 kb
(medium)"	p99	120	0.9282417340640833	0.008744822694220746	106.14757628848633	3.35	1.6500000000000004	1
"100 kb / 10 kb
(fine-scale)"	All SNPs	12000	0.42978754265780544	0.21563386098405066	1.9931356823852198	2.98	0.6400000000000006	1
"100 kb / 10 kb
(fine-scale)"	p95	600	0.8135696566684089	0.01523321257443759	53.40762184554795	3.07	0.33999999999999986	1
"100 kb / 10 kb
(fine-scale)"	p99	120	0.9262312881057191	0.018620949542626934	49.7413564214541	3.01	1.0099999999999998	1
"2 Mb / 200 kb
(conventional)"	All SNPs	12000	0.4260799501561823	0.18577306679020092	2.293550714955721	2.8	0.1999999999999993	1
"2 Mb / 200 kb
(conventional)"	p95	600	0.8165097655743044	0.008162055672848377	100.0372698131034	4.8	2.4000000000000004	1
"2 Mb / 200 kb
(conventional)"	p99	120	0.9318275258851649	0.006108808566345551	152.53834127635932	4.6	2.4000000000000004	1
"500 kb / 50 kb
(medium)"	All SNPs	12000	0.42480737194397017	0.20922738135899233	2.0303622268974713	2.85	0.9499999999999993	1
"500 kb / 50 kb
(medium)"	p95	600	0.8166241772577155	0.01163349801083573	70.19592701155675	3.4	0.6500000000000004	1
"500 kb / 50 kb
(medium)"	p99	120	0.930791342013156	0.009308211026743327	99.9968027517757	3.3	0.5500000000000007	1
"100 kb / 10 kb
(fine-scale)"	All SNPs	12000	0.433472502818643	0.2179023036621464	1.9892974765917772	3.0	1.1400000000000006	1
"100 kb / 10 kb
(fine-scale)"	p95	600	0.8174516715121505	0.020106455727968747	40.656179416795375	3.04	0.5099999999999998	1
"100 kb / 10 kb
(fine-scale)"	p99	120	0.9305462816836579	0.019726182162359267	47.17315667191242	2.93	0.8000000000000007	1
"2 Mb / 200 kb
(conventional)"	All SNPs	12000	0.4315765927747324	0.18695796885850977	2.308415070027588	2.8	0.40000000000000036	1
"2 Mb / 200 kb
(conventional)"	p95	600	0.8062337779245589	0.007902136033830194	102.02732203963014	4.8	2.1999999999999993	1
"2 Mb / 200 kb
(conventional)"	p99	120	0.9136073747609258	0.006888386720956734	132.63009348494217	4.6	1.8000000000000007	1
"500 kb / 50 kb
(medium)"	All SNPs	12000	0.42888970247624025	0.20841881555555866	2.057826215608207	2.9	0.34999999999999964	1
"500 kb / 50 kb
(medium)"	p95	600	0.8072297807307878	0.00895838846771099	90.10881629439406	3.4	1.6000000000000014	1
"500 kb / 50 kb
(medium)"	p99	120	0.9143761971137787	0.008451629461468458	108.18933807764299	3.25	0.05000000000000071	1
"100 kb / 10 kb
(fine-scale)"	All SNPs	12000	0.4316202655607674	0.21529529384336926	2.0047826306634366	2.97	0.3800000000000008	1
"100 kb / 10 kb
(fine-scale)"	p95	600	0.8072168582623165	0.018831512686192417	42.86521596611734	3.06	0.9499999999999993	1
"100 kb / 10 kb
(fine-scale)"	p99	120	0.913276128311345	0.01900185715219295	48.06246678924993	2.93	0.9299999999999997	1
"2 Mb / 200 kb
(conventional)"	All SNPs	12000	0.43532964245666333	0.1890205623049415	2.3030808772770364	2.8	0.40000000000000036	1
"2 Mb / 200 kb
(conventional)"	p95	600	0.8220889460268878	0.016707740753466673	49.20407601227074	6.4	2.3999999999999986	1
"2 Mb / 200 kb
(conventional)"	p99	120	0.9280814527344197	0.006956987264408629	133.40278161531322	4.8	2.1999999999999993	1
"500 kb / 50 kb
(medium)"	All SNPs	12000	0.4299033953587881	0.21146182595897517	2.033007108536894	3.0	1.1999999999999993	1
"500 kb / 50 kb
(medium)"	p95	600	0.8220774466017221	0.008896101514516704	92.40873041525572	3.4	1.6999999999999993	1
"500 kb / 50 kb
(medium)"	p99	120	0.9275387520295372	0.011004807518563456	84.28486826915588	3.35	1.5	1
"100 kb / 10 kb
(fine-scale)"	All SNPs	12000	0.4314264278810058	0.21831317540844355	1.976181359983644	2.97	1.1999999999999993	1
"100 kb / 10 kb
(fine-scale)"	p95	600	0.8220467113061967	0.01662033736439578	49.460290322818096	3.06	1.4699999999999989	1
"100 kb / 10 kb
(fine-scale)"	p99	120	0.9269022725621959	0.022590317949939345	41.030952933740565	2.98	0.5099999999999998	1
"2 Mb / 200 kb
(conventional)"	All SNPs	12000	0.42528905598593936	0.18639195350463597	2.281692143836893	2.8	0.0	1
"2 Mb / 200 kb
(conventional)"	p95	600	0.8108818596187533	0.326162885446716	2.486125478403716	7.8	5.399999999999999	0
"2 Mb / 200 kb
(conventional)"	p99	120	0.9213144033313412	0.009646691740313029	95.50573690265396	4.8	2.3999999999999986	1
"500 kb / 50 kb
(medium)"	All SNPs	12000	0.4223592088334341	0.20917157069694697	2.019199872268296	2.95	0.75	1
"500 kb / 50 kb
(medium)"	p95	600	0.812624400320427	0.209279712987644	3.8829583083784374	3.4	1.6999999999999993	1
"500 kb / 50 kb
(medium)"	p99	120	0.9201006705701689	0.011354039165107315	81.03729934257915	3.3	1.6499999999999986	1
"100 kb / 10 kb
(fine-scale)"	All SNPs	12000	0.4256344896939867	0.21636288625704173	1.967225049809734	2.97	0.10999999999999943	1
"100 kb / 10 kb
(fine-scale)"	p95	600	0.8128822352869084	0.02009081021587253	40.46040087744692	3.07	1.5	1
"100 kb / 10 kb
(fine-scale)"	p99	120	0.9183342462702326	0.02247841098413345	40.854055338628946	2.96	1.1999999999999993	1
"2 Mb / 200 kb
(conventional)"	All SNPs	12000	0.43301733120363856	0.18772986721927704	2.3065979730218134	2.8	0.0	1
"2 Mb / 200 kb
(conventional)"	p95	600	0.8121468875674072	0.0030699450968654923	264.547691226346	4.8	1.3999999999999986	1
"2 Mb / 200 kb
(conventional)"	p99	120	0.9189267850661574	0.007530225024445815	122.03178285947513	4.6	1.5999999999999996	1
"500 kb / 50 kb
(medium)"	All SNPs	12000	0.42958642346526493	0.21099782819575452	2.0359755696950277	3.0	0.8000000000000007	1
"500 kb / 50 kb
(medium)"	p95	600	0.8123967698906731	0.004985464976301206	162.95305929386006	3.4	0.40000000000000036	1
"500 kb / 50 kb
(medium)"	p99	120	0.9175238867283264	0.012478153287617448	73.53042277809014	3.25	0.8499999999999996	1
"100 kb / 10 kb
(fine-scale)"	All SNPs	12000	0.42902325763240523	0.2173004609088907	1.974332018615852	2.99	0.3000000000000007	1
"100 kb / 10 kb
(fine-scale)"	p95	600	0.8123822360508252	0.015090549368081293	53.83384105081898	3.06	0.5700000000000003	1
"100 kb / 10 kb
(fine-scale)"	p99	120	0.9173260274942183	0.02515597871328031	36.46552725893129	2.89	0.6699999999999999	1
"2 Mb / 200 kb
(conventional)"	All SNPs	12000	0.42886896667164365	0.18483707239007796	2.320254054698311	2.8	0.40000000000000036	1
"2 Mb / 200 kb
(conventional)"	p95	600	0.8156350183541443	0.00630983836841797	129.26401133134632	9.2	2.3999999999999986	1
"2 Mb / 200 kb
(conventional)"	p99	120	0.926030956992423	0.0065896707919875595	140.52765095919395	4.8	2.3999999999999986	1
"500 kb / 50 kb
(medium)"	All SNPs	12000	0.4260394549360938	0.20788288722430115	2.0494205204895315	2.95	1.25	1
"500 kb / 50 kb
(medium)"	p95	600	0.8150510386797283	0.0063593420612835195	128.16593773778303	3.4	1.6999999999999993	1
"500 kb / 50 kb
(medium)"	p99	120	0.9260123018012643	0.010670551360944457	86.78204813207537	3.4	1.6999999999999993	1
"100 kb / 10 kb
(fine-scale)"	All SNPs	12000	0.43013011117344063	0.21518339567350636	1.9989001002013593	2.99	1.2699999999999996	1
"100 kb / 10 kb
(fine-scale)"	p95	600	0.8141402845314339	0.01648953635490688	49.37314591560155	3.08	1.5199999999999996	1
"100 kb / 10 kb
(fine-scale)"	p99	120	0.9249472776554327	0.02035116778709348	45.44934655995641	3.06	0.40000000000000036	1
"2 Mb / 200 kb
(conventional)"	All SNPs	12000	0.42355546756641366	0.18505294975926648	2.288833915468047	2.8	0.1999999999999993	1
"2 Mb / 200 kb
(conventional)"	p95	600	0.8101238313250266	0.006721165857965082	120.53323016347969	4.8	2.4000000000000004	1
"2 Mb / 200 kb
(conventional)"	p99	120	0.917104962809224	0.004328622142987631	211.86995134119857	4.8	2.3999999999999986	1
"500 kb / 50 kb
(medium)"	All SNPs	12000	0.42015149047453454	0.20757562587105763	2.0240887566227324	2.9	0.9499999999999993	1
"500 kb / 50 kb
(medium)"	p95	600	0.809449787726511	0.011771248387220556	68.76499085732397	3.4	1.6999999999999993	1
"500 kb / 50 kb
(medium)"	p99	120	0.9172569181295163	0.00718654636554402	127.63528842272767	3.35	1.6999999999999993	1
"100 kb / 10 kb
(fine-scale)"	All SNPs	12000	0.42519553174044483	0.21480056137543205	1.9794898533681247	2.97	0.8900000000000006	1
"100 kb / 10 kb
(fine-scale)"	p95	600	0.8087102267230366	0.018034545624993018	44.84228455427746	3.07	1.5	1
"100 kb / 10 kb
(fine-scale)"	p99	120	0.9182454705692377	0.02664732508018251	34.45919873031205	2.97	0.9199999999999999	1
"2 Mb / 200 kb
(conventional)"	All SNPs	12000	0.4320677298400437	0.18840907382933778	2.2932426823105856	2.8	0.1999999999999993	1
"2 Mb / 200 kb
(conventional)"	p95	600	0.8163017248269964	0.21822076106280022	3.740715231911773	10.8	2.0	1
"2 Mb / 200 kb
(conventional)"	p99	120	0.9283483202283886	0.006472890932118338	143.42097371391588	4.8	2.4000000000000004	1
"500 kb / 50 kb
(medium)"	All SNPs	12000	0.4291657981888679	0.21103541357208866	2.0336198125451914	2.9	1.1500000000000004	1
"500 kb / 50 kb
(medium)"	p95	600	0.8159718982475476	0.22232536815491172	3.6701700081251873	9.5	1.6999999999999993	1
"500 kb / 50 kb
(medium)"	p99	120	0.9297592406101013	0.009642865294736168	96.41939529297757	3.35	0.40000000000000036	1
"100 kb / 10 kb
(fine-scale)"	All SNPs	12000	0.43414615254165717	0.21815472475558495	1.9900836574961351	2.99	1.0299999999999994	1
"100 kb / 10 kb
(fine-scale)"	p95	600	0.8162281156318608	0.1210058098397518	6.745363026062907	3.07	0.5	1
"100 kb / 10 kb
(fine-scale)"	p99	120	0.9323323201473884	0.022140491965229166	42.10982852646555	2.97	1.25	1
"2 Mb / 200 kb
(conventional)"	All SNPs	12000	0.42965721206052726	0.18739010752520235	2.292848954167669	2.8	0.40000000000000036	1
"2 Mb / 200 kb
(conventional)"	p95	600	0.818058759093386	0.02590290982292437	31.581732117578337	7.2	2.1999999999999993	1
"2 Mb / 200 kb
(conventional)"	p99	120	0.9255004746681331	0.008043838549122686	115.05706747048949	4.8	0.40000000000000036	1
"500 kb / 50 kb
(medium)"	All SNPs	12000	0.4212372206157189	0.2098995533921278	2.0068514382628373	2.95	1.25	1
"500 kb / 50 kb
(medium)"	p95	600	0.8174108706089912	0.005604320050966523	145.85370984799846	3.4	1.5	1
"500 kb / 50 kb
(medium)"	p99	120	0.9267326154019669	0.010242159586841151	90.48214954516115	3.35	0.15000000000000036	1
"100 kb / 10 kb
(fine-scale)"	All SNPs	12000	0.42374110364306294	0.2173376553942657	1.949690231425231	2.98	0.5700000000000003	1
"100 kb / 10 kb
(fine-scale)"	p95	600	0.8175703249003472	0.01380161474069014	59.23729507460988	3.07	1.1899999999999995	1
"100 kb / 10 kb
(fine-scale)"	p99	120	0.9276750978697864	0.020301604949537082	45.69466799180029	3.02	0.009999999999999787	1
"2 Mb / 200 kb
(conventional)"	All SNPs	12000	0.4215295998300683	0.18386877514350472	2.2925567405399616	2.8	0.1999999999999993	1
"2 Mb / 200 kb
(conventional)"	p95	600	0.8116520120048663	0.007038800520081959	115.31112576485056	4.8	1.1999999999999993	1
"2 Mb / 200 kb
(conventional)"	p99	120	0.9232701566853703	0.006635963632780887	139.1312863929096	4.8	2.1999999999999993	1
"500 kb / 50 kb
(medium)"	All SNPs	12000	0.41978509055289753	0.20801542586515084	2.0180478866265887	2.9	0.5500000000000007	1
"500 kb / 50 kb
(medium)"	p95	600	0.8111333146130001	0.00948275132289013	85.5377608242272	3.4	0.5500000000000007	1
"500 kb / 50 kb
(medium)"	p99	120	0.9231450409533464	0.009416964739334415	98.02999867859691	3.3	1.4499999999999993	1
"100 kb / 10 kb
(fine-scale)"	All SNPs	12000	0.4245138931883445	0.21559897918737198	1.968997695575402	2.96	0.6199999999999992	1
"100 kb / 10 kb
(fine-scale)"	p95	600	0.8118409268978606	0.016467550095568332	49.299435689364586	3.07	0.6799999999999997	1
"100 kb / 10 kb
(fine-scale)"	p99	120	0.9211476719587519	0.021879864585944795	42.100245563241714	2.92	1.370000000000001	1
"2 Mb / 200 kb
(conventional)"	All SNPs	12000	0.43272608323924816	0.1878929716575328	2.303045608475264	2.8	0.40000000000000036	1
"2 Mb / 200 kb
(conventional)"	p95	600	0.8116802877395135	0.011989702162151719	67.69811933291979	4.8	1.1999999999999993	1
"2 Mb / 200 kb
(conventional)"	p99	120	0.9271907747255351	0.003776654346834037	245.5058603662783	4.6	2.3999999999999986	1
"500 kb / 50 kb
(medium)"	All SNPs	12000	0.4287655018907297	0.209783138430556	2.0438511173893175	2.95	0.25	1
"500 kb / 50 kb
(medium)"	p95	600	0.8150869211861292	0.013531080905728207	60.23812338902451	3.4	0.1999999999999993	1
"500 kb / 50 kb
(medium)"	p99	120	0.9276826285099948	0.00786973962751016	117.87971043757344	3.3	1.6999999999999993	1
"100 kb / 10 kb
(fine-scale)"	All SNPs	12000	0.4319101009828839	0.21676896705399576	1.992490469705001	2.96	0.22000000000000064	1
"100 kb / 10 kb
(fine-scale)"	p95	600	0.8179916307780104	0.015183132481531334	53.875024259520245	3.04	1.5399999999999991	1
"100 kb / 10 kb
(fine-scale)"	p99	120	0.9279745768307003	0.01891790698979913	49.052708491012275	2.97	0.4900000000000002	1
"2 Mb / 200 kb
(conventional)"	All SNPs	12000	0.4317510274399556	0.1882341612860576	2.293691137092952	2.8	0.0	1
"2 Mb / 200 kb
(conventional)"	p95	600	0.8215564394702889	0.009835786245289812	83.52727672012169	4.8	2.4000000000000004	1
"2 Mb / 200 kb
(conventional)"	p99	120	0.9265975920599376	0.004813276737168194	192.5086885000269	4.8	2.3999999999999986	1
"500 kb / 50 kb
(medium)"	All SNPs	12000	0.42621512259612765	0.2106420971261851	2.023409035568059	2.9	0.9499999999999993	1
"500 kb / 50 kb
(medium)"	p95	600	0.8209839434300344	0.011165227554112716	73.53042644685058	3.4	1.6999999999999993	1
"500 kb / 50 kb
(medium)"	p99	120	0.9254801430756516	0.006980628725520234	132.5783363455818	3.35	1.6499999999999986	1
"100 kb / 10 kb
(fine-scale)"	All SNPs	12000	0.42997727167242855	0.218232806941554	1.970268713024357	2.97	0.9199999999999999	1
"100 kb / 10 kb
(fine-scale)"	p95	600	0.8189152618343498	0.016504352500077656	49.618139326004865	3.05	1.5	1
"100 kb / 10 kb
(fine-scale)"	p99	120	0.9255301209230906	0.01880303789135334	49.22237173965914	3.01	0.2699999999999996	1
"2 Mb / 200 kb
(conventional)"	All SNPs	12000	0.42857149741032713	0.185171026207764	2.314463046337849	2.8	0.40000000000000036	1
"2 Mb / 200 kb
(conventional)"	p95	600	0.8065351966720514	0.2487720495997594	3.242065167568694	4.8	2.1999999999999993	1
"2 Mb / 200 kb
(conventional)"	p99	120	0.9176722780004185	0.006543159069896087	140.2491163973784	4.8	2.0	1
"500 kb / 50 kb
(medium)"	All SNPs	12000	0.4227818862644609	0.20834235965526116	2.0292651334276304	2.9	1.1500000000000004	1
"500 kb / 50 kb
(medium)"	p95	600	0.8085762775309985	0.02124441258630143	38.06065591346945	3.4	1.5500000000000007	1
"500 kb / 50 kb
(medium)"	p99	120	0.9169521452141476	0.011216062776101243	81.75347833893673	3.4	1.1499999999999986	1
"100 kb / 10 kb
(fine-scale)"	All SNPs	12000	0.42521907756268196	0.21551764267822812	1.973012846087696	2.99	1.3499999999999996	1
"100 kb / 10 kb
(fine-scale)"	p95	600	0.8133347597767245	0.015068535422802658	53.97570081999708	3.07	1.3399999999999999	1
"100 kb / 10 kb
(fine-scale)"	p99	120	0.9159940632160175	0.024301577023263687	37.692782749825014	3.03	0.7200000000000006	1
"2 Mb / 200 kb
(conventional)"	All SNPs	12000	0.4369041771354567	0.18836245724838674	2.3194865023412126	2.8	0.40000000000000036	1
"2 Mb / 200 kb
(conventional)"	p95	600	0.8067155723822533	0.01945741398205145	41.46057503460689	4.8	1.8000000000000007	1
"2 Mb / 200 kb
(conventional)"	p99	120	0.9222584391750407	0.007238540744662598	127.40944227675669	4.8	2.3999999999999986	1
"500 kb / 50 kb
(medium)"	All SNPs	12000	0.4308180636807448	0.20924397400116335	2.058926980990858	2.95	0.6500000000000004	1
"500 kb / 50 kb
(medium)"	p95	600	0.8121108458575074	0.006824185156208485	119.00480823247707	3.4	0.6500000000000004	1
"500 kb / 50 kb
(medium)"	p99	120	0.9209311497485491	0.012308100812899197	74.8231724575566	3.35	0.3000000000000007	1
"100 kb / 10 kb
(fine-scale)"	All SNPs	12000	0.43457599364995125	0.21625973314336572	2.0095095251128257	2.97	1.2800000000000011	1
"100 kb / 10 kb
(fine-scale)"	p95	600	0.8127260636905234	0.015609609539163637	52.065752295176836	3.07	0.8699999999999992	1
"100 kb / 10 kb
(fine-scale)"	p99	120	0.9194960759879044	0.02144296428916657	42.88101512403548	2.97	0.4900000000000002	1
"2 Mb / 200 kb
(conventional)"	All SNPs	12000	0.4380515717392675	0.1886658273134596	2.321838448313509	2.8	0.40000000000000036	1
"2 Mb / 200 kb
(conventional)"	p95	600	0.8075681244343804	0.016935273767748966	47.68556655826192	4.8	0.40000000000000036	1
"2 Mb / 200 kb
(conventional)"	p99	120	0.9247317831123912	0.007103002940860474	130.18884981629574	4.6	2.1999999999999993	1
"500 kb / 50 kb
(medium)"	All SNPs	12000	0.42966735515825133	0.20974187019275112	2.0485530846244027	3.0	1.0500000000000007	1
"500 kb / 50 kb
(medium)"	p95	600	0.8077030208401965	0.028659901336277202	28.182337802322444	3.4	1.1999999999999993	1
"500 kb / 50 kb
(medium)"	p99	120	0.9247133747036446	0.00898342375075597	102.93551772238601	3.2	0.25	1
"100 kb / 10 kb
(fine-scale)"	All SNPs	12000	0.43210510431430654	0.2161148970229751	1.9994230396267851	2.98	0.10999999999999943	1
"100 kb / 10 kb
(fine-scale)"	p95	600	0.8149604832321811	0.016577570489508024	49.160429373409755	3.07	0.2599999999999998	1
"100 kb / 10 kb
(fine-scale)"	p99	120	0.9252341730034146	0.022426390742397686	41.256490339046614	2.83	0.27999999999999936	1
"2 Mb / 200 kb
(conventional)"	All SNPs	12000	0.43474111428532686	0.18715323793078556	2.3229152703524485	2.8	0.1999999999999993	1
"2 Mb / 200 kb
(conventional)"	p95	600	0.814718462037824	0.01295191397595921	62.903325605008625	13.2	2.1999999999999993	1
"2 Mb / 200 kb
(conventional)"	p99	120	0.9238447781148668	0.0076430860075774425	120.87326731623281	4.8	2.1999999999999993	1
"500 kb / 50 kb
(medium)"	All SNPs	12000	0.4276649352314682	0.20885407781921436	2.047673378930423	2.9	0.5	1
"500 kb / 50 kb
(medium)"	p95	600	0.8143927568139676	0.010498036992157605	77.57571795778078	11.7	1.6999999999999993	1
"500 kb / 50 kb
(medium)"	p99	120	0.9233874386596709	0.009913742894992552	93.14216118375184	3.3	1.0500000000000007	1
"100 kb / 10 kb
(fine-scale)"	All SNPs	12000	0.43087273179608965	0.21568587463037722	1.9976863692834779	2.98	0.47000000000000064	1
"100 kb / 10 kb
(fine-scale)"	p95	600	0.8140309675684563	0.014812790357432526	54.95459990493991	3.07	1.25	1
"100 kb / 10 kb
(fine-scale)"	p99	120	0.9228306222991632	0.021776452999794187	42.377453403815814	2.97	0.4800000000000004	1
"2 Mb / 200 kb
(conventional)"	All SNPs	12000	0.4346315214180451	0.1887457415118391	2.302735510410352	2.8	0.1999999999999993	1
"2 Mb / 200 kb
(conventional)"	p95	600	0.8176521391523484	0.00626659397154779	130.47791876491974	4.8	2.4000000000000004	1
"2 Mb / 200 kb
(conventional)"	p99	120	0.9337828283115798	0.004626447653093056	201.8358140694168	4.8	2.1999999999999993	1
"500 kb / 50 kb
(medium)"	All SNPs	12000	0.43002913216133964	0.21032873925791837	2.044557171210021	3.0	0.6500000000000004	1
"500 kb / 50 kb
(medium)"	p95	600	0.8169480115454658	0.010103421856729604	80.85854704773313	3.4	1.5999999999999996	1
"500 kb / 50 kb
(medium)"	p99	120	0.9336267144878881	0.009796329884382827	95.30372348692165	3.4	1.6999999999999993	1
"100 kb / 10 kb
(fine-scale)"	All SNPs	12000	0.4318501589893859	0.2171350049364724	1.9888555468784646	3.01	0.6400000000000006	1
"100 kb / 10 kb
(fine-scale)"	p95	600	0.8158619115129454	0.017311606281866378	47.12803065348981	3.08	1.5399999999999991	1
"100 kb / 10 kb
(fine-scale)"	p99	120	0.9326982743105303	0.02327160159161271	40.07881755103108	3.05	0.8499999999999996	1
"2 Mb / 200 kb
(conventional)"	All SNPs	12000	0.4362760481483072	0.18857517780110358	2.3135391053877825	2.8	0.40000000000000036	1
"2 Mb / 200 kb
(conventional)"	p95	600	0.8200371134874613	0.004584861532222402	178.85755277978217	4.8	2.3999999999999986	1
"2 Mb / 200 kb
(conventional)"	p99	120	0.9295737813835422	0.009089605012111625	102.26778612986077	4.8	2.4000000000000004	1
"500 kb / 50 kb
(medium)"	All SNPs	12000	0.43558959461848756	0.2106006532279577	2.0683202447002764	3.0	0.6999999999999993	1
"500 kb / 50 kb
(medium)"	p95	600	0.8196270239502613	0.007230442946772851	113.35778872525144	3.4	1.5999999999999996	1
"500 kb / 50 kb
(medium)"	p99	120	0.9301080517119209	0.011714311017722294	79.39929632265894	3.4	1.6999999999999993	1
"100 kb / 10 kb
(fine-scale)"	All SNPs	12000	0.4354527780102056	0.217010799223335	2.00659496932253	2.99	0.7400000000000002	1
"100 kb / 10 kb
(fine-scale)"	p95	600	0.818167832401102	0.014446680304328666	56.63362206166866	3.08	1.5199999999999996	1
"100 kb / 10 kb
(fine-scale)"	p99	120	0.9276641208548481	0.021306748612170398	43.538511564592596	3.05	0.5500000000000007	1
"2 Mb / 200 kb
(conventional)"	All SNPs	12000	0.42663207485079724	0.18536088093914369	2.301629516914445	2.8	0.40000000000000036	1
"2 Mb / 200 kb
(conventional)"	p95	600	0.8129371998724889	0.3854288656988165	2.1091757058687395	4.8	2.3999999999999986	1
"2 Mb / 200 kb
(conventional)"	p99	120	0.927341101396248	0.006464358908673227	143.45445766509576	4.8	1.0	1
"500 kb / 50 kb
(medium)"	All SNPs	12000	0.42198844734913743	0.2077166873379367	2.031557756660155	2.9	1.25	1
"500 kb / 50 kb
(medium)"	p95	600	0.8137915803733081	0.008533946546649811	95.35934821302342	3.4	1.6999999999999993	1
"500 kb / 50 kb
(medium)"	p99	120	0.9281159119313145	0.008749810072631951	106.07269234726787	3.35	0.25	1
"100 kb / 10 kb
(fine-scale)"	All SNPs	12000	0.4264484910371208	0.2156973367006151	1.9770688760474837	2.97	1.2600000000000016	1
"100 kb / 10 kb
(fine-scale)"	p95	600	0.8150293205092846	0.01828254133153546	44.57965146800706	3.08	0.07000000000000028	1
"100 kb / 10 kb
(fine-scale)"	p99	120	0.9289500349861021	0.0166339709221526	55.846558788253965	2.98	0.1899999999999995	1
"2 Mb / 200 kb
(conventional)"	All SNPs	12000	0.43475133803413746	0.1891041044256231	2.299005298455224	2.8	0.40000000000000036	1
"2 Mb / 200 kb
(conventional)"	p95	600	0.8166111061889544	0.00613664842226137	133.07118967849087	4.8	1.5999999999999996	1
"2 Mb / 200 kb
(conventional)"	p99	120	0.9250389351190788	0.005184754328439743	178.41519125506036	4.6	1.5999999999999996	1
"500 kb / 50 kb
(medium)"	All SNPs	12000	0.4277268265082954	0.21036012853910113	2.0333074973796226	2.9	0.9499999999999993	1
"500 kb / 50 kb
(medium)"	p95	600	0.8170457794888855	0.009735994413712017	83.92011588853947	3.4	1.6999999999999993	1
"500 kb / 50 kb
(medium)"	p99	120	0.9241484934862895	0.008550509422451516	108.08110345562626	3.3	0.9499999999999993	1
"100 kb / 10 kb
(fine-scale)"	All SNPs	12000	0.43004546883874145	0.21752638193152068	1.9769807460601434	2.97	0.8300000000000001	1
"100 kb / 10 kb
(fine-scale)"	p95	600	0.8176219564257798	0.017535877432856756	46.625665556592665	3.05	0.8000000000000007	1
"100 kb / 10 kb
(fine-scale)"	p99	120	0.9246948290887431	0.019714122373537427	46.90519879951518	2.97	0.8900000000000006	1
"2 Mb / 200 kb
(conventional)"	All SNPs	12000	0.42946155756460513	0.18616365020717382	2.3069033997059853	2.8	0.40000000000000036	1
"2 Mb / 200 kb
(conventional)"	p95	600	0.8107578276883616	0.29734048401489577	2.7266984190681054	4.8	0.0	1
"2 Mb / 200 kb
(conventional)"	p99	120	0.9262629685635426	0.005454470499544519	169.81721115567333	4.8	2.3999999999999986	1
"500 kb / 50 kb
(medium)"	All SNPs	12000	0.4253541336913708	0.20933741470344575	2.0319068824554916	2.95	0.5999999999999996	1
"500 kb / 50 kb
(medium)"	p95	600	0.8146643357827922	0.0044965662852655365	181.17476405325218	3.4	1.6999999999999993	1
"500 kb / 50 kb
(medium)"	p99	120	0.9267798759468583	0.009196784938783044	100.77215919648259	3.4	0.05000000000000071	1
"100 kb / 10 kb
(fine-scale)"	All SNPs	12000	0.42894664072773514	0.2161693577700073	1.9843082532729341	2.99	0.8900000000000006	1
"100 kb / 10 kb
(fine-scale)"	p95	600	0.81477485052551	0.012271176448357684	66.39745210692945	3.07	0.9199999999999999	1
"100 kb / 10 kb
(fine-scale)"	p99	120	0.9289127545639584	0.021849815805916304	42.513527931546015	3.04	0.6999999999999993	1
"2 Mb / 200 kb
(conventional)"	All SNPs	12000	0.42618378084067854	0.18730094338915845	2.2753958048955956	2.8	0.40000000000000036	1
"2 Mb / 200 kb
(conventional)"	p95	600	0.8176569646124087	0.00550760441830676	148.45963916627593	4.8	2.0	1
"2 Mb / 200 kb
(conventional)"	p99	120	0.9317521509894435	0.004697958607983377	198.33128146469622	4.6	1.5999999999999996	1
"500 kb / 50 kb
(medium)"	All SNPs	12000	0.42463380235673076	0.2103433524257307	2.0187650213793327	2.9	0.25	1
"500 kb / 50 kb
(medium)"	p95	600	0.8176097203774892	0.007781451921589051	105.07161499116802	3.4	0.3000000000000007	1
"500 kb / 50 kb
(medium)"	p99	120	0.9310733718348683	0.008271252850206811	112.5673931986722	3.25	0.9499999999999993	1
"100 kb / 10 kb
(fine-scale)"	All SNPs	12000	0.4304686269465033	0.21765300378312613	1.9777748042265981	2.97	0.08999999999999986	1
"100 kb / 10 kb
(fine-scale)"	p95	600	0.8187527932276237	0.018757234283736077	43.64997423620942	3.06	1.0	1
"100 kb / 10 kb
(fine-scale)"	p99	120	0.9317439512488725	0.015377175924797929	60.59265731273192	2.9	0.8800000000000008	1
"2 Mb / 200 kb
(conventional)"	All SNPs	12000	0.42367890969308775	0.1861519093244705	2.2759847655099676	2.8	0.40000000000000036	1
"2 Mb / 200 kb
(conventional)"	p95	600	0.8177718517826759	0.350542741815971	2.3328734394734445	4.8	2.3999999999999986	1
"2 Mb / 200 kb
(conventional)"	p99	120	0.9294488720949643	0.00507245941345286	183.23436351800825	4.8	2.1999999999999993	1
"500 kb / 50 kb
(medium)"	All SNPs	12000	0.4244328161999148	0.2091022735305448	2.029785755236733	2.9	0.9000000000000004	1
"500 kb / 50 kb
(medium)"	p95	600	0.8167966743435608	0.011508600406997388	70.97272000572174	3.4	1.5500000000000007	1
"500 kb / 50 kb
(medium)"	p99	120	0.9296942602645785	0.009254240008791147	100.4614381495841	3.4	0.4499999999999993	1
"100 kb / 10 kb
(fine-scale)"	All SNPs	12000	0.4303840102916759	0.21615980765158116	1.991045490683419	2.98	0.6899999999999995	1
"100 kb / 10 kb
(fine-scale)"	p95	600	0.8157694092743779	0.02031822909402125	40.14963142208208	3.07	1.5300000000000011	1
"100 kb / 10 kb
(fine-scale)"	p99	120	0.93036796001679	0.023658546711067943	39.3248144689101	3.06	0.34999999999999964	1
"2 Mb / 200 kb
(conventional)"	All SNPs	12000	0.42969196482568733	0.18707508083518531	2.29689578594516	2.8	0.1999999999999993	1
"2 Mb / 200 kb
(conventional)"	p95	600	0.8134216788141897	0.007027276200285472	115.75205750147485	4.8	2.1999999999999993	1
"2 Mb / 200 kb
(conventional)"	p99	120	0.9261483497974958	0.006363964597081998	145.5300914499356	4.8	1.5999999999999996	1
"500 kb / 50 kb
(medium)"	All SNPs	12000	0.42641752899056257	0.2095900786289038	2.0345310798111265	2.95	0.4499999999999993	1
"500 kb / 50 kb
(medium)"	p95	600	0.8141595056698414	0.010075886377002385	80.80276763820127	3.4	1.6999999999999993	1
"500 kb / 50 kb
(medium)"	p99	120	0.9266505618352926	0.007724448677722612	119.9633268983665	3.35	0.8000000000000007	1
"100 kb / 10 kb
(fine-scale)"	All SNPs	12000	0.4275429850024888	0.21543514413786216	1.9845554294934056	2.98	1.0899999999999999	1
"100 kb / 10 kb
(fine-scale)"	p95	600	0.8159195960980197	0.018999629884530245	42.943973175096026	3.07	1.5100000000000016	1
"100 kb / 10 kb
(fine-scale)"	p99	120	0.9274091413889441	0.017289072835176368	53.64134619769988	2.97	0.9900000000000002	1
"2 Mb / 200 kb
(conventional)"	All SNPs	12000	0.42740895377727084	0.1873492229133628	2.281348954273061	2.8	0.40000000000000036	1
"2 Mb / 200 kb
(conventional)"	p95	600	0.8182617512422057	0.5389081464457479	1.518369608325415	4.8	2.4000000000000004	1
"2 Mb / 200 kb
(conventional)"	p99	120	0.9289755033020333	0.005335810901807854	174.1020288007737	4.8	2.4000000000000004	1
"500 kb / 50 kb
(medium)"	All SNPs	12000	0.42637517215826154	0.21058420113416287	2.024725358606644	2.95	1.1000000000000014	1
"500 kb / 50 kb
(medium)"	p95	600	0.8174656716354505	0.008413021495905238	97.16671614750123	3.4	1.6999999999999993	1
"500 kb / 50 kb
(medium)"	p99	120	0.9289094114975089	0.010476551800420883	88.6655675639566	3.4	0.40000000000000036	1
"100 kb / 10 kb
(fine-scale)"	All SNPs	12000	0.4304212061917136	0.21770358585067429	1.9770974580407008	3.0	1.42	1
"100 kb / 10 kb
(fine-scale)"	p95	600	0.8162941995744406	0.01824120483168199	44.75001553387916	3.08	1.5399999999999991	1
"100 kb / 10 kb
(fine-scale)"	p99	120	0.9271843265407873	0.020655986062789705	44.886955467647425	3.05	0.3800000000000008	1
"2 Mb / 200 kb
(conventional)"	All SNPs	12000	0.4367937888462631	0.18951070521761945	2.3048502106763986	2.8	0.40000000000000036	1
"2 Mb / 200 kb
(conventional)"	p95	600	0.8163371844808315	0.6341850263430915	1.2872224202266114	4.8	0.40000000000000036	1
"2 Mb / 200 kb
(conventional)"	p99	120	0.9314731709838372	0.007741538212646453	120.32145878479261	4.8	2.1999999999999993	1
"500 kb / 50 kb
(medium)"	All SNPs	12000	0.43243171304590394	0.21149929633526132	2.044601190353032	2.9	0.3000000000000007	1
"500 kb / 50 kb
(medium)"	p95	600	0.8181274242062235	0.447960299537808	1.8263391310576915	3.4	0.25	1
"500 kb / 50 kb
(medium)"	p99	120	0.9311884363012138	0.012543214624994274	74.2384200654335	3.4	1.6999999999999993	1
"100 kb / 10 kb
(fine-scale)"	All SNPs	12000	0.4380179964847113	0.21875619752742323	2.002311255340784	3.01	0.7100000000000009	1
"100 kb / 10 kb
(fine-scale)"	p95	600	0.8188834837581236	0.01867218987546374	43.85578173849766	3.05	0.39000000000000057	1
"100 kb / 10 kb
(fine-scale)"	p99	120	0.9299077832226512	0.02083560361772206	44.63071002328453	3.02	1.3000000000000007	1
"2 Mb / 200 kb
(conventional)"	All SNPs	12000	0.430301394053235	0.1868574440976906	2.302832494210238	2.8	0.40000000000000036	1
"2 Mb / 200 kb
(conventional)"	p95	600	0.8154895636190567	0.005339026049981331	152.74125954525138	4.8	2.0	1
"2 Mb / 200 kb
(conventional)"	p99	120	0.9281549279522033	0.0070287162254023886	132.05184249689455	4.8	0.0	1
"500 kb / 50 kb
(medium)"	All SNPs	12000	0.4251385959450068	0.20944075316859445	2.029875224917574	2.95	1.25	1
"500 kb / 50 kb
(medium)"	p95	600	0.8154052990644095	0.0074743024351312855	109.09450161285679	3.4	1.3500000000000014	1
"500 kb / 50 kb
(medium)"	p99	120	0.9299782208881118	0.008841425853351624	105.18419045900542	3.35	0.5999999999999996	1
"100 kb / 10 kb
(fine-scale)"	All SNPs	12000	0.42739473087012014	0.21700786671341513	1.9694895735487141	2.98	0.40000000000000036	1
"100 kb / 10 kb
(fine-scale)"	p95	600	0.8156980165984892	0.017152563865466406	47.55545718974118	3.06	0.40000000000000036	1
"100 kb / 10 kb
(fine-scale)"	p99	120	0.9299192202300469	0.019177764573750762	48.48944811340827	2.99	0.39000000000000057	1
"2 Mb / 200 kb
(conventional)"	All SNPs	12000	0.43362749559366626	0.18790025141666034	2.3077536742200353	2.8	0.40000000000000036	1
"2 Mb / 200 kb
(conventional)"	p95	600	0.8125557812322759	0.006513162459593277	124.7559517013824	4.8	2.4000000000000004	1
"2 Mb / 200 kb
(conventional)"	p99	120	0.9225299557801283	0.004661557762453394	197.9016463575038	4.6	2.4000000000000004	1
"500 kb / 50 kb
(medium)"	All SNPs	12000	0.42817385634113464	0.2088472869132177	2.0501767711210617	2.95	0.8499999999999996	1
"500 kb / 50 kb
(medium)"	p95	600	0.8144336939853826	0.011825952865111239	68.86833587745082	3.4	1.6999999999999993	1
"500 kb / 50 kb
(medium)"	p99	120	0.9216844339504179	0.010069030361180016	91.53656319320139	3.25	0.4499999999999993	1
"100 kb / 10 kb
(fine-scale)"	All SNPs	12000	0.4299774628323831	0.2154167216069674	1.9960263976948203	2.97	0.8599999999999994	1
"100 kb / 10 kb
(fine-scale)"	p95	600	0.81429073860842	0.017200584714973648	47.34087544707445	3.05	1.5	1
"100 kb / 10 kb
(fine-scale)"	p99	120	0.9213509457502828	0.020729453157946914	44.44646651940601	2.89	0.40000000000000036	1
"2 Mb / 200 kb
(conventional)"	All SNPs	12000	0.42400078280286563	0.18577231723038543	2.282367949779306	2.8	0.1999999999999993	1
"2 Mb / 200 kb
(conventional)"	p95	600	0.8143050091907854	0.0060791298700377736	133.95091511439048	4.8	2.1999999999999993	1
"2 Mb / 200 kb
(conventional)"	p99	120	0.9264281568743108	0.01170284927887155	79.1626154279278	4.8	2.3999999999999986	1
"500 kb / 50 kb
(medium)"	All SNPs	12000	0.4199466366216606	0.20849383988250483	2.0141920589036033	2.9	0.9000000000000004	1
"500 kb / 50 kb
(medium)"	p95	600	0.8132443100837863	0.010598915422055483	76.72901213943936	3.4	0.9499999999999993	1
"500 kb / 50 kb
(medium)"	p99	120	0.9265483120266735	0.011610683008151237	79.80136150269487	3.3	1.6499999999999986	1
"100 kb / 10 kb
(fine-scale)"	All SNPs	12000	0.4242259518824056	0.2161115551790998	1.962995229620339	2.97	0.9299999999999997	1
"100 kb / 10 kb
(fine-scale)"	p95	600	0.8130893530869149	0.018020726015752244	45.119677885129526	3.06	0.05000000000000071	1
"100 kb / 10 kb
(fine-scale)"	p99	120	0.9254575238823474	0.01971385283125007	46.94452838845016	2.96	0.6999999999999993	1
"2 Mb / 200 kb
(conventional)"	All SNPs	12000	0.4315732128042484	0.1877465408887927	2.2987012743946145	2.8	0.40000000000000036	1
"2 Mb / 200 kb
(conventional)"	p95	600	0.8137701337033721	0.005765086010156157	141.15489903702752	4.8	2.3999999999999986	1
"2 Mb / 200 kb
(conventional)"	p99	120	0.9252021236228266	0.007803272439724517	118.56591331001759	4.8	0.1999999999999993	1
"500 kb / 50 kb
(medium)"	All SNPs	12000	0.4252407649643191	0.2100994019202432	2.0239979794218868	3.0	1.25	1
"500 kb / 50 kb
(medium)"	p95	600	0.8145285173567681	0.008029681806124202	101.43970047923081	3.4	1.6000000000000014	1
"500 kb / 50 kb
(medium)"	p99	120	0.9271715939404123	0.00923628213006223	100.38363714796631	3.4	0.34999999999999964	1
"100 kb / 10 kb
(fine-scale)"	All SNPs	12000	0.4272731479187782	0.21722280374644654	1.9669810929128466	2.99	0.7799999999999994	1
"100 kb / 10 kb
(fine-scale)"	p95	600	0.8142931918596253	0.015278217738873147	53.29765590313442	3.07	1.5199999999999996	1
"100 kb / 10 kb
(fine-scale)"	p99	120	0.9281798697600337	0.02134253972036395	43.48966345717574	3.05	0.5500000000000007	1
"2 Mb / 200 kb
(conventional)"	All SNPs	12000	0.43186280118748516	0.1871718084838786	2.3073068785606257	2.8	0.1999999999999993	1
"2 Mb / 200 kb
(conventional)"	p95	600	0.8123306001563555	0.34200354350913736	2.3752110630826033	4.8	2.0	1
"2 Mb / 200 kb
(conventional)"	p99	120	0.9190270643944379	0.009166434404725862	100.26003828932905	4.8	0.1999999999999993	1
"500 kb / 50 kb
(medium)"	All SNPs	12000	0.4306202984981838	0.21005101616706193	2.0500748168516085	3.0	0.09999999999999964	1
"500 kb / 50 kb
(medium)"	p95	600	0.81232053635488	0.003664731144686368	221.6589714999132	3.4	1.6999999999999993	1
"500 kb / 50 kb
(medium)"	p99	120	0.9211006784441771	0.012413867266241675	74.19933359115433	3.35	0.05000000000000071	1
"100 kb / 10 kb
(fine-scale)"	All SNPs	12000	0.43243951085865423	0.21664618667954894	1.9960633394313783	3.0	1.3999999999999986	1
"100 kb / 10 kb
(fine-scale)"	p95	600	0.812232303606464	0.01418906627977808	57.243534394087526	3.07	0.6899999999999995	1
"100 kb / 10 kb
(fine-scale)"	p99	120	0.9238935448658842	0.02145132387154897	43.069301941371094	3.03	0.019999999999999574	1
"2 Mb / 200 kb
(conventional)"	All SNPs	12000	0.4286800766790815	0.1857586645852749	2.307725874516558	2.8	0.40000000000000036	1
"2 Mb / 200 kb
(conventional)"	p95	600	0.8125341338069996	0.6505700939547671	1.2489570937201635	4.8	2.0	1
"2 Mb / 200 kb
(conventional)"	p99	120	0.9202109353831794	0.00675624070595352	136.20162090617944	4.6	0.5999999999999996	1
"500 kb / 50 kb
(medium)"	All SNPs	12000	0.42101944961402227	0.20817564062012875	2.0224241816182666	2.9	0.40000000000000036	1
"500 kb / 50 kb
(medium)"	p95	600	0.812256563741544	0.3505900626979677	2.3168271156655704	3.4	0.8499999999999996	1
"500 kb / 50 kb
(medium)"	p99	120	0.9221161653312756	0.009440549116276734	97.67611544347854	3.3	1.6000000000000014	1
"100 kb / 10 kb
(fine-scale)"	All SNPs	12000	0.42566036938239044	0.2162281570634745	1.9685704912956197	2.97	0.25	1
"100 kb / 10 kb
(fine-scale)"	p95	600	0.8133452327353717	0.013857405435460195	58.69390460742921	3.07	0.5700000000000003	1
"100 kb / 10 kb
(fine-scale)"	p99	120	0.9234240744360656	0.01952771757847912	47.28786509355	2.97	0.33999999999999986	1
"2 Mb / 200 kb
(conventional)"	All SNPs	12000	0.4375434182731924	0.18740232456702915	2.3347811681849975	2.8	0.1999999999999993	1
"2 Mb / 200 kb
(conventional)"	p95	600	0.8155426854005232	0.005536417297791989	147.30513282042062	4.8	2.3999999999999986	1
"2 Mb / 200 kb
(conventional)"	p99	120	0.9244586732640857	0.003985672575303081	231.94546360692647	4.8	2.3999999999999986	1
"500 kb / 50 kb
(medium)"	All SNPs	12000	0.43329821003930136	0.20895204031471737	2.0736730274884154	3.0	0.9499999999999993	1
"500 kb / 50 kb
(medium)"	p95	600	0.8139004659450221	0.00900919153355511	90.34112138848596	3.4	1.6499999999999986	1
"500 kb / 50 kb
(medium)"	p99	120	0.926318028905555	0.00898978018011036	103.04123241578343	3.35	0.05000000000000071	1
"100 kb / 10 kb
(fine-scale)"	All SNPs	12000	0.4345686682913423	0.2157016180485515	2.014675050761681	2.98	1.4499999999999993	1
"100 kb / 10 kb
(fine-scale)"	p95	600	0.8125408659014512	0.01904736593016672	42.65896234053918	3.06	0.4399999999999995	1
"100 kb / 10 kb
(fine-scale)"	p99	120	0.9255793703446258	0.018907637872109185	48.952670693463816	2.99	0.28999999999999915	1
"2 Mb / 200 kb
(conventional)"	All SNPs	12000	0.43151870936576436	0.18603070452621373	2.3196101442757193	2.8	0.1999999999999993	1
"2 Mb / 200 kb
(conventional)"	p95	600	0.8159485395533795	0.6781240698545915	1.2032437363981807	4.8	2.1999999999999993	1
"2 Mb / 200 kb
(conventional)"	p99	120	0.9311075243043538	0.007802374084158112	119.33643712301213	4.8	2.4000000000000004	1
"500 kb / 50 kb
(medium)"	All SNPs	12000	0.4287420710022666	0.20839063022713827	2.0573961052613217	2.95	1.1999999999999993	1
"500 kb / 50 kb
(medium)"	p95	600	0.8149852769742257	0.3969863653435004	2.052930146024142	3.4	1.6999999999999993	1
"500 kb / 50 kb
(medium)"	p99	120	0.929840331665821	0.01007047750755853	92.33329114413067	3.4	1.6500000000000004	1
"100 kb / 10 kb
(fine-scale)"	All SNPs	12000	0.43282869294693377	0.21543026515522756	2.00913596163037	2.99	1.4499999999999993	1
"100 kb / 10 kb
(fine-scale)"	p95	600	0.8137303957768369	0.014670523063583966	55.46703360541563	3.07	1.2800000000000011	1
"100 kb / 10 kb
(fine-scale)"	p99	120	0.927710572236454	0.0199542094903287	46.49197316917475	3.04	1.3500000000000014	1
"2 Mb / 200 kb
(conventional)"	All SNPs	12000	0.43546313507062073	0.18826709371512348	2.313007156362344	2.8	0.40000000000000036	1
"2 Mb / 200 kb
(conventional)"	p95	600	0.8086145675958106	0.016733096457497623	48.324263811525064	4.8	1.6000000000000014	1
"2 Mb / 200 kb
(conventional)"	p99	120	0.9283281649291808	0.004534314525101648	204.73395918832296	4.8	2.1999999999999993	1
"500 kb / 50 kb
(medium)"	All SNPs	12000	0.42802038355287025	0.21066791561642456	2.031730281758671	2.95	0.9499999999999993	1
"500 kb / 50 kb
(medium)"	p95	600	0.8093428828154574	0.0276980175013521	29.220245917454154	3.4	0.6999999999999993	1
"500 kb / 50 kb
(medium)"	p99	120	0.9282607924179103	0.008336580787023231	111.34790343096613	3.35	1.5500000000000007	1
"100 kb / 10 kb
(fine-scale)"	All SNPs	12000	0.42901091987474294	0.2173807177360346	1.9735463400010065	3.0	1.1700000000000017	1
"100 kb / 10 kb
(fine-scale)"	p95	600	0.8151379093716785	0.015056770493825398	54.13763261557031	3.08	0.9900000000000002	1
"100 kb / 10 kb
(fine-scale)"	p99	120	0.9290879535542984	0.021939093715640106	42.34851109150252	3.01	0.11999999999999922	1
"2 Mb / 200 kb
(conventional)"	All SNPs	12000	0.43726336404154525	0.188139817768844	2.324140467589823	2.8	0.1999999999999993	1
"2 Mb / 200 kb
(conventional)"	p95	600	0.8144523791230859	0.5628849681335577	1.4469250827992228	14.8	0.1999999999999993	1
"2 Mb / 200 kb
(conventional)"	p99	120	0.9244109656179398	0.004940766379205508	187.09869981073425	4.8	1.6000000000000014	1
"500 kb / 50 kb
(medium)"	All SNPs	12000	0.43024532794250303	0.21034502823102522	2.045426657149024	2.9	0.9499999999999993	1
"500 kb / 50 kb
(medium)"	p95	600	0.815475250591402	0.007417212744997916	109.9436241924366	3.4	0.9000000000000004	1
"500 kb / 50 kb
(medium)"	p99	120	0.9249362170711548	0.007963501015202143	116.14693277560617	3.4	1.6999999999999993	1
"100 kb / 10 kb
(fine-scale)"	All SNPs	12000	0.4327489147344257	0.21733552809132242	1.991155880195476	2.98	1.0799999999999983	1
"100 kb / 10 kb
(fine-scale)"	p95	600	0.8165733176831675	0.01516698723354611	53.83886101499995	3.07	1.5399999999999991	1
"100 kb / 10 kb
(fine-scale)"	p99	120	0.9249791637288726	0.01744798454624115	53.01352493048502	3.03	0.10999999999999943	1
"2 Mb / 200 kb
(conventional)"	All SNPs	12000	0.43467326711317583	0.18765636999402702	2.3163256708366	2.8	0.40000000000000036	1
"2 Mb / 200 kb
(conventional)"	p95	600	0.8107936142173776	0.25973190188157164	3.1216558626174087	4.8	2.4000000000000004	1
"2 Mb / 200 kb
(conventional)"	p99	120	0.9274095821687758	0.00900808541623013	102.9530182404615	4.8	2.4000000000000004	1
"500 kb / 50 kb
(medium)"	All SNPs	12000	0.42817613159218465	0.20949449993658292	2.0438538086765994	2.95	0.15000000000000036	1
"500 kb / 50 kb
(medium)"	p95	600	0.8103952117544146	0.005486104954722559	147.7177739840374	3.4	1.6500000000000004	1
"500 kb / 50 kb
(medium)"	p99	120	0.9263100470078726	0.009038472425803593	102.48524345368196	3.35	1.6500000000000004	1
"100 kb / 10 kb
(fine-scale)"	All SNPs	12000	0.43166625051674135	0.21617730560140086	1.9968157587858477	2.98	0.33000000000000007	1
"100 kb / 10 kb
(fine-scale)"	p95	600	0.8106672227226172	0.013873087991154585	58.43451892177825	3.07	1.5300000000000011	1
"100 kb / 10 kb
(fine-scale)"	p99	120	0.9271918460446033	0.024110744986435593	38.45554530008218	2.99	0.34999999999999964	1
"2 Mb / 200 kb
(conventional)"	All SNPs	12000	0.4242748031058091	0.185939440419569	2.2817902546573263	2.8	0.1999999999999993	1
"2 Mb / 200 kb
(conventional)"	p95	600	0.8046270824888688	0.019994530666394787	40.24235906878384	4.8	2.0	1
"2 Mb / 200 kb
(conventional)"	p99	120	0.9146553592361494	0.0060591121852085475	150.95534317205716	4.8	2.3999999999999986	1
"500 kb / 50 kb
(medium)"	All SNPs	12000	0.41983483938874067	0.2075192395756656	2.0231128460532966	2.9	0.9499999999999993	1
"500 kb / 50 kb
(medium)"	p95	600	0.8104829330700728	0.007146444782900252	113.41064790836506	3.4	1.5999999999999996	1
"500 kb / 50 kb
(medium)"	p99	120	0.9150424830546933	0.007263384044207242	125.98018740100436	3.35	1.6499999999999986	1
"100 kb / 10 kb
(fine-scale)"	All SNPs	12000	0.4250706120510787	0.21512779812486202	1.9758981208200908	2.96	1.1099999999999994	1
"100 kb / 10 kb
(fine-scale)"	p95	600	0.8101117108507748	0.015911490258627255	50.91362893626698	3.08	1.5399999999999991	1
"100 kb / 10 kb
(fine-scale)"	p99	120	0.9160547819878906	0.021074645928262598	43.4671493464759	3.03	1.4600000000000009	1
"2 Mb / 200 kb
(conventional)"	All SNPs	12000	0.43396143325967784	0.18894398415613203	2.2967729573283373	2.8	0.1999999999999993	1
"2 Mb / 200 kb
(conventional)"	p95	600	0.8195619779641118	0.008013065267772719	102.27821071921883	4.8	2.1999999999999993	1
"2 Mb / 200 kb
(conventional)"	p99	120	0.9314363694937825	0.009491083589235172	98.13804301020188	4.8	2.4000000000000004	1
"500 kb / 50 kb
(medium)"	All SNPs	12000	0.42928966417746167	0.21146111567649328	2.0301116013887697	2.9	0.5	1
"500 kb / 50 kb
(medium)"	p95	600	0.8194506792608249	0.008802266616703401	93.09541677660783	3.4	1.6999999999999993	1
"500 kb / 50 kb
(medium)"	p99	120	0.9321720013121677	0.013448129781444985	69.31610688337713	3.4	1.6999999999999993	1
"100 kb / 10 kb
(fine-scale)"	All SNPs	12000	0.43245564472973896	0.21869567403599655	1.9774311798163793	2.98	1.0	1
"100 kb / 10 kb
(fine-scale)"	p95	600	0.8189514174061967	0.015271879819666608	53.62479452932696	3.07	1.5199999999999996	1
"100 kb / 10 kb
(fine-scale)"	p99	120	0.9302037747779057	0.020605743524737916	45.14293666041041	3.05	1.4800000000000004	1
"2 Mb / 200 kb
(conventional)"	All SNPs	12000	0.4346462968523148	0.1896779204851435	2.29149653128108	2.8	0.40000000000000036	1
"2 Mb / 200 kb
(conventional)"	p95	600	0.8146829087282101	0.6807610590661067	1.1967237224846885	4.8	2.1999999999999993	1
"2 Mb / 200 kb
(conventional)"	p99	120	0.9265777977468806	0.007789150380300031	118.95749247444748	4.8	2.4000000000000004	1
"500 kb / 50 kb
(medium)"	All SNPs	12000	0.42801763476409055	0.21137794157148249	2.024892623998546	2.95	1.1500000000000004	1
"500 kb / 50 kb
(medium)"	p95	600	0.814907094485482	0.006138857859626524	132.74571803411317	3.4	1.5500000000000007	1
"500 kb / 50 kb
(medium)"	p99	120	0.9277774713991727	0.011436152198143186	81.12671599017456	3.3	1.5999999999999996	1
"100 kb / 10 kb
(fine-scale)"	All SNPs	12000	0.42998044372808625	0.2185421262722172	1.967494556141091	2.97	1.3000000000000007	1
"100 kb / 10 kb
(fine-scale)"	p95	600	0.8137440838587717	0.01518480312344538	53.58937335198956	3.06	0.7400000000000002	1
"100 kb / 10 kb
(fine-scale)"	p99	120	0.9265454584615906	0.02367052146128823	39.14343247473032	2.97	0.22000000000000064	1
"2 Mb / 200 kb
(conventional)"	All SNPs	12000	0.4259839562533896	0.1856053780564279	2.2951056737368978	2.8	0.40000000000000036	1
"2 Mb / 200 kb
(conventional)"	p95	600	0.8104729260063439	0.6931152126403739	1.1693192000777244	16.4	2.0	1
"2 Mb / 200 kb
(conventional)"	p99	120	0.9132553574291014	0.004357197450918508	209.59696403856677	4.8	2.4000000000000004	1
"500 kb / 50 kb
(medium)"	All SNPs	12000	0.4215459935757759	0.2086014966696652	2.020819602475446	2.9	0.09999999999999964	1
"500 kb / 50 kb
(medium)"	p95	600	0.8111555913108949	0.524049255787915	1.5478613553058325	3.4	0.05000000000000071	1
"500 kb / 50 kb
(medium)"	p99	120	0.9142494108064774	0.007734473615575429	118.20447728535682	3.4	0.6500000000000004	1
"100 kb / 10 kb
(fine-scale)"	All SNPs	12000	0.4258933588711469	0.21632855511338153	1.9687338948292277	2.98	0.03999999999999915	1
"100 kb / 10 kb
(fine-scale)"	p95	600	0.8113692062833071	0.2580698692523034	3.1439904574449473	3.07	0.21000000000000085	1
"100 kb / 10 kb
(fine-scale)"	p99	120	0.9150781636142994	0.024717592277747603	37.02133093432862	3.06	0.4299999999999997	1
"2 Mb / 200 kb
(conventional)"	All SNPs	12000	0.43280838357901524	0.18778931543146055	2.3047551059260445	2.8	0.40000000000000036	1
"2 Mb / 200 kb
(conventional)"	p95	600	0.8186582342818843	0.009656610811255836	84.77697302739473	4.8	2.4000000000000004	1
"2 Mb / 200 kb
(conventional)"	p99	120	0.9342489416500761	0.01082588379211105	86.29770645892896	4.8	2.3999999999999986	1
"500 kb / 50 kb
(medium)"	All SNPs	12000	0.42700783324010966	0.20925232199568783	2.0406360568314708	2.9	0.6999999999999993	1
"500 kb / 50 kb
(medium)"	p95	600	0.8186898913172641	0.012391462569552909	66.06886690913056	3.4	1.5999999999999996	1
"500 kb / 50 kb
(medium)"	p99	120	0.9339461970655714	0.015533124396589774	60.12610040454031	3.4	1.6999999999999993	1
"100 kb / 10 kb
(fine-scale)"	All SNPs	12000	0.4296422533880051	0.21713809843878412	1.9786590030819968	2.98	0.5299999999999994	1
"100 kb / 10 kb
(fine-scale)"	p95	600	0.8171417866869621	0.018532165871439712	44.09316171437228	3.06	1.3800000000000008	1
"100 kb / 10 kb
(fine-scale)"	p99	120	0.931654297123562	0.023010171257993393	40.48880326346632	3.0	1.1899999999999995	1
"2 Mb / 200 kb
(conventional)"	All SNPs	12000	0.41978049658330924	0.1856908084464637	2.2606423015511594	2.6	0.40000000000000036	1
"2 Mb / 200 kb
(conventional)"	p95	600	0.818956126850718	0.2957763816662124	2.768835436545846	13.0	2.4000000000000004	1
"2 Mb / 200 kb
(conventional)"	p99	120	0.9320102419277889	0.00483714038031914	192.67793957765966	4.8	1.8000000000000007	1
"500 kb / 50 kb
(medium)"	All SNPs	12000	0.421502393010989	0.21027245060876423	2.0045535769935077	2.9	1.25	1
"500 kb / 50 kb
(medium)"	p95	600	0.8195861446370017	0.0981895124135946	8.346982528895092	3.4	1.5999999999999996	1
"500 kb / 50 kb
(medium)"	p99	120	0.9310659898493101	0.007311661059606759	127.33987287690074	3.4	1.0	1
"100 kb / 10 kb
(fine-scale)"	All SNPs	12000	0.42491410533565577	0.21781672362287538	1.9507873328925178	2.97	0.5399999999999991	1
"100 kb / 10 kb
(fine-scale)"	p95	600	0.8201336519772225	0.018657506134561377	43.957303085539266	3.07	1.5300000000000011	1
"100 kb / 10 kb
(fine-scale)"	p99	120	0.9303754393503518	0.0192884359597858	48.23488235594006	3.03	0.8100000000000005	1
"2 Mb / 200 kb
(conventional)"	All SNPs	12000	0.43136301580910846	0.18735921714521322	2.3023314378751887	2.8	0.40000000000000036	1
"2 Mb / 200 kb
(conventional)"	p95	600	0.8060121714212856	0.2294475815790787	3.512837947012725	4.8	2.3999999999999986	1
"2 Mb / 200 kb
(conventional)"	p99	120	0.925383221574573	0.009330051075793929	99.18308207073011	4.8	2.4000000000000004	1
"500 kb / 50 kb
(medium)"	All SNPs	12000	0.4253512980426041	0.2092184909260276	2.0330483035220515	2.95	0.9000000000000004	1
"500 kb / 50 kb
(medium)"	p95	600	0.8063499322243549	0.009101059055674592	88.59957146653043	3.4	0.6500000000000004	1
"500 kb / 50 kb
(medium)"	p99	120	0.9233796787050605	0.010967317963671489	84.19375473235064	3.35	1.6999999999999993	1
"100 kb / 10 kb
(fine-scale)"	All SNPs	12000	0.42842941116102734	0.21610788630278122	1.9824792999954193	2.99	0.9900000000000002	1
"100 kb / 10 kb
(fine-scale)"	p95	600	0.8081678516583982	0.017123782507620342	47.19563865628119	3.07	0.25	1
"100 kb / 10 kb
(fine-scale)"	p99	120	0.9216798449942171	0.021255703232520955	43.36153148694976	3.01	1.5199999999999996	1
"2 Mb / 200 kb
(conventional)"	All SNPs	12000	0.43667297006506883	0.18712826250413406	2.3335490012120528	2.8	0.1999999999999993	1
"2 Mb / 200 kb
(conventional)"	p95	600	0.8140028668344121	0.004753311287734855	171.24964420798906	4.8	1.8000000000000007	1
"2 Mb / 200 kb
(conventional)"	p99	120	0.9208768711749697	0.011897229865483425	77.40262914870993	4.8	2.1999999999999993	1
"500 kb / 50 kb
(medium)"	All SNPs	12000	0.43180422027600346	0.20914417929785217	2.0646246131528745	2.95	1.1500000000000004	1
"500 kb / 50 kb
(medium)"	p95	600	0.8127407038316025	0.008563265800329876	94.91013391179494	3.4	1.0500000000000007	1
"500 kb / 50 kb
(medium)"	p99	120	0.9184416034636174	0.013992974595802118	65.63590873231122	3.35	1.5	1
"100 kb / 10 kb
(fine-scale)"	All SNPs	12000	0.43632366269656847	0.21687711441628646	2.0118474181607913	2.99	0.9900000000000002	1
"100 kb / 10 kb
(fine-scale)"	p95	600	0.8116280830626649	0.016962174264090774	47.84929516853839	3.08	0.9399999999999995	1
"100 kb / 10 kb
(fine-scale)"	p99	120	0.9188718789768953	0.024756146807543202	37.116918320136755	2.96	0.7100000000000009	1
"2 Mb / 200 kb
(conventional)"	All SNPs	12000	0.42991456624796426	0.1863718840851702	2.3067565601874658	2.8	0.40000000000000036	1
"2 Mb / 200 kb
(conventional)"	p95	600	0.8170066131490507	0.005636836704568107	144.9406211265525	4.8	2.1999999999999993	1
"2 Mb / 200 kb
(conventional)"	p99	120	0.9166223450039414	0.003573361984831297	256.5153905187739	4.6	0.40000000000000036	1
"500 kb / 50 kb
(medium)"	All SNPs	12000	0.4299604943902346	0.20989444159472215	2.0484606029750436	3.0	1.1999999999999993	1
"500 kb / 50 kb
(medium)"	p95	600	0.817949961315174	0.007503401659694067	109.01055260162147	3.4	1.5500000000000007	1
"500 kb / 50 kb
(medium)"	p99	120	0.9176806927597789	0.00614722878432994	149.28364063804858	3.3	0.34999999999999964	1
"100 kb / 10 kb
(fine-scale)"	All SNPs	12000	0.4345414902784707	0.21729048690359345	1.9998182914987268	2.99	1.3599999999999994	1
"100 kb / 10 kb
(fine-scale)"	p95	600	0.817791105659227	0.013432539039803043	60.88134962689958	3.07	0.34999999999999964	1
"100 kb / 10 kb
(fine-scale)"	p99	120	0.9184361161458278	0.015110059761974066	60.783089584937414	2.97	1.4200000000000017	1
"2 Mb / 200 kb
(conventional)"	All SNPs	12000	0.43778994748298977	0.18821532526838416	2.3260058491981277	2.8	0.40000000000000036	1
"2 Mb / 200 kb
(conventional)"	p95	600	0.8126256717289868	0.005475789611214888	148.40337730738588	4.8	2.0	1
"2 Mb / 200 kb
(conventional)"	p99	120	0.9221671667876877	0.0034469855083164103	267.52858825858425	4.6	1.0	1
"500 kb / 50 kb
(medium)"	All SNPs	12000	0.42869699101345404	0.20909066399407625	2.050292360378173	3.0	1.0500000000000007	1
"500 kb / 50 kb
(medium)"	p95	600	0.8113023058518073	0.007521704539709507	107.86149622983467	3.4	1.1500000000000004	1
"500 kb / 50 kb
(medium)"	p99	120	0.9226561413036414	0.006590819146559783	139.99111806690087	3.3	0.1999999999999993	1
"100 kb / 10 kb
(fine-scale)"	All SNPs	12000	0.4312751360441718	0.21606032322984758	1.9960866928139143	2.99	1.17	1
"100 kb / 10 kb
(fine-scale)"	p95	600	0.8113832697174165	0.015776318129761675	51.43045817431634	3.07	1.2100000000000009	1
"100 kb / 10 kb
(fine-scale)"	p99	120	0.9221428988105799	0.020387465593100326	45.230874558663054	2.97	0.14000000000000057	1
"2 Mb / 200 kb
(conventional)"	All SNPs	12000	0.42275011425982323	0.1849374681207228	2.285908413020243	2.8	0.40000000000000036	1
"2 Mb / 200 kb
(conventional)"	p95	600	0.8126873625439316	0.004149608054935186	195.8467768003755	4.8	2.3999999999999986	1
"2 Mb / 200 kb
(conventional)"	p99	120	0.9235807663624717	0.006869315303932411	134.45019270461472	4.8	2.1999999999999993	1
"500 kb / 50 kb
(medium)"	All SNPs	12000	0.4176412470636302	0.20779549201489345	2.009866734903452	2.9	0.4499999999999993	1
"500 kb / 50 kb
(medium)"	p95	600	0.8126723310414666	0.009212391409410386	88.21513274081344	3.4	1.6999999999999993	1
"500 kb / 50 kb
(medium)"	p99	120	0.9248015386128583	0.00907666492399583	101.88781301907221	3.35	0.6999999999999993	1
"100 kb / 10 kb
(fine-scale)"	All SNPs	12000	0.4222850369278565	0.21530715090769195	1.9613144995304945	2.96	0.6400000000000006	1
"100 kb / 10 kb
(fine-scale)"	p95	600	0.8114480636071677	0.018171802894121455	44.654240877203755	3.08	1.5199999999999996	1
"100 kb / 10 kb
(fine-scale)"	p99	120	0.9250039710989351	0.021252832045000808	43.52379810560442	3.01	1.2600000000000016	1
"2 Mb / 200 kb
(conventional)"	All SNPs	12000	0.43521275838618967	0.1887732485010356	2.305478990492671	2.8	0.40000000000000036	1
"2 Mb / 200 kb
(conventional)"	p95	600	0.8156455678001363	0.007183807855855332	113.5394465116888	4.8	2.3999999999999986	1
"2 Mb / 200 kb
(conventional)"	p99	120	0.9250423631357717	0.004283817942842379	215.9387666512251	4.8	2.1999999999999993	1
"500 kb / 50 kb
(medium)"	All SNPs	12000	0.4271605766376515	0.2098056402321087	2.0359823318623955	2.95	0.4499999999999993	1
"500 kb / 50 kb
(medium)"	p95	600	0.8161717204519394	0.010205271755594207	79.97550089781194	3.4	1.6999999999999993	1
"500 kb / 50 kb
(medium)"	p99	120	0.9251548984602566	0.008262318097395418	111.97280079931792	3.35	1.6999999999999993	1
"100 kb / 10 kb
(fine-scale)"	All SNPs	12000	0.43227142736335755	0.21711868761679465	1.990945284849448	2.98	0.22000000000000064	1
"100 kb / 10 kb
(fine-scale)"	p95	600	0.8156636608110815	0.017330975207518022	47.063921738071265	3.08	1.3900000000000006	1
"100 kb / 10 kb
(fine-scale)"	p99	120	0.9245746636509007	0.020604690720473006	44.87204764166807	2.99	0.7699999999999996	1
"2 Mb / 200 kb
(conventional)"	All SNPs	12000	0.43029026417037536	0.18528711258338917	2.3222892200704006	2.8	0.40000000000000036	1
"2 Mb / 200 kb
(conventional)"	p95	600	0.8153722246279473	0.15733985377543794	5.182235810335002	4.8	2.3999999999999986	1
"2 Mb / 200 kb
(conventional)"	p99	120	0.9171628001142225	0.002734311567490712	335.427319629089	4.8	1.3999999999999986	1
"500 kb / 50 kb
(medium)"	All SNPs	12000	0.4231523679409031	0.2071254979617126	2.0429757422677306	2.9	0.9499999999999993	1
"500 kb / 50 kb
(medium)"	p95	600	0.8142014652198359	0.008691645842717872	93.67632781563447	3.4	1.6499999999999986	1
"500 kb / 50 kb
(medium)"	p99	120	0.9169846577499774	0.007104477140018278	129.0713784670744	3.35	0.5	1
"100 kb / 10 kb
(fine-scale)"	All SNPs	12000	0.4284796473147302	0.21485426724767373	1.9942803687524593	2.97	0.4299999999999997	1
"100 kb / 10 kb
(fine-scale)"	p95	600	0.8137022331210267	0.015574730122807181	52.245029397296896	3.08	1.3399999999999999	1
"100 kb / 10 kb
(fine-scale)"	p99	120	0.9179408554757732	0.015790737641989128	58.131600707168865	2.96	0.5399999999999991	1
"2 Mb / 200 kb
(conventional)"	All SNPs	12000	0.4247664519378344	0.1851030980797103	2.294756037821251	2.8	0.1999999999999993	1
"2 Mb / 200 kb
(conventional)"	p95	600	0.8127527977775716	0.21315471548509357	3.812971230441343	4.8	2.4000000000000004	1
"2 Mb / 200 kb
(conventional)"	p99	120	0.9211276578613296	0.0076833647559098	119.88597276379824	4.8	2.3999999999999986	1
"500 kb / 50 kb
(medium)"	All SNPs	12000	0.4245052948531818	0.20931176553073974	2.0281004929502564	2.9	0.9499999999999993	1
"500 kb / 50 kb
(medium)"	p95	600	0.8120885235184319	0.005436135331419143	149.3871057302082	3.4	1.0	1
"500 kb / 50 kb
(medium)"	p99	120	0.9209984343020189	0.008489422139391195	108.48776503038484	3.3	1.6499999999999986	1
"100 kb / 10 kb
(fine-scale)"	All SNPs	12000	0.4281473464761285	0.2166967787233488	1.9757900832606894	2.97	1.0099999999999998	1
"100 kb / 10 kb
(fine-scale)"	p95	600	0.811787853491247	0.015149144490878537	53.58638264887058	3.07	1.17	1
"100 kb / 10 kb
(fine-scale)"	p99	120	0.9194748970891427	0.01958976097043992	46.93650415013177	2.92	0.25	1
"2 Mb / 200 kb
(conventional)"	All SNPs	12000	0.4277249810520049	0.1864574550433761	2.293954837861013	2.8	0.1999999999999993	1
"2 Mb / 200 kb
(conventional)"	p95	600	0.8210713038548377	0.29669620201703667	2.7673805673039618	11.2	2.3999999999999986	1
"2 Mb / 200 kb
(conventional)"	p99	120	0.935876208922305	0.010585529420357996	88.4109024459784	4.8	2.4000000000000004	1
"500 kb / 50 kb
(medium)"	All SNPs	12000	0.4273268116712128	0.20975046857664334	2.0373104030280937	2.95	0.8499999999999996	1
"500 kb / 50 kb
(medium)"	p95	600	0.82182385952271	0.027438013740553668	29.952017201159347	9.75	1.6999999999999993	1
"500 kb / 50 kb
(medium)"	p99	120	0.9353785647221506	0.012752988542379096	73.34583275236393	3.4	1.6999999999999993	1
"100 kb / 10 kb
(fine-scale)"	All SNPs	12000	0.4325115086792833	0.2173344346723977	1.9900735441727673	2.99	0.25	1
"100 kb / 10 kb
(fine-scale)"	p95	600	0.8213399461670388	0.01601310010776485	51.29175116870505	9.41	0.2699999999999996	1
"100 kb / 10 kb
(fine-scale)"	p99	120	0.933238172515798	0.021433470806852546	43.54115956886601	3.03	0.75	1
"2 Mb / 200 kb
(conventional)"	All SNPs	12000	0.426857340543109	0.18666820523917338	2.286716904982223	2.8	0.40000000000000036	1
"2 Mb / 200 kb
(conventional)"	p95	600	0.8138823682826426	0.0053943524332208705	150.87675089050273	4.8	2.3999999999999986	1
"2 Mb / 200 kb
(conventional)"	p99	120	0.9198218049697054	0.012199727735656443	75.39691252955751	4.8	2.1999999999999993	1
"500 kb / 50 kb
(medium)"	All SNPs	12000	0.41991303938966185	0.20833433639452897	2.0155728847042282	2.9	1.25	1
"500 kb / 50 kb
(medium)"	p95	600	0.8141547390241561	0.008776217601269603	92.76829449925869	3.4	1.6999999999999993	1
"500 kb / 50 kb
(medium)"	p99	120	0.9189836179069941	0.015379590080949176	59.753453315075454	3.4	1.3999999999999986	1
"100 kb / 10 kb
(fine-scale)"	All SNPs	12000	0.42606695626292396	0.21615950357414518	1.9710766781844413	2.98	0.9000000000000004	1
"100 kb / 10 kb
(fine-scale)"	p95	600	0.8138117982084162	0.018534000560472406	43.90912774352874	3.07	1.5399999999999991	1
"100 kb / 10 kb
(fine-scale)"	p99	120	0.9185606304334052	0.02360332048907047	38.91658509906457	3.05	1.1900000000000013	1
"2 Mb / 200 kb
(conventional)"	All SNPs	12000	0.4305194641839941	0.18746902165684293	2.2964832289574146	2.8	0.40000000000000036	1
"2 Mb / 200 kb
(conventional)"	p95	600	0.8143293269136943	0.010300726644365897	79.05552249161968	4.8	2.3999999999999986	1
"2 Mb / 200 kb
(conventional)"	p99	120	0.9275783456189212	0.006472719647154702	143.30581211356323	4.6	2.3999999999999986	1
"500 kb / 50 kb
(medium)"	All SNPs	12000	0.42688920878728315	0.2097749557370144	2.0349865277648074	2.95	0.5999999999999996	1
"500 kb / 50 kb
(medium)"	p95	600	0.8138793286872089	0.011510650116598431	70.70663432933208	3.4	1.6999999999999993	1
"500 kb / 50 kb
(medium)"	p99	120	0.9279289887443526	0.009233915192290264	100.49139172505231	3.3	0.15000000000000036	1
"100 kb / 10 kb
(fine-scale)"	All SNPs	12000	0.4305303063702774	0.21693144412919396	1.9846376264100938	3.0	0.6899999999999995	1
"100 kb / 10 kb
(fine-scale)"	p95	600	0.8141015821536988	0.016199742417395028	50.253983129974294	3.08	0.6500000000000004	1
"100 kb / 10 kb
(fine-scale)"	p99	120	0.9278780526976921	0.021157701917931284	43.855332507133475	2.97	0.25	1
"2 Mb / 200 kb
(conventional)"	All SNPs	12000	0.43822391877377315	0.18780727827342011	2.3333702655324293	2.8	0.1999999999999993	1
"2 Mb / 200 kb
(conventional)"	p95	600	0.8099807692482794	0.37269570704368593	2.1733031906196243	4.8	2.4000000000000004	1
"2 Mb / 200 kb
(conventional)"	p99	120	0.9269136656800909	0.007270847416845623	127.48358101045424	4.8	2.3999999999999986	1
"500 kb / 50 kb
(medium)"	All SNPs	12000	0.4317017116548291	0.20830768513249534	2.072423354809222	2.95	0.5999999999999996	1
"500 kb / 50 kb
(medium)"	p95	600	0.8165758685430291	0.009176045980248423	88.98994951646068	3.4	1.6999999999999993	1
"500 kb / 50 kb
(medium)"	p99	120	0.9291258298546875	0.012306902599708376	75.49631780434372	3.4	1.6999999999999993	1
"100 kb / 10 kb
(fine-scale)"	All SNPs	12000	0.43445357306161186	0.21496251547197395	2.0210666594951268	2.97	0.6199999999999992	1
"100 kb / 10 kb
(fine-scale)"	p95	600	0.8168581660759329	0.020707590667901288	39.447281877275074	3.08	1.5399999999999991	1
"100 kb / 10 kb
(fine-scale)"	p99	120	0.9292227524198942	0.025314779800781374	36.706728627803926	3.04	1.5399999999999991	1
"2 Mb / 200 kb
(conventional)"	All SNPs	12000	0.4271127151256195	0.18639050074972072	2.2914940053685084	2.8	0.0	1
"2 Mb / 200 kb
(conventional)"	p95	600	0.8101419688163076	0.26822500879182776	3.0203819265975578	4.8	2.1999999999999993	1
"2 Mb / 200 kb
(conventional)"	p99	120	0.9236080385047536	0.007415891116018136	124.54444436350795	4.8	1.8000000000000007	1
"500 kb / 50 kb
(medium)"	All SNPs	12000	0.42244087633246274	0.20827806231817095	2.0282543040328997	3.0	0.75	1
"500 kb / 50 kb
(medium)"	p95	600	0.8106384706874479	0.0067739118251026135	119.67065583632218	3.4	1.6999999999999993	1
"500 kb / 50 kb
(medium)"	p99	120	0.9236572937639529	0.011134468474965893	82.95477200736178	3.4	0.8000000000000007	1
"100 kb / 10 kb
(fine-scale)"	All SNPs	12000	0.42358618798671654	0.21498179656975178	1.9703351388138677	2.98	0.3200000000000003	1
"100 kb / 10 kb
(fine-scale)"	p95	600	0.8091087626587866	0.01952645768784049	41.43653578102057	3.07	1.5199999999999996	1
"100 kb / 10 kb
(fine-scale)"	p99	120	0.9244490793994306	0.018224356741132573	50.72601971804793	3.02	0.8699999999999992	1
"2 Mb / 200 kb
(conventional)"	All SNPs	12000	0.42967425399184916	0.1868588134521259	2.299459394255084	2.8	0.1999999999999993	1
"2 Mb / 200 kb
(conventional)"	p95	600	0.8164622419970681	0.0059401600997242955	137.44785128518052	4.8	2.0	1
"2 Mb / 200 kb
(conventional)"	p99	120	0.9309107465500315	0.007019399483191278	132.61971323603956	4.6	0.1999999999999993	1
"500 kb / 50 kb
(medium)"	All SNPs	12000	0.42732164899403646	0.20952330080702716	2.0394946402052128	2.9	0.4499999999999993	1
"500 kb / 50 kb
(medium)"	p95	600	0.8163544257323292	0.008985058974432155	90.85688007784299	3.4	1.1499999999999986	1
"500 kb / 50 kb
(medium)"	p99	120	0.9323236593284772	0.01372401522541801	67.93373834224089	3.25	0.0	1
"100 kb / 10 kb
(fine-scale)"	All SNPs	12000	0.4320226254025095	0.21711247425659055	1.9898563031985494	2.97	0.5700000000000003	1
"100 kb / 10 kb
(fine-scale)"	p95	600	0.8171168891765381	0.015704665661822673	52.03019960895519	3.06	0.5899999999999999	1
"100 kb / 10 kb
(fine-scale)"	p99	120	0.9332220527152044	0.024045176612028058	38.811195599552434	2.92	0.1899999999999995	1
"2 Mb / 200 kb
(conventional)"	All SNPs	12000	0.43704052639477625	0.1892402385375231	2.3094481901539066	2.8	0.1999999999999993	1
"2 Mb / 200 kb
(conventional)"	p95	600	0.8110480587209716	0.013467061207280128	60.2245765603656	4.8	2.4000000000000004	1
"2 Mb / 200 kb
(conventional)"	p99	120	0.9252825491058013	0.006781475553846146	136.4426579081337	4.8	2.4000000000000004	1
"500 kb / 50 kb
(medium)"	All SNPs	12000	0.4290545868646077	0.2107926052929429	2.0354347168314635	3.0	0.8000000000000007	1
"500 kb / 50 kb
(medium)"	p95	600	0.8145927356355772	0.006681017259533556	121.92645281273364	3.4	1.6999999999999993	1
"500 kb / 50 kb
(medium)"	p99	120	0.9240573339776725	0.01206725669202591	76.57559274331946	3.4	1.6999999999999993	1
"100 kb / 10 kb
(fine-scale)"	All SNPs	12000	0.43104586332195016	0.21787858368695723	1.9783764701778428	2.98	0.22000000000000064	1
"100 kb / 10 kb
(fine-scale)"	p95	600	0.8140760708778016	0.017228920575206034	47.250555676095594	3.08	1.5299999999999994	1
"100 kb / 10 kb
(fine-scale)"	p99	120	0.9215158513434705	0.02182592902063842	42.221151295419894	3.01	1.08	1
"2 Mb / 200 kb
(conventional)"	All SNPs	12000	0.438570230438189	0.19081210087292574	2.2984403422624733	2.8	0.40000000000000036	1
"2 Mb / 200 kb
(conventional)"	p95	600	0.8148753447362723	0.007639158105342498	106.67083119622615	4.8	1.8000000000000007	1
"2 Mb / 200 kb
(conventional)"	p99	120	0.9229250360127871	0.008019212380061345	115.08923723076741	4.6	0.1999999999999993	1
"500 kb / 50 kb
(medium)"	All SNPs	12000	0.43080503402510917	0.21258858959667168	2.0264729863556794	2.95	1.1500000000000004	1
"500 kb / 50 kb
(medium)"	p95	600	0.8154974578152068	0.008798192053093287	92.68920852079974	3.4	0.6999999999999993	1
"500 kb / 50 kb
(medium)"	p99	120	0.9233028050753731	0.010685092341726488	86.41037209100868	3.25	0.40000000000000036	1
"100 kb / 10 kb
(fine-scale)"	All SNPs	12000	0.4333091105396623	0.2193643353332109	1.975294251371686	2.98	1.1899999999999995	1
"100 kb / 10 kb
(fine-scale)"	p95	600	0.8164863449195824	0.01493275961873288	54.67752550542064	3.06	0.5199999999999996	1
"100 kb / 10 kb
(fine-scale)"	p99	120	0.9241301524601415	0.01765531286463928	52.34289301726417	2.89	1.0799999999999983	1
"2 Mb / 200 kb
(conventional)"	All SNPs	12000	0.434137343191443	0.18854580633512583	2.3025563476060396	2.8	0.0	1
"2 Mb / 200 kb
(conventional)"	p95	600	0.8146114890868617	0.5396565599022823	1.509499836774645	4.8	1.0	1
"2 Mb / 200 kb
(conventional)"	p99	120	0.9298852402522018	0.006991914468779882	132.9943671943216	4.6	1.1999999999999993	1
"500 kb / 50 kb
(medium)"	All SNPs	12000	0.43020627643878917	0.20952750053078575	2.053221058567342	2.9	0.3000000000000007	1
"500 kb / 50 kb
(medium)"	p95	600	0.8153185339026481	0.44285603139191504	1.84104647133306	3.4	0.5	1
"500 kb / 50 kb
(medium)"	p99	120	0.9285411444748268	0.011511966636102162	80.65877654325983	3.3	0.8000000000000007	1
"100 kb / 10 kb
(fine-scale)"	All SNPs	12000	0.43359751491418186	0.21655500114018986	2.0022512185414114	2.97	0.7799999999999994	1
"100 kb / 10 kb
(fine-scale)"	p95	600	0.8158656245704199	0.018606263097340203	43.848978180204774	3.07	0.5800000000000001	1
"100 kb / 10 kb
(fine-scale)"	p99	120	0.9302076120870663	0.018825044130670203	49.41330313120224	2.95	0.25	1
"2 Mb / 200 kb
(conventional)"	All SNPs	12000	0.43056594554653316	0.1857403168514159	2.318107090831373	2.8	0.1999999999999993	1
"2 Mb / 200 kb
(conventional)"	p95	600	0.8142818534024093	0.006287232847135421	129.51355122363745	4.8	0.1999999999999993	1
"2 Mb / 200 kb
(conventional)"	p99	120	0.9264934122075155	0.00816629512865528	113.45333442046179	4.8	0.8000000000000007	1
"500 kb / 50 kb
(medium)"	All SNPs	12000	0.4301748758875716	0.20895997507441452	2.05864723966577	3.0	0.5	1
"500 kb / 50 kb
(medium)"	p95	600	0.8150945584663987	0.008398570627213388	97.05158111373099	3.4	1.0	1
"500 kb / 50 kb
(medium)"	p99	120	0.9279008531980103	0.014153969672928575	65.55764033978038	3.35	0.15000000000000036	1
"100 kb / 10 kb
(fine-scale)"	All SNPs	12000	0.43155484842859954	0.21580787877473567	1.9997177622929356	3.0	1.1400000000000006	1
"100 kb / 10 kb
(fine-scale)"	p95	600	0.816357602283274	0.01650162768797764	49.47133808369924	3.08	1.0599999999999987	1
"100 kb / 10 kb
(fine-scale)"	p99	120	0.9302196319105104	0.022008120736645067	42.267108720538296	2.97	0.34999999999999964	1
"2 Mb / 200 kb
(conventional)"	All SNPs	12000	0.43667590110237425	0.1875927416927454	2.327786763826915	2.8	0.40000000000000036	1
"2 Mb / 200 kb
(conventional)"	p95	600	0.8169558106407425	0.00902464349758235	90.52499534852544	4.8	2.3999999999999986	1
"2 Mb / 200 kb
(conventional)"	p99	120	0.9266681213164253	0.005861822576093744	158.08532402458812	4.6	0.1999999999999993	1
"500 kb / 50 kb
(medium)"	All SNPs	12000	0.43130270724576214	0.21010528878348045	2.0527931959401173	2.95	0.09999999999999964	1
"500 kb / 50 kb
(medium)"	p95	600	0.8187456624463769	0.01239095692967721	66.07606394671777	3.4	1.6999999999999993	1
"500 kb / 50 kb
(medium)"	p99	120	0.9272863851964969	0.008147667583135055	113.81004143024894	3.3	0.0	1
"100 kb / 10 kb
(fine-scale)"	All SNPs	12000	0.4339932776425981	0.21725983479026267	1.9975771318318667	2.99	0.3200000000000003	1
"100 kb / 10 kb
(fine-scale)"	p95	600	0.8191679018964001	0.01677523904691068	48.831965947290485	3.06	1.5100000000000016	1
"100 kb / 10 kb
(fine-scale)"	p99	120	0.9284800897379127	0.017652971983173497	52.59624785123568	2.95	0.7699999999999996	1
"2 Mb / 200 kb
(conventional)"	All SNPs	12000	0.4292472906649698	0.18627768295341218	2.3043409379980533	2.8	0.40000000000000036	1
"2 Mb / 200 kb
(conventional)"	p95	600	0.8125998497335494	0.30809652026015155	2.637484672165085	4.8	0.1999999999999993	1
"2 Mb / 200 kb
(conventional)"	p99	120	0.9237988296181726	0.006965314230445416	132.62844992408876	4.6	1.1999999999999993	1
"500 kb / 50 kb
(medium)"	All SNPs	12000	0.42486867649345883	0.20902007912559142	2.032669197480176	2.95	0.1999999999999993	1
"500 kb / 50 kb
(medium)"	p95	600	0.8137269135864108	0.010108322241665588	80.50068984072374	3.4	0.15000000000000036	1
"500 kb / 50 kb
(medium)"	p99	120	0.9239447685712394	0.00945890429841096	97.67989393089184	3.25	0.6500000000000004	1
"100 kb / 10 kb
(fine-scale)"	All SNPs	12000	0.427864283199802	0.2157449836273765	1.9831945846712566	2.98	0.40000000000000036	1
"100 kb / 10 kb
(fine-scale)"	p95	600	0.814466565203311	0.01756603743983813	46.365981399776416	3.06	1.1400000000000006	1
"100 kb / 10 kb
(fine-scale)"	p99	120	0.9249744496152358	0.021493329007443992	43.035420399272745	2.9	0.75	1
"2 Mb / 200 kb
(conventional)"	All SNPs	12000	0.4339619901063154	0.187109373921236	2.3192958268835446	2.8	0.0	1
"2 Mb / 200 kb
(conventional)"	p95	600	0.8084596952752654	0.542192307202701	1.491093998449187	4.8	1.5999999999999996	1
"2 Mb / 200 kb
(conventional)"	p99	120	0.9369552964049792	0.01658439987445449	56.496183370988476	4.8	2.4000000000000004	1
"500 kb / 50 kb
(medium)"	All SNPs	12000	0.42855350293653577	0.20923157770685455	2.0482257393143772	2.9	0.8000000000000007	1
"500 kb / 50 kb
(medium)"	p95	600	0.8196371507315158	0.006327178803578414	129.54227724178742	3.4	0.8499999999999996	1
"500 kb / 50 kb
(medium)"	p99	120	0.9355688500506812	0.01471489543688245	63.57971445082141	3.3	1.6500000000000004	1
"100 kb / 10 kb
(fine-scale)"	All SNPs	12000	0.4362385048978322	0.2173649334732012	2.006940576510313	2.98	0.8200000000000003	1
"100 kb / 10 kb
(fine-scale)"	p95	600	0.8198735705181794	0.01616735820302134	50.71165989041811	3.04	0.16999999999999993	1
"100 kb / 10 kb
(fine-scale)"	p99	120	0.9344612571690905	0.025402393058337896	36.786347452503875	2.98	1.4900000000000002	1
"2 Mb / 200 kb
(conventional)"	All SNPs	12000	0.43236504243112106	0.18700443735507094	2.312057663156819	2.8	0.40000000000000036	1
"2 Mb / 200 kb
(conventional)"	p95	600	0.8147887222277757	0.5448650155310909	1.4953955548670796	4.8	2.3999999999999986	1
"2 Mb / 200 kb
(conventional)"	p99	120	0.9236274794819792	0.006577436926719386	140.42361633753512	4.8	2.3999999999999986	1
"500 kb / 50 kb
(medium)"	All SNPs	12000	0.4293239340137031	0.2091564482271849	2.0526449825126747	2.95	1.1999999999999993	1
"500 kb / 50 kb
(medium)"	p95	600	0.8146302612911772	0.008792489669896875	92.65069302045957	3.4	1.6499999999999986	1
"500 kb / 50 kb
(medium)"	p99	120	0.9242833100662657	0.009802542181260792	94.29016401818589	3.35	1.6000000000000014	1
"100 kb / 10 kb
(fine-scale)"	All SNPs	12000	0.4330015595820084	0.2162402588028165	2.00240955120596	2.99	0.4499999999999993	1
"100 kb / 10 kb
(fine-scale)"	p95	600	0.8143354709787474	0.016903169982858464	48.17649421999344	3.08	1.4200000000000017	1
"100 kb / 10 kb
(fine-scale)"	p99	120	0.9248733087856364	0.01996952334628486	46.314240592913315	3.01	0.6500000000000004	1
